person_id,name,slug,source_reference_count,generated_reference_count,evidence_tier,validation
Aaron_1,Aaron,aaron,327,327,EXTENSIVE,MATCH
Abagtha_1,Abagtha,abagtha,1,1,SINGLE,MATCH
Abda_1,Abda,abda,1,1,SINGLE,MATCH
Abdeel_1,Abdeel,abdeel,1,1,SINGLE,MATCH
Abdi_1,Abdi,abdi-1,2,2,LIMITED,MATCH
Abdi_2,Abdi,abdi-2,1,1,SINGLE,MATCH
Abdiel_1,Abdiel,abdiel,1,1,SINGLE,MATCH
Abdon_1,Abdon,abdon-1,2,2,LIMITED,MATCH
Abdon_2,Abdon,abdon-2,1,1,SINGLE,MATCH
Abdon_3,Abdon,abdon-3,2,2,LIMITED,MATCH
Abel_1,Abel,abel,9,9,MODERATE,MATCH
Abi_1,Abi,abi,2,2,LIMITED,MATCH
Abi-albon_1,Abi-albon,abi-albon,2,2,LIMITED,MATCH
Abiasaph_1,Abiasaph,abiasaph,3,3,LIMITED,MATCH
Abiathar_1,Abiathar,abiathar,29,29,RICH,MATCH
Abida_1,Abida,abida,2,2,LIMITED,MATCH
Abidan_1,Abidan,abidan,5,5,LIMITED,MATCH
Abiel_1,Abiel,abiel,2,2,LIMITED,MATCH
Abiezer_1,Abiezer,abiezer-1,3,3,LIMITED,MATCH
Abiezer_2,Abiezer,abiezer-2,1,1,SINGLE,MATCH
Abigail_1,Abigail,abigail-1,14,14,MODERATE,MATCH
Abigail_2,Abigail,abigail-2,3,3,LIMITED,MATCH
Abihail_1,Abihail,abihail-1,1,1,SINGLE,MATCH
Abihail_2,Abihail,abihail-2,1,1,SINGLE,MATCH
Abihail_3,Abihail,abihail-3,1,1,SINGLE,MATCH
Abihail_4,Abihail,abihail-4,1,1,SINGLE,MATCH
Abihail_5,Abihail,abihail-5,2,2,LIMITED,MATCH
Abihu_1,Abihu,abihu,12,12,MODERATE,MATCH
Abihud_1,Abihud,abihud-1,1,1,SINGLE,MATCH
Abihud_2,Abihud,abihud-2,1,1,SINGLE,MATCH
Abijah_1,Abijah,abijah-1,2,2,LIMITED,MATCH
Abijah_2,Abijah,abijah-2,1,1,SINGLE,MATCH
Abijah_3,Abijah,abijah-3,1,1,SINGLE,MATCH
Abijah_4,Abijah,abijah-4,1,1,SINGLE,MATCH
Abijah_5,Abijah,abijah-5,2,2,LIMITED,MATCH
Abijah_6,Abijah,abijah-6,3,3,LIMITED,MATCH
Abijam_1,Abijam,abijam,20,20,MODERATE,MATCH
Abimael_1,Abimael,abimael,2,2,LIMITED,MATCH
Abimelech_1,Abimelech,abimelech-1,23,23,MODERATE,MATCH
Abimelech_2,Abimelech,abimelech-2,36,36,RICH,MATCH
Abimelech_3,Abimelech,abimelech-3,1,1,SINGLE,MATCH
Abinadab_1,Abinadab,abinadab-1,4,4,LIMITED,MATCH
Abinadab_2,Abinadab,abinadab-2,3,3,LIMITED,MATCH
Abinoam_1,Abinoam,abinoam,4,4,LIMITED,MATCH
Abiram_1,Abiram,abiram-1,8,8,MODERATE,MATCH
Abiram_2,Abiram,abiram-2,1,1,SINGLE,MATCH
Abishag_1,Abishag,abishag,5,5,LIMITED,MATCH
Abishai_1,Abishai,abishai,24,24,MODERATE,MATCH
Abishalom_1,Abishalom,abishalom,5,5,LIMITED,MATCH
Abishua_1,Abishua,abishua-1,4,4,LIMITED,MATCH
Abishua_2,Abishua,abishua-2,1,1,SINGLE,MATCH
Abishur_1,Abishur,abishur,2,2,LIMITED,MATCH
Abital_1,Abital,abital,2,2,LIMITED,MATCH
Abitub_1,Abitub,abitub,1,1,SINGLE,MATCH
Abner_1,Abner,abner,52,52,RICH,MATCH
Abram_1,Abram,abram,259,259,EXTENSIVE,MATCH
Absalom_1,Absalom,absalom,88,88,RICH,MATCH
Achaicus_1,Achaicus,achaicus,1,1,SINGLE,MATCH
Achan_1,Achan,achan,7,7,LIMITED,MATCH
Achbor_1,Achbor,achbor-1,3,3,LIMITED,MATCH
Achbor_2,Achbor,achbor-2,5,5,LIMITED,MATCH
Achim_1,Achim,achim,1,1,SINGLE,MATCH
Achish_1,Achish,achish,21,21,MODERATE,MATCH
Achsah_1,Achsah,achsah-1,4,4,LIMITED,MATCH
Achsah_2,Achsah,achsah-2,1,1,SINGLE,MATCH
Adah_1,Adah,adah,8,8,MODERATE,MATCH
Adaiah_1,Adaiah,adaiah-1,1,1,SINGLE,MATCH
Adaiah_2,Adaiah,adaiah-2,1,1,SINGLE,MATCH
Adaiah_3,Adaiah,adaiah-3,1,1,SINGLE,MATCH
Adaiah_4,Adaiah,adaiah-4,1,1,SINGLE,MATCH
Adaiah_5,Adaiah,adaiah-5,1,1,SINGLE,MATCH
Adaiah_6,Adaiah,adaiah-6,1,1,SINGLE,MATCH
Adaiah_7,Adaiah,adaiah-7,1,1,SINGLE,MATCH
Adaiah_8,Adaiah,adaiah-8,1,1,SINGLE,MATCH
Adaiah_9,Adaiah,adaiah-9,1,1,SINGLE,MATCH
Adalia_1,Adalia,adalia,1,1,SINGLE,MATCH
Adam_1,Adam,adam,18,18,MODERATE,MATCH
Adbeel_1,Adbeel,adbeel,2,2,LIMITED,MATCH
Addi_1,Addi,addi,1,1,SINGLE,MATCH
Adiel_1,Adiel,adiel-1,1,1,SINGLE,MATCH
Adiel_2,Adiel,adiel-2,2,2,LIMITED,MATCH
Adin_1,Adin,adin,4,4,LIMITED,MATCH
Adina_1,Adina,adina,1,1,SINGLE,MATCH
Adlai_1,Adlai,adlai,1,1,SINGLE,MATCH
Admatha_1,Admatha,admatha,1,1,SINGLE,MATCH
Admin_1,Admin,admin,1,1,SINGLE,MATCH
Adna_1,Adna,adna-1,1,1,SINGLE,MATCH
Adna_2,Adna,adna-2,1,1,SINGLE,MATCH
Adnah_1,Adnah,adnah-1,1,1,SINGLE,MATCH
Adnah_2,Adnah,adnah-2,1,1,SINGLE,MATCH
Adoni-bezek_1,Adoni-bezek,adoni-bezek,3,3,LIMITED,MATCH
Adoni-zedek_1,Adoni-zedek,adoni-zedek,7,7,LIMITED,MATCH
Adonijah_1,Adonijah,adonijah-1,24,24,MODERATE,MATCH
Adonijah_2,Adonijah,adonijah-2,1,1,SINGLE,MATCH
Adonijah_3,Adonijah,adonijah-3,1,1,SINGLE,MATCH
Adonikam_1,Adonikam,adonikam,3,3,LIMITED,MATCH
Adoniram_1,Adoniram,adoniram,2,2,LIMITED,MATCH
Adoram_1,Adoram,adoram,3,3,LIMITED,MATCH
Adrammelech_1,Adrammelech,adrammelech,2,2,LIMITED,MATCH
Adriel_1,Adriel,adriel,2,2,LIMITED,MATCH
Aeneas_1,Aeneas,aeneas,2,2,LIMITED,MATCH
Agabus_1,Agabus,agabus,2,2,LIMITED,MATCH
Agag_1,Agag,agag-1,1,1,SINGLE,MATCH
Agag_2,Agag,agag-2,5,5,LIMITED,MATCH
Agee_1,Agee,agee,1,1,SINGLE,MATCH
Agrippa_1,Agrippa,agrippa,11,11,MODERATE,MATCH
Agur_1,Agur,agur,1,1,SINGLE,MATCH
Ahab_1,Ahab,ahab-1,119,119,EXTENSIVE,MATCH
Ahab_2,Ahab,ahab-2,2,2,LIMITED,MATCH
Aharhel_1,Aharhel,aharhel,1,1,SINGLE,MATCH
Ahasbai_1,Ahasbai,ahasbai,2,2,LIMITED,MATCH
Ahasuerus_1,Ahasuerus,ahasuerus,30,30,RICH,MATCH
Ahaz_1,Ahaz,ahaz-1,37,37,RICH,MATCH
Ahaz_2,Ahaz,ahaz-2,3,3,LIMITED,MATCH
Ahaziah_1,Ahaziah,ahaziah-1,9,9,MODERATE,MATCH
Ahaziah_2,Ahaziah,ahaziah-2,25,25,RICH,MATCH
Ahban_1,Ahban,ahban,1,1,SINGLE,MATCH
Ahi_1,Ahi,ahi-1,1,1,SINGLE,MATCH
Ahi_2,Ahi,ahi-2,1,1,SINGLE,MATCH
Ahiah_1,Ahiah,ahiah,1,1,SINGLE,MATCH
Ahiam_1,Ahiam,ahiam,2,2,LIMITED,MATCH
Ahian_1,Ahian,ahian,1,1,SINGLE,MATCH
Ahiezer_1,Ahiezer,ahiezer-1,5,5,LIMITED,MATCH
Ahiezer_2,Ahiezer,ahiezer-2,1,1,SINGLE,MATCH
Ahihud_1,Ahihud,ahihud-1,1,1,SINGLE,MATCH
Ahihud_2,Ahihud,ahihud-2,1,1,SINGLE,MATCH
Ahijah_1,Ahijah,ahijah-1,15,15,MODERATE,MATCH
Ahijah_2,Ahijah,ahijah-2,1,1,SINGLE,MATCH
Ahijah_3,Ahijah,ahijah-3,3,3,LIMITED,MATCH
Ahijah_4,Ahijah,ahijah-4,1,1,SINGLE,MATCH
Ahijah_5,Ahijah,ahijah-5,1,1,SINGLE,MATCH
Ahijah_6,Ahijah,ahijah-6,1,1,SINGLE,MATCH
Ahikam_1,Ahikam,ahikam,20,20,MODERATE,MATCH
Ahilud_1,Ahilud,ahilud-1,4,4,LIMITED,MATCH
Ahilud_2,Ahilud,ahilud-2,1,1,SINGLE,MATCH
Ahimaaz_1,Ahimaaz,ahimaaz-1,1,1,SINGLE,MATCH
Ahimaaz_2,Ahimaaz,ahimaaz-2,13,13,MODERATE,MATCH
Ahimaaz_3,Ahimaaz,ahimaaz-3,1,1,SINGLE,MATCH
Ahiman_1,Ahiman,ahiman-1,2,2,LIMITED,MATCH
Ahiman_2,Ahiman,ahiman-2,1,1,SINGLE,MATCH
Ahimelech_1,Ahimelech,ahimelech-1,11,11,MODERATE,MATCH
Ahimelech_2,Ahimelech,ahimelech-2,1,1,SINGLE,MATCH
Ahimelech_3,Ahimelech,ahimelech-3,5,5,LIMITED,MATCH
Ahimoth_1,Ahimoth,ahimoth,1,1,SINGLE,MATCH
Ahinadab_1,Ahinadab,ahinadab,1,1,SINGLE,MATCH
Ahinoam_1,Ahinoam,ahinoam-1,1,1,SINGLE,MATCH
Ahinoam_2,Ahinoam,ahinoam-2,6,6,LIMITED,MATCH
Ahio_1,Ahio,ahio-1,3,3,LIMITED,MATCH
Ahio_2,Ahio,ahio-2,1,1,SINGLE,MATCH
Ahio_3,Ahio,ahio-3,2,2,LIMITED,MATCH
Ahira_1,Ahira,ahira,5,5,LIMITED,MATCH
Ahisamach_1,Ahisamach,ahisamach,3,3,LIMITED,MATCH
Ahishahar_1,Ahishahar,ahishahar,1,1,SINGLE,MATCH
Ahishar_1,Ahishar,ahishar,1,1,SINGLE,MATCH
Ahithophel_1,Ahithophel,ahithophel,17,17,MODERATE,MATCH
Ahitub_1,Ahitub,ahitub-1,5,5,LIMITED,MATCH
Ahitub_2,Ahitub,ahitub-2,6,6,LIMITED,MATCH
Ahitub_3,Ahitub,ahitub-3,3,3,LIMITED,MATCH
Ahitub_4,Ahitub,ahitub-4,1,1,SINGLE,MATCH
Ahlai_1,Ahlai,ahlai-1,1,1,SINGLE,MATCH
Ahlai_2,Ahlai,ahlai-2,1,1,SINGLE,MATCH
Ahoah_1,Ahoah,ahoah,1,1,SINGLE,MATCH
Ahumai_1,Ahumai,ahumai,1,1,SINGLE,MATCH
Ahuzzam_1,Ahuzzam,ahuzzam,1,1,SINGLE,MATCH
Ahuzzath_1,Ahuzzath,ahuzzath,1,1,SINGLE,MATCH
Ahzai_1,Ahzai,ahzai,1,1,SINGLE,MATCH
Aiah_1,Aiah,aiah-1,2,2,LIMITED,MATCH
Aiah_2,Aiah,aiah-2,4,4,LIMITED,MATCH
Akan_1,Akan,akan,2,2,LIMITED,MATCH
Akkub_1,Akkub,akkub-1,1,1,SINGLE,MATCH
Akkub_2,Akkub,akkub-2,6,6,LIMITED,MATCH
Akkub_3,Akkub,akkub-3,1,1,SINGLE,MATCH
Alemeth_1,Alemeth,alemeth-1,1,1,SINGLE,MATCH
Alemeth_2,Alemeth,alemeth-2,2,2,LIMITED,MATCH
Alexander_1,Alexander,alexander-1,1,1,SINGLE,MATCH
Alexander_2,Alexander,alexander-2,1,1,SINGLE,MATCH
Alexander_3,Alexander,alexander-3,1,1,SINGLE,MATCH
Alexander_4,Alexander,alexander-4,2,2,LIMITED,MATCH
Allon_1,Allon,allon,1,1,SINGLE,MATCH
Almodad_1,Almodad,almodad,2,2,LIMITED,MATCH
Alphaeus_1,Alphaeus,alphaeus,5,5,LIMITED,MATCH
Alvah_1,Alvah,alvah,2,2,LIMITED,MATCH
Alvan_1,Alvan,alvan,2,2,LIMITED,MATCH
Amal_1,Amal,amal,1,1,SINGLE,MATCH
Amalek_1,Amalek,amalek,12,12,MODERATE,MATCH
Amariah_1,Amariah,amariah-1,3,3,LIMITED,MATCH
Amariah_2,Amariah,amariah-2,2,2,LIMITED,MATCH
Amariah_3,Amariah,amariah-3,2,2,LIMITED,MATCH
Amariah_4,Amariah,amariah-4,1,1,SINGLE,MATCH
Amariah_5,Amariah,amariah-5,1,1,SINGLE,MATCH
Amariah_6,Amariah,amariah-6,3,3,LIMITED,MATCH
Amariah_7,Amariah,amariah-7,1,1,SINGLE,MATCH
Amariah_8,Amariah,amariah-8,1,1,SINGLE,MATCH
Amasa_1,Amasa,amasa-1,12,12,MODERATE,MATCH
Amasa_2,Amasa,amasa-2,1,1,SINGLE,MATCH
Amasai_1,Amasai,amasai,4,4,LIMITED,MATCH
Amashsai_1,Amashsai,amashsai,1,1,SINGLE,MATCH
Amasiah_1,Amasiah,amasiah,1,1,SINGLE,MATCH
Amaziah_1,Amaziah,amaziah-1,34,34,RICH,MATCH
Amaziah_2,Amaziah,amaziah-2,1,1,SINGLE,MATCH
Amaziah_3,Amaziah,amaziah-3,4,4,LIMITED,MATCH
Ami_1,Ami,ami,2,2,LIMITED,MATCH
Amittai_1,Amittai,amittai,2,2,LIMITED,MATCH
Ammiel_1,Ammiel,ammiel-1,1,1,SINGLE,MATCH
Ammiel_2,Ammiel,ammiel-2,3,3,LIMITED,MATCH
Ammiel_3,Ammiel,ammiel-3,1,1,SINGLE,MATCH
Ammihud_1,Ammihud,ammihud-1,6,6,LIMITED,MATCH
Ammihud_2,Ammihud,ammihud-2,1,1,SINGLE,MATCH
Ammihud_3,Ammihud,ammihud-3,1,1,SINGLE,MATCH
Ammihud_4,Ammihud,ammihud-4,1,1,SINGLE,MATCH
Ammihud_5,Ammihud,ammihud-5,1,1,SINGLE,MATCH
Amminadab_1,Amminadab,amminadab-1,11,11,MODERATE,MATCH
Amminadab_2,Amminadab,amminadab-2,2,2,LIMITED,MATCH
Ammishaddai_1,Ammishaddai,ammishaddai,5,5,LIMITED,MATCH
Ammizabad_1,Ammizabad,ammizabad,0,1,SINGLE,SPECIAL
Amnon_1,Amnon,amnon-1,21,21,MODERATE,MATCH
Amnon_2,Amnon,amnon-2,1,1,SINGLE,MATCH
Amok_1,Amok,amok,2,2,LIMITED,MATCH
Amon_1,Amon,amon-1,2,2,LIMITED,MATCH
Amon_2,Amon,amon-2,15,15,MODERATE,MATCH
Amon_3,Amon,amon-3,1,1,SINGLE,MATCH
Amor_1,Amor,amor,2,2,LIMITED,MATCH
Amos_1,Amos,amos-1,7,7,LIMITED,MATCH
Amos_2,Amos,amos-2,1,1,SINGLE,MATCH
Amoz_1,Amoz,amoz,13,13,MODERATE,MATCH
Ampliatus_1,Ampliatus,ampliatus,1,1,SINGLE,MATCH
Amram_1,Amram,amram-1,11,11,MODERATE,MATCH
Amram_2,Amram,amram-2,1,1,SINGLE,MATCH
Amraphel_1,Amraphel,amraphel,2,2,LIMITED,MATCH
Amzi_1,Amzi,amzi-1,1,1,SINGLE,MATCH
Amzi_2,Amzi,amzi-2,1,1,SINGLE,MATCH
Anah_1,Anah,anah,4,4,LIMITED,MATCH
Anaiah_1,Anaiah,anaiah-1,1,1,SINGLE,MATCH
Anaiah_2,Anaiah,anaiah-2,1,1,SINGLE,MATCH
Anak_1,Anak,anak,8,8,MODERATE,MATCH
Anam_1,Anam,anam,2,2,LIMITED,MATCH
Anan_1,Anan,anan,1,1,SINGLE,MATCH
Anani_1,Anani,anani,1,1,SINGLE,MATCH
Ananiah_1,Ananiah,ananiah,1,1,SINGLE,MATCH
Ananias_1,Ananias,ananias-1,3,3,LIMITED,MATCH
Ananias_2,Ananias,ananias-2,5,5,LIMITED,MATCH
Ananias_3,Ananias,ananias-3,2,2,LIMITED,MATCH
Anath_1,Anath,anath,2,2,LIMITED,MATCH
Anathoth_1,Anathoth,anathoth-1,1,1,SINGLE,MATCH
Anathoth_2,Anathoth,anathoth-2,1,1,SINGLE,MATCH
Andrew_1,Andrew,andrew,12,12,MODERATE,MATCH
Andronicus_1,Andronicus,andronicus,1,1,SINGLE,MATCH
Aner_1,Aner,aner,2,2,LIMITED,MATCH
Aniam_1,Aniam,aniam,1,1,SINGLE,MATCH
Anna_1,Anna,anna,1,1,SINGLE,MATCH
Annas_1,Annas,annas,4,4,LIMITED,MATCH
Anthothijah_1,Anthothijah,anthothijah,1,1,SINGLE,MATCH
Antipas_1,Antipas,antipas,1,1,SINGLE,MATCH
Anub_1,Anub,anub,1,1,SINGLE,MATCH
Apelles_1,Apelles,apelles,1,1,SINGLE,MATCH
Aphiah_1,Aphiah,aphiah,1,1,SINGLE,MATCH
Apollos_1,Apollos,apollos,10,10,MODERATE,MATCH
Appaim_1,Appaim,appaim,2,2,LIMITED,MATCH
Apphia_1,Apphia,apphia,1,1,SINGLE,MATCH
Aquila_1,Aquila,aquila,6,6,LIMITED,MATCH
Ara_1,Ara,ara,1,1,SINGLE,MATCH
Arad_1,Arad,arad,1,1,SINGLE,MATCH
Arah_1,Arah,arah-1,1,1,SINGLE,MATCH
Arah_2,Arah,arah-2,2,2,LIMITED,MATCH
Arah_3,Arah,arah-3,1,1,SINGLE,MATCH
Aram_1,Aram,aram-1,3,3,LIMITED,MATCH
Aram_2,Aram,aram-2,2,2,LIMITED,MATCH
Aram_3,Aram,aram-3,1,1,SINGLE,MATCH
Aran_1,Aran,aran,2,2,LIMITED,MATCH
Araunah_1,Araunah,araunah,17,17,MODERATE,MATCH
Arba_1,Arba,arba,1,1,SINGLE,MATCH
Archelaus_1,Archelaus,archelaus,1,1,SINGLE,MATCH
Archippus_1,Archippus,archippus,2,2,LIMITED,MATCH
Ard_1,Ard,ard,3,3,LIMITED,MATCH
Ardon_1,Ardon,ardon,1,1,SINGLE,MATCH
Areli_1,Areli,areli,2,2,LIMITED,MATCH
Aretas_1,Aretas,aretas,1,1,SINGLE,MATCH
Argob_1,Argob,argob,1,1,SINGLE,MATCH
Aridai_1,Aridai,aridai,1,1,SINGLE,MATCH
Aridatha_1,Aridatha,aridatha,1,1,SINGLE,MATCH
Arieh_1,Arieh,arieh,1,1,SINGLE,MATCH
Ariel_1,Ariel,ariel-1,2,2,LIMITED,MATCH
Ariel_2,Ariel,ariel-2,1,1,SINGLE,MATCH
Arioch_1,Arioch,arioch-1,2,2,LIMITED,MATCH
Arioch_2,Arioch,arioch-2,4,4,LIMITED,MATCH
Arisai_1,Arisai,arisai,1,1,SINGLE,MATCH
Aristarchus_1,Aristarchus,aristarchus,5,5,LIMITED,MATCH
Aristobulus_1,Aristobulus,aristobulus,1,1,SINGLE,MATCH
Armoni_1,Armoni,armoni,1,1,SINGLE,MATCH
Arnan_1,Arnan,arnan,1,1,SINGLE,MATCH
Arodi_1,Arodi,arodi,2,2,LIMITED,MATCH
Arpachshad_1,Arpachshad,arpachshad,10,10,MODERATE,MATCH
Artaxerxes_1,Artaxerxes,artaxerxes,14,14,MODERATE,MATCH
Artemas_1,Artemas,artemas,1,1,SINGLE,MATCH
Arvad_1,Arvad,arvad,2,2,LIMITED,MATCH
Arza_1,Arza,arza,1,1,SINGLE,MATCH
Asa_1,Asa,asa-1,53,53,RICH,MATCH
Asa_2,Asa,asa-2,1,1,SINGLE,MATCH
Asahel_1,Asahel,asahel-1,14,14,MODERATE,MATCH
Asahel_2,Asahel,asahel-2,1,1,SINGLE,MATCH
Asahel_3,Asahel,asahel-3,1,1,SINGLE,MATCH
Asahel_4,Asahel,asahel-4,1,1,SINGLE,MATCH
Asaiah_1,Asaiah,asaiah-1,3,3,LIMITED,MATCH
Asaiah_2,Asaiah,asaiah-2,1,1,SINGLE,MATCH
Asaiah_3,Asaiah,asaiah-3,3,3,LIMITED,MATCH
Asaiah_4,Asaiah,asaiah-4,1,1,SINGLE,MATCH
Asaph_1,Asaph,asaph-1,4,4,LIMITED,MATCH
Asaph_2,Asaph,asaph-2,16,16,MODERATE,MATCH
Asaph_3,Asaph,asaph-3,18,18,MODERATE,MATCH
Asaph_4,Asaph,asaph-4,1,1,SINGLE,MATCH
Asarel_1,Asarel,asarel,1,1,SINGLE,MATCH
Asenath_1,Asenath,asenath,3,3,LIMITED,MATCH
Asharelah_1,Asharelah,asharelah,2,2,LIMITED,MATCH
Ashbel_1,Ashbel,ashbel,6,6,LIMITED,MATCH
Asher_1,Asher,asher,26,26,RICH,MATCH
Ashhur_1,Ashhur,ashhur,2,2,LIMITED,MATCH
Ashkenaz_1,Ashkenaz,ashkenaz,2,2,LIMITED,MATCH
Ashpenaz_1,Ashpenaz,ashpenaz,1,1,SINGLE,MATCH
Ashvath_1,Ashvath,ashvath,1,1,SINGLE,MATCH
Asiel_1,Asiel,asiel,1,1,SINGLE,MATCH
Asnah_1,Asnah,asnah,1,1,SINGLE,MATCH
Aspatha_1,Aspatha,aspatha,1,1,SINGLE,MATCH
Asriel_1,Asriel,asriel-1,2,2,LIMITED,MATCH
Asriel_2,Asriel,asriel-2,1,1,SINGLE,MATCH
Asshur_1,Asshur,asshur-1,2,2,LIMITED,MATCH
Asshur_2,Asshur,asshur-2,1,1,SINGLE,MATCH
Assir_1,Assir,assir-1,2,2,LIMITED,MATCH
Assir_2,Assir,assir-2,2,2,LIMITED,MATCH
Asynchritus_1,Asynchritus,asynchritus,1,1,SINGLE,MATCH
Atarah_1,Atarah,atarah,1,1,SINGLE,MATCH
Ater_1,Ater,ater-1,3,3,LIMITED,MATCH
Ater_2,Ater,ater-2,2,2,LIMITED,MATCH
Athaiah_1,Athaiah,athaiah,1,1,SINGLE,MATCH
Athaliah_1,Athaliah,athaliah-1,15,15,MODERATE,MATCH
Athaliah_2,Athaliah,athaliah-2,1,1,SINGLE,MATCH
Athaliah_3,Athaliah,athaliah-3,1,1,SINGLE,MATCH
Athlai_1,Athlai,athlai,1,1,SINGLE,MATCH
Attai_1,Attai,attai-1,2,2,LIMITED,MATCH
Attai_2,Attai,attai-2,1,1,SINGLE,MATCH
Attai_3,Attai,attai-3,1,1,SINGLE,MATCH
Azaliah_1,Azaliah,azaliah,2,2,LIMITED,MATCH
Azaniah_1,Azaniah,azaniah,1,1,SINGLE,MATCH
Azarel_1,Azarel,azarel-1,2,2,LIMITED,MATCH
Azarel_2,Azarel,azarel-2,1,1,SINGLE,MATCH
Azarel_3,Azarel,azarel-3,1,1,SINGLE,MATCH
Azarel_4,Azarel,azarel-4,2,2,LIMITED,MATCH
Azariah_1,Azariah,azariah-1,6,6,LIMITED,MATCH
Azariah_2,Azariah,azariah-2,1,1,SINGLE,MATCH
Azariah_3,Azariah,azariah-3,33,33,RICH,MATCH
Azariah_4,Azariah,azariah-4,1,1,SINGLE,MATCH
Azariah_5,Azariah,azariah-5,2,2,LIMITED,MATCH
Azariah_6,Azariah,azariah-6,1,1,SINGLE,MATCH
Azariah_7,Azariah,azariah-7,5,5,LIMITED,MATCH
Azariah_8,Azariah,azariah-8,2,2,LIMITED,MATCH
Azariah_9,Azariah,azariah-9,1,1,SINGLE,MATCH
Azariah_10,Azariah,azariah-10,1,1,SINGLE,MATCH
Azariah_11,Azariah,azariah-11,1,1,SINGLE,MATCH
Azariah_12,Azariah,azariah-12,1,1,SINGLE,MATCH
Azariah_13,Azariah,azariah-13,1,1,SINGLE,MATCH
Azariah_14,Azariah,azariah-14,1,1,SINGLE,MATCH
Azariah_15,Azariah,azariah-15,2,2,LIMITED,MATCH
Azariah_16,Azariah,azariah-16,3,3,LIMITED,MATCH
Azariah_17,Azariah,azariah-17,1,1,SINGLE,MATCH
Azariah_18,Azariah,azariah-18,16,16,MODERATE,MATCH
Azaryahu_1,Azaryahu,azaryahu,1,1,SINGLE,MATCH
Azaz_1,Azaz,azaz,1,1,SINGLE,MATCH
Azaziah_1,Azaziah,azaziah-1,1,1,SINGLE,MATCH
Azaziah_2,Azaziah,azaziah-2,1,1,SINGLE,MATCH
Azaziah_3,Azaziah,azaziah-3,1,1,SINGLE,MATCH
Azbuk_1,Azbuk,azbuk,1,1,SINGLE,MATCH
Azel_1,Azel,azel,4,4,LIMITED,MATCH
Azgad_1,Azgad,azgad,4,4,LIMITED,MATCH
Aziel_1,Aziel,aziel,1,1,SINGLE,MATCH
Aziza_1,Aziza,aziza,1,1,SINGLE,MATCH
Azmaveth_1,Azmaveth,azmaveth-1,2,2,LIMITED,MATCH
Azmaveth_2,Azmaveth,azmaveth-2,3,3,LIMITED,MATCH
Azmaveth_3,Azmaveth,azmaveth-3,1,1,SINGLE,MATCH
Azmaveth_4,Azmaveth,azmaveth-4,1,1,SINGLE,MATCH
Azor_1,Azor,azor,2,2,LIMITED,MATCH
Azriel_1,Azriel,azriel-1,1,1,SINGLE,MATCH
Azriel_2,Azriel,azriel-2,1,1,SINGLE,MATCH
Azriel_3,Azriel,azriel-3,1,1,SINGLE,MATCH
Azrikam_1,Azrikam,azrikam-1,1,1,SINGLE,MATCH
Azrikam_2,Azrikam,azrikam-2,2,2,LIMITED,MATCH
Azrikam_3,Azrikam,azrikam-3,2,2,LIMITED,MATCH
Azrikam_4,Azrikam,azrikam-4,1,1,SINGLE,MATCH
Azubah_1,Azubah,azubah-1,2,2,LIMITED,MATCH
Azubah_2,Azubah,azubah-2,2,2,LIMITED,MATCH
Azzan_1,Azzan,azzan,1,1,SINGLE,MATCH
Azzur_1,Azzur,azzur-1,1,1,SINGLE,MATCH
Azzur_2,Azzur,azzur-2,1,1,SINGLE,MATCH
Azzur_3,Azzur,azzur-3,1,1,SINGLE,MATCH
Baal_1,Baal,baal-1,1,1,SINGLE,MATCH
Baal_2,Baal,baal-2,2,2,LIMITED,MATCH
Baal-hanan_1,Baal-hanan,baal-hanan-1,4,4,LIMITED,MATCH
Baal-hanan_2,Baal-hanan,baal-hanan-2,1,1,SINGLE,MATCH
Baalis_1,Baalis,baalis,1,1,SINGLE,MATCH
Baana_1,Baana,baana-1,1,1,SINGLE,MATCH
Baana_2,Baana,baana-2,1,1,SINGLE,MATCH
Baana_3,Baana,baana-3,1,1,SINGLE,MATCH
Baanah_1,Baanah,baanah-1,4,4,LIMITED,MATCH
Baanah_2,Baanah,baanah-2,2,2,LIMITED,MATCH
Baanah_3,Baanah,baanah-3,3,3,LIMITED,MATCH
Baara_1,Baara,baara,1,1,SINGLE,MATCH
Baaseiah_1,Baaseiah,baaseiah,1,1,SINGLE,MATCH
Baasha_1,Baasha,baasha,26,26,RICH,MATCH
Bakbakkar_1,Bakbakkar,bakbakkar,1,1,SINGLE,MATCH
Bakbuk_1,Bakbuk,bakbuk,2,2,LIMITED,MATCH
Bakbukiah_1,Bakbukiah,bakbukiah,3,3,LIMITED,MATCH
Balaam_1,Balaam,balaam,59,59,RICH,MATCH
Baladan_1,Baladan,baladan,2,2,LIMITED,MATCH
Balak_1,Balak,balak,41,41,RICH,MATCH
Bani_1,Bani,bani-1,2,2,LIMITED,MATCH
Bani_2,Bani,bani-2,1,1,SINGLE,MATCH
Bani_3,Bani,bani-3,1,1,SINGLE,MATCH
Bani_4,Bani,bani-4,5,5,LIMITED,MATCH
Bani_5,Bani,bani-5,1,1,SINGLE,MATCH
Bani_6,Bani,bani-6,2,2,LIMITED,MATCH
Bani_7,Bani,bani-7,4,4,LIMITED,MATCH
Bani_8,Bani,bani-8,1,1,SINGLE,MATCH
Bani_9,Bani,bani-9,1,1,SINGLE,MATCH
Bar-Jesus_1,Bar-Jesus,bar-jesus,2,2,LIMITED,MATCH
Barabbas_1,Barabbas,barabbas,10,10,MODERATE,MATCH
Barachel_1,Barachel,barachel,2,2,LIMITED,MATCH
Barak_1,Barak,barak,14,14,MODERATE,MATCH
Bariah_1,Bariah,bariah,1,1,SINGLE,MATCH
Barkos_1,Barkos,barkos,2,2,LIMITED,MATCH
Bartholomew_1,Bartholomew,bartholomew,10,10,MODERATE,MATCH
Bartimaeus_1,Bartimaeus,bartimaeus,1,1,SINGLE,MATCH
Baruch_1,Baruch,baruch-1,1,1,SINGLE,MATCH
Baruch_2,Baruch,baruch-2,1,1,SINGLE,MATCH
Baruch_3,Baruch,baruch-3,1,1,SINGLE,MATCH
Baruch_4,Baruch,baruch-4,21,21,MODERATE,MATCH
Barzillai_1,Barzillai,barzillai-1,7,7,LIMITED,MATCH
Barzillai_2,Barzillai,barzillai-2,1,1,SINGLE,MATCH
Barzillai_3,Barzillai,barzillai-3,2,2,LIMITED,MATCH
Basemath_1,Basemath,basemath-1,1,1,SINGLE,MATCH
Basemath_2,Basemath,basemath-2,1,1,SINGLE,MATCH
Bath-shua_1,Bath-shua,bath-shua,1,1,SINGLE,MATCH
Bathsheba_1,Bathsheba,bathsheba,12,12,MODERATE,MATCH
Bavvai_1,Bavvai,bavvai,1,1,SINGLE,MATCH
Bazluth_1,Bazluth,bazluth,2,2,LIMITED,MATCH
Bealiah_1,Bealiah,bealiah,1,1,SINGLE,MATCH
Bebai_1,Bebai,bebai,5,5,LIMITED,MATCH
Becher_1,Becher,becher-1,3,3,LIMITED,MATCH
Becher_2,Becher,becher-2,2,2,LIMITED,MATCH
Becorath_1,Becorath,becorath,1,1,SINGLE,MATCH
Bedad_1,Bedad,bedad,2,2,LIMITED,MATCH
Bedan_1,Bedan,bedan,1,1,SINGLE,MATCH
Bedeiah_1,Bedeiah,bedeiah,1,1,SINGLE,MATCH
Beera_1,Beera,beera,1,1,SINGLE,MATCH
Beerah_1,Beerah,beerah,1,1,SINGLE,MATCH
Beeri_1,Beeri,beeri-1,7,7,LIMITED,MATCH
Beeri_2,Beeri,beeri-2,1,1,SINGLE,MATCH
Bela_1,Bela,bela-1,4,4,LIMITED,MATCH
Bela_2,Bela,bela-2,7,7,LIMITED,MATCH
Bela_3,Bela,bela-3,1,1,SINGLE,MATCH
Belshazzar_1,Belshazzar,belshazzar,7,7,LIMITED,MATCH
Ben_1,Ben,ben,1,1,SINGLE,MATCH
Ben-abinadab_1,Ben-abinadab,ben-abinadab,1,1,SINGLE,MATCH
Ben-ammi_1,Ben-ammi,ben-ammi,74,74,RICH,MATCH
Ben-deker_1,Ben-deker,ben-deker,1,1,SINGLE,MATCH
Ben-geber_1,Ben-geber,ben-geber,1,1,SINGLE,MATCH
Ben-hadad_1,Ben-hadad,ben-hadad-1,29,29,RICH,MATCH
Ben-hadad_2,Ben-hadad,ben-hadad-2,4,4,LIMITED,MATCH
Ben-hail_1,Ben-hail,ben-hail,1,1,SINGLE,MATCH
Ben-hesed_1,Ben-hesed,ben-hesed,1,1,SINGLE,MATCH
Ben-hur_1,Ben-hur,ben-hur,1,1,SINGLE,MATCH
Ben-zoheth_1,Ben-zoheth,ben-zoheth,1,1,SINGLE,MATCH
Benaiah_1,Benaiah,benaiah-1,23,23,MODERATE,MATCH
Benaiah_2,Benaiah,benaiah-2,3,3,LIMITED,MATCH
Benaiah_3,Benaiah,benaiah-3,1,1,SINGLE,MATCH
Benaiah_4,Benaiah,benaiah-4,5,5,LIMITED,MATCH
Benaiah_5,Benaiah,benaiah-5,1,1,SINGLE,MATCH
Benaiah_6,Benaiah,benaiah-6,1,1,SINGLE,MATCH
Benaiah_7,Benaiah,benaiah-7,1,1,SINGLE,MATCH
Benaiah_8,Benaiah,benaiah-8,1,1,SINGLE,MATCH
Benaiah_9,Benaiah,benaiah-9,1,1,SINGLE,MATCH
Benaiah_10,Benaiah,benaiah-10,1,1,SINGLE,MATCH
Benaiah_11,Benaiah,benaiah-11,2,2,LIMITED,MATCH
Benhanan_1,Benhanan,benhanan,1,1,SINGLE,MATCH
Beninu_1,Beninu,beninu,1,1,SINGLE,MATCH
Benjamin_1,Benjamin,benjamin-1,76,76,RICH,MATCH
Benjamin_2,Benjamin,benjamin-2,1,1,SINGLE,MATCH
Benjamin_3,Benjamin,benjamin-3,1,1,SINGLE,MATCH
Benjamin_4,Benjamin,benjamin-4,2,2,LIMITED,MATCH
Beno_1,Beno,beno,2,2,LIMITED,MATCH
Beor_1,Beor,beor-1,2,2,LIMITED,MATCH
Beor_2,Beor,beor-2,9,9,MODERATE,MATCH
Bera_1,Bera,bera,5,5,LIMITED,MATCH
Beracah_1,Beracah,beracah,1,1,SINGLE,MATCH
Beraiah_1,Beraiah,beraiah,1,1,SINGLE,MATCH
Berechiah_1,Berechiah,berechiah-1,1,1,SINGLE,MATCH
Berechiah_2,Berechiah,berechiah-2,2,2,LIMITED,MATCH
Berechiah_3,Berechiah,berechiah-3,2,2,LIMITED,MATCH
Berechiah_4,Berechiah,berechiah-4,1,1,SINGLE,MATCH
Berechiah_5,Berechiah,berechiah-5,3,3,LIMITED,MATCH
Berechiah_6,Berechiah,berechiah-6,3,3,LIMITED,MATCH
Beri_1,Beri,beri,1,1,SINGLE,MATCH
Beriah_1,Beriah,beriah-1,5,5,LIMITED,MATCH
Beriah_2,Beriah,beriah-2,1,1,SINGLE,MATCH
Beriah_3,Beriah,beriah-3,2,2,LIMITED,MATCH
Beriah_4,Beriah,beriah-4,2,2,LIMITED,MATCH
Bernice_1,Bernice,bernice,3,3,LIMITED,MATCH
Berodach-baladan_1,Berodach-baladan,berodach-baladan,4,4,LIMITED,MATCH
Besai_1,Besai,besai,2,2,LIMITED,MATCH
Besodeiah_1,Besodeiah,besodeiah,1,1,SINGLE,MATCH
Beth-rapha_1,Beth-rapha,beth-rapha,1,1,SINGLE,MATCH
Bethuel_1,Bethuel,bethuel,9,9,MODERATE,MATCH
Bethzur_1,Bethzur,bethzur,1,1,SINGLE,MATCH
Bezai_1,Bezai,bezai,3,3,LIMITED,MATCH
Bezalel_1,Bezalel,bezalel-1,11,11,MODERATE,MATCH
Bezalel_2,Bezalel,bezalel-2,1,1,SINGLE,MATCH
Bezer_1,Bezer,bezer,1,1,SINGLE,MATCH
Bichri_1,Bichri,bichri,8,8,MODERATE,MATCH
Bidkar_1,Bidkar,bidkar,1,1,SINGLE,MATCH
Bigtha_1,Bigtha,bigtha,1,1,SINGLE,MATCH
Bigthan_1,Bigthan,bigthan,2,2,LIMITED,MATCH
Bigvai_1,Bigvai,bigvai,6,6,LIMITED,MATCH
Bildad_1,Bildad,bildad,5,5,LIMITED,MATCH
Bilgah_1,Bilgah,bilgah-1,1,1,SINGLE,MATCH
Bilgah_2,Bilgah,bilgah-2,2,2,LIMITED,MATCH
Bilgai_1,Bilgai,bilgai,1,1,SINGLE,MATCH
Bilhah_1,Bilhah,bilhah,10,10,MODERATE,MATCH
Bilhan_1,Bilhan,bilhan-1,2,2,LIMITED,MATCH
Bilhan_2,Bilhan,bilhan-2,1,1,SINGLE,MATCH
Bilshan_1,Bilshan,bilshan,2,2,LIMITED,MATCH
Bimhal_1,Bimhal,bimhal,1,1,SINGLE,MATCH
Binea_1,Binea,binea,2,2,LIMITED,MATCH
Binnui_1,Binnui,binnui-1,1,1,SINGLE,MATCH
Binnui_2,Binnui,binnui-2,1,1,SINGLE,MATCH
Binnui_3,Binnui,binnui-3,1,1,SINGLE,MATCH
Binnui_4,Binnui,binnui-4,3,3,LIMITED,MATCH
Birsha_1,Birsha,birsha,2,2,LIMITED,MATCH
Birzaith_1,Birzaith,birzaith,1,1,SINGLE,MATCH
Bishlam_1,Bishlam,bishlam,1,1,SINGLE,MATCH
Bithia_1,Bithia,bithia,1,1,SINGLE,MATCH
Biztha_1,Biztha,biztha,1,1,SINGLE,MATCH
Blastus_1,Blastus,blastus,1,1,SINGLE,MATCH
Boaz_1,Boaz,boaz,22,22,MODERATE,MATCH
Bocheru_1,Bocheru,bocheru,2,2,LIMITED,MATCH
Bohan_1,Bohan,bohan,2,2,LIMITED,MATCH
Bukki_1,Bukki,bukki-1,1,1,SINGLE,MATCH
Bukki_2,Bukki,bukki-2,3,3,LIMITED,MATCH
Bukkiah_1,Bukkiah,bukkiah,2,2,LIMITED,MATCH
Bunah_1,Bunah,bunah,1,1,SINGLE,MATCH
Bunni_1,Bunni,bunni-1,2,2,LIMITED,MATCH
Bunni_2,Bunni,bunni-2,1,1,SINGLE,MATCH
Buz_1,Buz,buz-1,1,1,SINGLE,MATCH
Buz_2,Buz,buz-2,1,1,SINGLE,MATCH
Buzi_1,Buzi,buzi,1,1,SINGLE,MATCH
Caesar_1,Caesar,caesar-1,12,12,MODERATE,MATCH
Caesar_2,Caesar,caesar-2,10,10,MODERATE,MATCH
Caesar Augustus_1,Caesar Augustus,caesar-augustus,1,1,SINGLE,MATCH
Caiaphas_1,Caiaphas,caiaphas,9,9,MODERATE,MATCH
Cain_1,Cain,cain,16,16,MODERATE,MATCH
Cainan_1,Cainan,cainan,1,1,SINGLE,MATCH
Calcol_1,Calcol,calcol,2,2,LIMITED,MATCH
Caleb_1,Caleb,caleb,27,27,RICH,MATCH
Canaan_1,Canaan,canaan,14,14,MODERATE,MATCH
Candace_1,Candace,candace,1,1,SINGLE,MATCH
Caphtor_1,Caphtor,caphtor,2,2,LIMITED,MATCH
Carkas_1,Carkas,carkas,1,1,SINGLE,MATCH
Carmi_1,Carmi,carmi-1,4,4,LIMITED,MATCH
Carmi_2,Carmi,carmi-2,4,4,LIMITED,MATCH
Carshena_1,Carshena,carshena,1,1,SINGLE,MATCH
Casluh_1,Casluh,casluh,2,2,LIMITED,MATCH
Chedorlaomer_1,Chedorlaomer,chedorlaomer,5,5,LIMITED,MATCH
Chelal_1,Chelal,chelal,1,1,SINGLE,MATCH
Chelub_1,Chelub,chelub,2,2,LIMITED,MATCH
Chelubai_1,Chelubai,chelubai,8,8,MODERATE,MATCH
Cheluhi_1,Cheluhi,cheluhi,1,1,SINGLE,MATCH
Chenaanah_1,Chenaanah,chenaanah-1,4,4,LIMITED,MATCH
Chenaanah_2,Chenaanah,chenaanah-2,1,1,SINGLE,MATCH
Chenani_1,Chenani,chenani,1,1,SINGLE,MATCH
Chenaniah_1,Chenaniah,chenaniah,3,3,LIMITED,MATCH
Cheran_1,Cheran,cheran,2,2,LIMITED,MATCH
Chesed_1,Chesed,chesed,1,1,SINGLE,MATCH
Chileab_1,Chileab,chileab,2,2,LIMITED,MATCH
Chilion_1,Chilion,chilion,3,3,LIMITED,MATCH
Chimham_1,Chimham,chimham,3,3,LIMITED,MATCH
Chislon_1,Chislon,chislon,1,1,SINGLE,MATCH
Chloe_1,Chloe,chloe,1,1,SINGLE,MATCH
Chuza_1,Chuza,chuza,1,1,SINGLE,MATCH
Claudia_1,Claudia,claudia,1,1,SINGLE,MATCH
Claudius_1,Claudius,claudius-1,3,3,LIMITED,MATCH
Claudius_2,Claudius,claudius-2,3,3,LIMITED,MATCH
Clement_1,Clement,clement,1,1,SINGLE,MATCH
Cleopas_1,Cleopas,cleopas,1,1,SINGLE,MATCH
Clopas_1,Clopas,clopas,1,1,SINGLE,MATCH
Col-hozeh_1,Col-hozeh,col-hozeh,2,2,LIMITED,MATCH
Conaniah_1,Conaniah,conaniah,3,3,LIMITED,MATCH
Cornelius_1,Cornelius,cornelius,8,8,MODERATE,MATCH
Cosam_1,Cosam,cosam,1,1,SINGLE,MATCH
Cozbi_1,Cozbi,cozbi,2,2,LIMITED,MATCH
Crescens_1,Crescens,crescens,1,1,SINGLE,MATCH
Crispus_1,Crispus,crispus,4,4,LIMITED,MATCH
Cush_1,Cush,cush-1,6,6,LIMITED,MATCH
Cush_2,Cush,cush-2,1,1,SINGLE,MATCH
Cushan-rishathaim_1,Cushan-rishathaim,cushan-rishathaim,2,2,LIMITED,MATCH
Cushi_1,Cushi,cushi-1,1,1,SINGLE,MATCH
Cushi_2,Cushi,cushi-2,1,1,SINGLE,MATCH
Cyrus_1,Cyrus,cyrus,19,19,MODERATE,MATCH
Dalphon_1,Dalphon,dalphon,1,1,SINGLE,MATCH
Damaris_1,Damaris,damaris,1,1,SINGLE,MATCH
Dan_1,Dan,dan,35,35,RICH,MATCH
Daniel_1,Daniel,daniel-1,2,2,LIMITED,MATCH
Daniel_2,Daniel,daniel-2,72,72,RICH,MATCH
Darda_1,Darda,darda,2,2,LIMITED,MATCH
Darius_1,Darius,darius-1,25,25,RICH,MATCH
Darius_2,Darius,darius-2,1,1,SINGLE,MATCH
Darkon_1,Darkon,darkon,2,2,LIMITED,MATCH
Dathan_1,Dathan,dathan,8,8,MODERATE,MATCH
David_1,David,david,954,954,EXTENSIVE,MATCH
Debir_1,Debir,debir,4,4,LIMITED,MATCH
Deborah_1,Deborah,deborah-1,1,1,SINGLE,MATCH
Deborah_2,Deborah,deborah-2,9,9,MODERATE,MATCH
Dedan_1,Dedan,dedan-1,2,2,LIMITED,MATCH
Dedan_2,Dedan,dedan-2,2,2,LIMITED,MATCH
Delaiah_1,Delaiah,delaiah-1,1,1,SINGLE,MATCH
Delaiah_2,Delaiah,delaiah-2,1,1,SINGLE,MATCH
Delaiah_3,Delaiah,delaiah-3,2,2,LIMITED,MATCH
Delaiah_4,Delaiah,delaiah-4,1,1,SINGLE,MATCH
Delaiah_5,Delaiah,delaiah-5,2,2,LIMITED,MATCH
Delilah_1,Delilah,delilah,7,7,LIMITED,MATCH
Demas_1,Demas,demas,3,3,LIMITED,MATCH
Demetrius_1,Demetrius,demetrius-1,2,2,LIMITED,MATCH
Demetrius_2,Demetrius,demetrius-2,1,1,SINGLE,MATCH
Deuel_1,Deuel,deuel,5,5,LIMITED,MATCH
Diblaim_1,Diblaim,diblaim,1,1,SINGLE,MATCH
Dibri_1,Dibri,dibri,1,1,SINGLE,MATCH
Diklah_1,Diklah,diklah,2,2,LIMITED,MATCH
Dinah_1,Dinah,dinah,8,8,MODERATE,MATCH
Dionysius_1,Dionysius,dionysius,1,1,SINGLE,MATCH
Diotrephes_1,Diotrephes,diotrephes,1,1,SINGLE,MATCH
Dishan_1,Dishan,dishan,5,5,LIMITED,MATCH
Dishon_1,Dishon,dishon-1,4,4,LIMITED,MATCH
Dishon_2,Dishon,dishon-2,2,2,LIMITED,MATCH
Dodai_1,Dodai,dodai,1,1,SINGLE,MATCH
Dodanim_1,Dodanim,dodanim,2,2,LIMITED,MATCH
Dodavahu_1,Dodavahu,dodavahu,1,1,SINGLE,MATCH
Dodo_1,Dodo,dodo-1,1,1,SINGLE,MATCH
Dodo_2,Dodo,dodo-2,2,2,LIMITED,MATCH
Doeg_1,Doeg,doeg,5,5,LIMITED,MATCH
Drusilla_1,Drusilla,drusilla,1,1,SINGLE,MATCH
Dumah_1,Dumah,dumah,2,2,LIMITED,MATCH
Ebal_1,Ebal,ebal,2,2,LIMITED,MATCH
Ebed_1,Ebed,ebed-1,5,5,LIMITED,MATCH
Ebed_2,Ebed,ebed-2,1,1,SINGLE,MATCH
Ebed-melech_1,Ebed-melech,ebed-melech,6,6,LIMITED,MATCH
Eber_1,Eber,eber-1,11,11,MODERATE,MATCH
Eber_2,Eber,eber-2,1,1,SINGLE,MATCH
Eber_3,Eber,eber-3,1,1,SINGLE,MATCH
Eber_4,Eber,eber-4,1,1,SINGLE,MATCH
Eber_5,Eber,eber-5,1,1,SINGLE,MATCH
Ebiasaph_1,Ebiasaph,ebiasaph,2,2,LIMITED,MATCH
Eden_1,Eden,eden,2,2,LIMITED,MATCH
Eder_1,Eder,eder-1,1,1,SINGLE,MATCH
Eder_2,Eder,eder-2,2,2,LIMITED,MATCH
Eglah_1,Eglah,eglah,2,2,LIMITED,MATCH
Eglon_1,Eglon,eglon,4,4,LIMITED,MATCH
Ehi_1,Ehi,ehi,4,4,LIMITED,MATCH
Ehud_1,Ehud,ehud-1,7,7,LIMITED,MATCH
Ehud_2,Ehud,ehud-2,2,2,LIMITED,MATCH
Eker_1,Eker,eker,1,1,SINGLE,MATCH
Ela_1,Ela,ela,1,1,SINGLE,MATCH
Elah_1,Elah,elah-1,2,2,LIMITED,MATCH
Elah_2,Elah,elah-2,4,4,LIMITED,MATCH
Elah_3,Elah,elah-3,4,4,LIMITED,MATCH
Elah_4,Elah,elah-4,1,1,SINGLE,MATCH
Elah_5,Elah,elah-5,1,1,SINGLE,MATCH
Elam_1,Elam,elam-1,2,2,LIMITED,MATCH
Elam_2,Elam,elam-2,1,1,SINGLE,MATCH
Elam_3,Elam,elam-3,1,1,SINGLE,MATCH
Elam_4,Elam,elam-4,7,7,LIMITED,MATCH
Elam_5,Elam,elam-5,2,2,LIMITED,MATCH
Elasah_1,Elasah,elasah-1,1,1,SINGLE,MATCH
Elasah_2,Elasah,elasah-2,1,1,SINGLE,MATCH
Eldaah_1,Eldaah,eldaah,2,2,LIMITED,MATCH
Eldad_1,Eldad,eldad,2,2,LIMITED,MATCH
Elead_1,Elead,elead,1,1,SINGLE,MATCH
Eleadah_1,Eleadah,eleadah,1,1,SINGLE,MATCH
Eleasah_1,Eleasah,eleasah-1,2,2,LIMITED,MATCH
Eleasah_2,Eleasah,eleasah-2,2,2,LIMITED,MATCH
Eleazar_1,Eleazar,eleazar-1,61,61,RICH,MATCH
Eleazar_2,Eleazar,eleazar-2,1,1,SINGLE,MATCH
Eleazar_3,Eleazar,eleazar-3,2,2,LIMITED,MATCH
Eleazar_4,Eleazar,eleazar-4,2,2,LIMITED,MATCH
Eleazar_5,Eleazar,eleazar-5,1,1,SINGLE,MATCH
Eleazar_6,Eleazar,eleazar-6,1,1,SINGLE,MATCH
Eleazar_7,Eleazar,eleazar-7,1,1,SINGLE,MATCH
Eleazar_8,Eleazar,eleazar-8,1,1,SINGLE,MATCH
Eleazar_9,Eleazar,eleazar-9,1,1,SINGLE,MATCH
Elhanan_1,Elhanan,elhanan,4,4,LIMITED,MATCH
Eli_1,Eli,eli-1,31,31,RICH,MATCH
Eli_2,Eli,eli-2,1,1,SINGLE,MATCH
Eliab_1,Eliab,eliab-1,5,5,LIMITED,MATCH
Eliab_2,Eliab,eliab-2,5,5,LIMITED,MATCH
Eliab_3,Eliab,eliab-3,5,5,LIMITED,MATCH
Eliab_4,Eliab,eliab-4,1,1,SINGLE,MATCH
Eliab_5,Eliab,eliab-5,3,3,LIMITED,MATCH
Eliada_1,Eliada,eliada-1,3,3,LIMITED,MATCH
Eliada_2,Eliada,eliada-2,1,1,SINGLE,MATCH
Eliada_3,Eliada,eliada-3,1,1,SINGLE,MATCH
Eliahba_1,Eliahba,eliahba,2,2,LIMITED,MATCH
Eliakim_1,Eliakim,eliakim-1,9,9,MODERATE,MATCH
Eliakim_2,Eliakim,eliakim-2,36,36,RICH,MATCH
Eliakim_3,Eliakim,eliakim-3,1,1,SINGLE,MATCH
Eliakim_4,Eliakim,eliakim-4,1,1,SINGLE,MATCH
Eliakim_5,Eliakim,eliakim-5,1,1,SINGLE,MATCH
Eliam_1,Eliam,eliam-1,2,2,LIMITED,MATCH
Eliam_2,Eliam,eliam-2,2,2,LIMITED,MATCH
Eliasaph_1,Eliasaph,eliasaph-1,5,5,LIMITED,MATCH
Eliasaph_2,Eliasaph,eliasaph-2,1,1,SINGLE,MATCH
Eliashib_1,Eliashib,eliashib-1,1,1,SINGLE,MATCH
Eliashib_2,Eliashib,eliashib-2,1,1,SINGLE,MATCH
Eliashib_3,Eliashib,eliashib-3,2,2,LIMITED,MATCH
Eliashib_4,Eliashib,eliashib-4,1,1,SINGLE,MATCH
Eliashib_5,Eliashib,eliashib-5,1,1,SINGLE,MATCH
Eliashib_6,Eliashib,eliashib-6,1,1,SINGLE,MATCH
Eliashib_7,Eliashib,eliashib-7,6,6,LIMITED,MATCH
Eliashib_8,Eliashib,eliashib-8,2,2,LIMITED,MATCH
Eliathah_1,Eliathah,eliathah,2,2,LIMITED,MATCH
Elidad_1,Elidad,elidad,1,1,SINGLE,MATCH
Eliehoenai_1,Eliehoenai,eliehoenai-1,1,1,SINGLE,MATCH
Eliehoenai_2,Eliehoenai,eliehoenai-2,1,1,SINGLE,MATCH
Eliel_1,Eliel,eliel-1,1,1,SINGLE,MATCH
Eliel_2,Eliel,eliel-2,1,1,SINGLE,MATCH
Eliel_3,Eliel,eliel-3,1,1,SINGLE,MATCH
Eliel_4,Eliel,eliel-4,1,1,SINGLE,MATCH
Eliel_5,Eliel,eliel-5,1,1,SINGLE,MATCH
Eliel_6,Eliel,eliel-6,1,1,SINGLE,MATCH
Eliel_7,Eliel,eliel-7,2,2,LIMITED,MATCH
Eliel_8,Eliel,eliel-8,1,1,SINGLE,MATCH
Elienai_1,Elienai,elienai,1,1,SINGLE,MATCH
Eliezer_1,Eliezer,eliezer-1,1,1,SINGLE,MATCH
Eliezer_2,Eliezer,eliezer-2,4,4,LIMITED,MATCH
Eliezer_3,Eliezer,eliezer-3,1,1,SINGLE,MATCH
Eliezer_4,Eliezer,eliezer-4,1,1,SINGLE,MATCH
Eliezer_5,Eliezer,eliezer-5,1,1,SINGLE,MATCH
Eliezer_6,Eliezer,eliezer-6,1,1,SINGLE,MATCH
Eliezer_7,Eliezer,eliezer-7,3,3,LIMITED,MATCH
Eliezer_8,Eliezer,eliezer-8,1,1,SINGLE,MATCH
Eliezer_9,Eliezer,eliezer-9,1,1,SINGLE,MATCH
Elihoreph_1,Elihoreph,elihoreph,1,1,SINGLE,MATCH
Elihu_1,Elihu,elihu-1,3,3,LIMITED,MATCH
Elihu_2,Elihu,elihu-2,1,1,SINGLE,MATCH
Elihu_3,Elihu,elihu-3,1,1,SINGLE,MATCH
Elihu_4,Elihu,elihu-4,1,1,SINGLE,MATCH
Elihu_5,Elihu,elihu-5,7,7,LIMITED,MATCH
Elijah_1,Elijah,elijah-1,93,93,RICH,MATCH
Elijah_2,Elijah,elijah-2,1,1,SINGLE,MATCH
Elijah_3,Elijah,elijah-3,1,1,SINGLE,MATCH
Elijah_4,Elijah,elijah-4,1,1,SINGLE,MATCH
Elika_1,Elika,elika,1,1,SINGLE,MATCH
Elimelech_1,Elimelech,elimelech,6,6,LIMITED,MATCH
Elioenai_1,Elioenai,elioenai-1,2,2,LIMITED,MATCH
Elioenai_2,Elioenai,elioenai-2,1,1,SINGLE,MATCH
Elioenai_3,Elioenai,elioenai-3,1,1,SINGLE,MATCH
Elioenai_4,Elioenai,elioenai-4,1,1,SINGLE,MATCH
Elioenai_5,Elioenai,elioenai-5,1,1,SINGLE,MATCH
Elioenai_6,Elioenai,elioenai-6,1,1,SINGLE,MATCH
Eliphaz_1,Eliphaz,eliphaz-1,8,8,MODERATE,MATCH
Eliphaz_2,Eliphaz,eliphaz-2,6,6,LIMITED,MATCH
Eliphelehu_1,Eliphelehu,eliphelehu,2,2,LIMITED,MATCH
Eliphelet_1,Eliphelet,eliphelet-1,3,3,LIMITED,MATCH
Eliphelet_2,Eliphelet,eliphelet-2,2,2,LIMITED,MATCH
Eliphelet_3,Eliphelet,eliphelet-3,2,2,LIMITED,MATCH
Eliphelet_4,Eliphelet,eliphelet-4,1,1,SINGLE,MATCH
Eliphelet_5,Eliphelet,eliphelet-5,1,1,SINGLE,MATCH
Eliphelet_6,Eliphelet,eliphelet-6,1,1,SINGLE,MATCH
Elisha_1,Elisha,elisha,76,76,RICH,MATCH
Elishah_1,Elishah,elishah,2,2,LIMITED,MATCH
Elishama_1,Elishama,elishama-1,6,6,LIMITED,MATCH
Elishama_2,Elishama,elishama-2,3,3,LIMITED,MATCH
Elishama_3,Elishama,elishama-3,2,2,LIMITED,MATCH
Elishama_4,Elishama,elishama-4,1,1,SINGLE,MATCH
Elishama_5,Elishama,elishama-5,1,1,SINGLE,MATCH
Elishama_6,Elishama,elishama-6,3,3,LIMITED,MATCH
Elishaphat_1,Elishaphat,elishaphat,1,1,SINGLE,MATCH
Elisheba_1,Elisheba,elisheba,1,1,SINGLE,MATCH
Elishua_1,Elishua,elishua,3,3,LIMITED,MATCH
Eliud_1,Eliud,eliud,2,2,LIMITED,MATCH
Elizabeth_1,Elizabeth,elizabeth,8,8,MODERATE,MATCH
Elizaphan_1,Elizaphan,elizaphan,2,2,LIMITED,MATCH
Elizur_1,Elizur,elizur,5,5,LIMITED,MATCH
Elkanah_1,Elkanah,elkanah-1,1,1,SINGLE,MATCH
Elkanah_2,Elkanah,elkanah-2,10,10,MODERATE,MATCH
Elkanah_3,Elkanah,elkanah-3,1,1,SINGLE,MATCH
Elkanah_4,Elkanah,elkanah-4,3,3,LIMITED,MATCH
Elkanah_5,Elkanah,elkanah-5,2,2,LIMITED,MATCH
Elkanah_6,Elkanah,elkanah-6,1,1,SINGLE,MATCH
Elkanah_7,Elkanah,elkanah-7,1,1,SINGLE,MATCH
Elkanah_8,Elkanah,elkanah-8,1,1,SINGLE,MATCH
Elmadam_1,Elmadam,elmadam,1,1,SINGLE,MATCH
Elnaam_1,Elnaam,elnaam,1,1,SINGLE,MATCH
Elnathan_1,Elnathan,elnathan-1,4,4,LIMITED,MATCH
Elnathan_2,Elnathan,elnathan-2,1,1,SINGLE,MATCH
Elnathan_3,Elnathan,elnathan-3,1,1,SINGLE,MATCH
Elnathan_4,Elnathan,elnathan-4,1,1,SINGLE,MATCH
Elon_1,Elon,elon-1,2,2,LIMITED,MATCH
Elon_2,Elon,elon-2,2,2,LIMITED,MATCH
Elon_3,Elon,elon-3,2,2,LIMITED,MATCH
Elpaal_1,Elpaal,elpaal,3,3,LIMITED,MATCH
Eluzai_1,Eluzai,eluzai,1,1,SINGLE,MATCH
Elzabad_1,Elzabad,elzabad-1,1,1,SINGLE,MATCH
Elzabad_2,Elzabad,elzabad-2,1,1,SINGLE,MATCH
Elzaphan_1,Elzaphan,elzaphan,4,4,LIMITED,MATCH
Enan_1,Enan,enan,5,5,LIMITED,MATCH
Enoch_1,Enoch,enoch-1,3,3,LIMITED,MATCH
Enoch_2,Enoch,enoch-2,9,9,MODERATE,MATCH
Enosh_1,Enosh,enosh,8,8,MODERATE,MATCH
Epanetus_1,Epanetus,epanetus,1,1,SINGLE,MATCH
Epaphroditus_1,Epaphroditus,epaphroditus,5,5,LIMITED,MATCH
Ephah_1,Ephah,ephah-1,2,2,LIMITED,MATCH
Ephah_2,Ephah,ephah-2,1,1,SINGLE,MATCH
Ephah_3,Ephah,ephah-3,1,1,SINGLE,MATCH
Ephai_1,Ephai,ephai,1,1,SINGLE,MATCH
Epher_1,Epher,epher-1,2,2,LIMITED,MATCH
Epher_2,Epher,epher-2,1,1,SINGLE,MATCH
Epher_3,Epher,epher-3,1,1,SINGLE,MATCH
Ephlal_1,Ephlal,ephlal,1,1,SINGLE,MATCH
Ephod_1,Ephod,ephod,1,1,SINGLE,MATCH
Ephraim_1,Ephraim,ephraim,43,43,RICH,MATCH
Ephrath_1,Ephrath,ephrath,1,1,SINGLE,MATCH
Ephron_1,Ephron,ephron,10,10,MODERATE,MATCH
Er_1,Er,er-1,5,5,LIMITED,MATCH
Er_2,Er,er-2,1,1,SINGLE,MATCH
Er_3,Er,er-3,1,1,SINGLE,MATCH
Eran_1,Eran,eran,1,1,SINGLE,MATCH
Erastus_1,Erastus,erastus-1,1,1,SINGLE,MATCH
Erastus_2,Erastus,erastus-2,2,2,LIMITED,MATCH
Eri_1,Eri,eri,2,2,LIMITED,MATCH
Esarhaddon_1,Esarhaddon,esarhaddon,4,4,LIMITED,MATCH
Esau_1,Esau,esau,81,81,RICH,MATCH
Eshban_1,Eshban,eshban,2,2,LIMITED,MATCH
Eshcol_1,Eshcol,eshcol,2,2,LIMITED,MATCH
Eshek_1,Eshek,eshek,1,1,SINGLE,MATCH
Eshtemoa_1,Eshtemoa,eshtemoa-1,1,1,SINGLE,MATCH
Eshtemoa_2,Eshtemoa,eshtemoa-2,1,1,SINGLE,MATCH
Eshton_1,Eshton,eshton,2,2,LIMITED,MATCH
Etam_1,Etam,etam,1,1,SINGLE,MATCH
Ethan_1,Ethan,ethan-1,4,4,LIMITED,MATCH
Ethan_2,Ethan,ethan-2,1,1,SINGLE,MATCH
Ethan_3,Ethan,ethan-3,3,3,LIMITED,MATCH
Ethbaal_1,Ethbaal,ethbaal,1,1,SINGLE,MATCH
Ethnan_1,Ethnan,ethnan,1,1,SINGLE,MATCH
Ethni_1,Ethni,ethni,1,1,SINGLE,MATCH
Eubulus_1,Eubulus,eubulus,1,1,SINGLE,MATCH
Eunice_1,Eunice,eunice,1,1,SINGLE,MATCH
Euodia_1,Euodia,euodia,1,1,SINGLE,MATCH
Eutychus_1,Eutychus,eutychus,1,1,SINGLE,MATCH
Eve_1,Eve,eve,4,4,LIMITED,MATCH
Evi_1,Evi,evi,2,2,LIMITED,MATCH
Evil-merodach_1,Evil-merodach,evil-merodach,3,3,LIMITED,MATCH
Ezbai_1,Ezbai,ezbai,1,1,SINGLE,MATCH
Ezbon_1,Ezbon,ezbon-1,2,2,LIMITED,MATCH
Ezbon_2,Ezbon,ezbon-2,1,1,SINGLE,MATCH
Ezekiel_1,Ezekiel,ezekiel,85,85,RICH,MATCH
Ezer_1,Ezer,ezer-1,5,5,LIMITED,MATCH
Ezer_2,Ezer,ezer-2,1,1,SINGLE,MATCH
Ezer_3,Ezer,ezer-3,1,1,SINGLE,MATCH
Ezer_4,Ezer,ezer-4,1,1,SINGLE,MATCH
Ezer_5,Ezer,ezer-5,2,2,LIMITED,MATCH
Ezra_1,Ezra,ezra,25,25,RICH,MATCH
Ezrah_1,Ezrah,ezrah,1,1,SINGLE,MATCH
Ezri_1,Ezri,ezri,1,1,SINGLE,MATCH
Felix_1,Felix,felix,8,8,MODERATE,MATCH
Forunatus_1,Forunatus,forunatus,1,1,SINGLE,MATCH
Gaal_1,Gaal,gaal,9,9,MODERATE,MATCH
Gabbai_1,Gabbai,gabbai,1,1,SINGLE,MATCH
Gad_1,Gad,gad-1,45,45,RICH,MATCH
Gad_2,Gad,gad-2,13,13,MODERATE,MATCH
Gaddi_1,Gaddi,gaddi,1,1,SINGLE,MATCH
Gaddiel_1,Gaddiel,gaddiel,1,1,SINGLE,MATCH
Gadi_1,Gadi,gadi,2,2,LIMITED,MATCH
Gaham_1,Gaham,gaham,1,1,SINGLE,MATCH
Gahar_1,Gahar,gahar,2,2,LIMITED,MATCH
Gaius_1,Gaius,gaius-1,4,4,LIMITED,MATCH
Gaius_2,Gaius,gaius-2,1,1,SINGLE,MATCH
Galal_1,Galal,galal,3,3,LIMITED,MATCH
Gallio_1,Gallio,gallio,3,3,LIMITED,MATCH
Gamaliel_1,Gamaliel,gamaliel-1,5,5,LIMITED,MATCH
Gamaliel_2,Gamaliel,gamaliel-2,2,2,LIMITED,MATCH
Gamul_1,Gamul,gamul,1,1,SINGLE,MATCH
Gareb_1,Gareb,gareb,2,2,LIMITED,MATCH
Gatam_1,Gatam,gatam,3,3,LIMITED,MATCH
Gazez_1,Gazez,gazez-1,1,1,SINGLE,MATCH
Gazez_2,Gazez,gazez-2,1,1,SINGLE,MATCH
Gazzam_1,Gazzam,gazzam,2,2,LIMITED,MATCH
Geber_1,Geber,geber,1,1,SINGLE,MATCH
Gedaliah_1,Gedaliah,gedaliah-1,26,26,RICH,MATCH
Gedaliah_2,Gedaliah,gedaliah-2,2,2,LIMITED,MATCH
Gedaliah_3,Gedaliah,gedaliah-3,1,1,SINGLE,MATCH
Gedaliah_4,Gedaliah,gedaliah-4,1,1,SINGLE,MATCH
Gedaliah_5,Gedaliah,gedaliah-5,1,1,SINGLE,MATCH
Gedor_1,Gedor,gedor-1,1,1,SINGLE,MATCH
Gedor_2,Gedor,gedor-2,1,1,SINGLE,MATCH
Gedor_3,Gedor,gedor-3,2,2,LIMITED,MATCH
Gehazi_1,Gehazi,gehazi,12,12,MODERATE,MATCH
Gemalli_1,Gemalli,gemalli,1,1,SINGLE,MATCH
Gemariah_1,Gemariah,gemariah-1,5,5,LIMITED,MATCH
Gemariah_2,Gemariah,gemariah-2,0,1,SINGLE,SPECIAL
Genubath_1,Genubath,genubath,1,1,SINGLE,MATCH
Gera_1,Gera,gera-1,2,2,LIMITED,MATCH
Gera_2,Gera,gera-2,1,1,SINGLE,MATCH
Gera_3,Gera,gera-3,5,5,LIMITED,MATCH
Gera_4,Gera,gera-4,1,1,SINGLE,MATCH
Gershom_1,Gershom,gershom-1,5,5,LIMITED,MATCH
Gershom_2,Gershom,gershom-2,1,1,SINGLE,MATCH
Gershom_3,Gershom,gershom-3,1,1,SINGLE,MATCH
Gershon_1,Gershon,gershon,23,23,MODERATE,MATCH
Geshan_1,Geshan,geshan,1,1,SINGLE,MATCH
Geshem_1,Geshem,geshem,4,4,LIMITED,MATCH
Gether_1,Gether,gether,2,2,LIMITED,MATCH
Geuel_1,Geuel,geuel,1,1,SINGLE,MATCH
Gibbar_1,Gibbar,gibbar,2,2,LIMITED,MATCH
Gibea_1,Gibea,gibea,1,1,SINGLE,MATCH
Giddalti_1,Giddalti,giddalti,2,2,LIMITED,MATCH
Giddel_1,Giddel,giddel-1,2,2,LIMITED,MATCH
Giddel_2,Giddel,giddel-2,2,2,LIMITED,MATCH
Gideon_1,Gideon,gideon,51,51,RICH,MATCH
Gideoni_1,Gideoni,gideoni,5,5,LIMITED,MATCH
Gilalai_1,Gilalai,gilalai,1,1,SINGLE,MATCH
Gilead_1,Gilead,gilead-1,10,10,MODERATE,MATCH
Gilead_2,Gilead,gilead-2,2,2,LIMITED,MATCH
Gilead_3,Gilead,gilead-3,1,1,SINGLE,MATCH
Ginath_1,Ginath,ginath,2,2,LIMITED,MATCH
Ginnethon_1,Ginnethon,ginnethon,3,3,LIMITED,MATCH
Girgash_1,Girgash,girgash,2,2,LIMITED,MATCH
Gishpa_1,Gishpa,gishpa,1,1,SINGLE,MATCH
Gog_1,Gog,gog-1,1,1,SINGLE,MATCH
Gog_2,Gog,gog-2,7,7,LIMITED,MATCH
Goliath_1,Goliath,goliath,24,24,MODERATE,MATCH
Gomer_1,Gomer,gomer-1,4,4,LIMITED,MATCH
Gomer_2,Gomer,gomer-2,1,1,SINGLE,MATCH
Guni_1,Guni,guni-1,3,3,LIMITED,MATCH
Guni_2,Guni,guni-2,1,1,SINGLE,MATCH
Haahashtari_1,Haahashtari,haahashtari,1,1,SINGLE,MATCH
Habaiah_1,Habaiah,habaiah,2,2,LIMITED,MATCH
Habakkuk_1,Habakkuk,habakkuk,2,2,LIMITED,MATCH
Habazziniah_1,Habazziniah,habazziniah,1,1,SINGLE,MATCH
Hacaliah_1,Hacaliah,hacaliah,2,2,LIMITED,MATCH
Hachmoni_1,Hachmoni,hachmoni,1,1,SINGLE,MATCH
Hadad_1,Hadad,hadad-1,2,2,LIMITED,MATCH
Hadad_2,Hadad,hadad-2,4,4,LIMITED,MATCH
Hadad_3,Hadad,hadad-3,5,5,LIMITED,MATCH
Hadadezer_1,Hadadezer,hadadezer,16,16,MODERATE,MATCH
Hadar_1,Hadar,hadar,3,3,LIMITED,MATCH
Hadassah_1,Hadassah,hadassah,45,45,RICH,MATCH
Hadlai_1,Hadlai,hadlai,1,1,SINGLE,MATCH
Hadoram_1,Hadoram,hadoram,2,2,LIMITED,MATCH
Hagab_1,Hagab,hagab,1,1,SINGLE,MATCH
Hagabah_1,Hagabah,hagabah,2,2,LIMITED,MATCH
Hagar_1,Hagar,hagar,12,12,MODERATE,MATCH
Haggai_1,Haggai,haggai,10,10,MODERATE,MATCH
Haggedolim_1,Haggedolim,haggedolim,1,1,SINGLE,MATCH
Haggi_1,Haggi,haggi,2,2,LIMITED,MATCH
Haggiah_1,Haggiah,haggiah,1,1,SINGLE,MATCH
Haggith_1,Haggith,haggith,5,5,LIMITED,MATCH
Hagri_1,Hagri,hagri,1,1,SINGLE,MATCH
Hakkatan_1,Hakkatan,hakkatan,1,1,SINGLE,MATCH
Hakkoz_1,Hakkoz,hakkoz-1,3,3,LIMITED,MATCH
Hakkoz_2,Hakkoz,hakkoz-2,2,2,LIMITED,MATCH
Hakupha_1,Hakupha,hakupha,2,2,LIMITED,MATCH
Hallohesh_1,Hallohesh,hallohesh,2,2,LIMITED,MATCH
Ham_1,Ham,ham,11,11,MODERATE,MATCH
Haman_1,Haman,haman,45,45,RICH,MATCH
Hammedatha_1,Hammedatha,hammedatha,5,5,LIMITED,MATCH
Hammolecheth_1,Hammolecheth,hammolecheth,1,1,SINGLE,MATCH
Hammuel_1,Hammuel,hammuel,1,1,SINGLE,MATCH
Hamor_1,Hamor,hamor,13,13,MODERATE,MATCH
Hamul_1,Hamul,hamul,3,3,LIMITED,MATCH
Hamutal_1,Hamutal,hamutal,3,3,LIMITED,MATCH
Hanamel_1,Hanamel,hanamel,4,4,LIMITED,MATCH
Hanan_1,Hanan,hanan-1,1,1,SINGLE,MATCH
Hanan_2,Hanan,hanan-2,2,2,LIMITED,MATCH
Hanan_3,Hanan,hanan-3,1,1,SINGLE,MATCH
Hanan_4,Hanan,hanan-4,3,3,LIMITED,MATCH
Hanan_5,Hanan,hanan-5,1,1,SINGLE,MATCH
Hanan_6,Hanan,hanan-6,2,2,LIMITED,MATCH
Hanan_7,Hanan,hanan-7,1,1,SINGLE,MATCH
Hanan_8,Hanan,hanan-8,1,1,SINGLE,MATCH
Hanani_1,Hanani,hanani-1,5,5,LIMITED,MATCH
Hanani_2,Hanani,hanani-2,2,2,LIMITED,MATCH
Hanani_3,Hanani,hanani-3,1,1,SINGLE,MATCH
Hanani_4,Hanani,hanani-4,3,3,LIMITED,MATCH
Hananiah_1,Hananiah,hananiah-1,2,2,LIMITED,MATCH
Hananiah_2,Hananiah,hananiah-2,1,1,SINGLE,MATCH
Hananiah_3,Hananiah,hananiah-3,2,2,LIMITED,MATCH
Hananiah_4,Hananiah,hananiah-4,1,1,SINGLE,MATCH
Hananiah_5,Hananiah,hananiah-5,1,1,SINGLE,MATCH
Hananiah_6,Hananiah,hananiah-6,1,1,SINGLE,MATCH
Hananiah_7,Hananiah,hananiah-7,2,2,LIMITED,MATCH
Hananiah_8,Hananiah,hananiah-8,1,1,SINGLE,MATCH
Hananiah_9,Hananiah,hananiah-9,2,2,LIMITED,MATCH
Hananiah_10,Hananiah,hananiah-10,9,9,MODERATE,MATCH
Hananiah_11,Hananiah,hananiah-11,1,1,SINGLE,MATCH
Hananiah_12,Hananiah,hananiah-12,16,16,MODERATE,MATCH
Hannah_1,Hannah,hannah,11,11,MODERATE,MATCH
Hanniel_1,Hanniel,hanniel-1,1,1,SINGLE,MATCH
Hanniel_2,Hanniel,hanniel-2,1,1,SINGLE,MATCH
Hanoch_1,Hanoch,hanoch-1,2,2,LIMITED,MATCH
Hanoch_2,Hanoch,hanoch-2,4,4,LIMITED,MATCH
Hanun_1,Hanun,hanun-1,8,8,MODERATE,MATCH
Hanun_2,Hanun,hanun-2,1,1,SINGLE,MATCH
Hanun_3,Hanun,hanun-3,1,1,SINGLE,MATCH
Happizzez_1,Happizzez,happizzez,1,1,SINGLE,MATCH
Haran_1,Haran,haran-1,5,5,LIMITED,MATCH
Haran_2,Haran,haran-2,1,1,SINGLE,MATCH
Haran_3,Haran,haran-3,1,1,SINGLE,MATCH
Harbona_1,Harbona,harbona,2,2,LIMITED,MATCH
Hareph_1,Hareph,hareph,1,1,SINGLE,MATCH
Harhaiah_1,Harhaiah,harhaiah,1,1,SINGLE,MATCH
Harhas_1,Harhas,harhas,2,2,LIMITED,MATCH
Harhur_1,Harhur,harhur,2,2,LIMITED,MATCH
Harim_1,Harim,harim-1,1,1,SINGLE,MATCH
Harim_2,Harim,harim-2,3,3,LIMITED,MATCH
Harim_3,Harim,harim-3,6,6,LIMITED,MATCH
Harim_4,Harim,harim-4,1,1,SINGLE,MATCH
Hariph_1,Hariph,hariph,1,1,SINGLE,MATCH
Harnepher_1,Harnepher,harnepher,1,1,SINGLE,MATCH
Haroeh_1,Haroeh,haroeh,1,1,SINGLE,MATCH
Harsha_1,Harsha,harsha,2,2,LIMITED,MATCH
Harum_1,Harum,harum,1,1,SINGLE,MATCH
Harumaph_1,Harumaph,harumaph,1,1,SINGLE,MATCH
Haruz_1,Haruz,haruz,1,1,SINGLE,MATCH
Hasadiah_1,Hasadiah,hasadiah,1,1,SINGLE,MATCH
Hashabiah_1,Hashabiah,hashabiah-1,2,2,LIMITED,MATCH
Hashabiah_2,Hashabiah,hashabiah-2,3,3,LIMITED,MATCH
Hashabiah_3,Hashabiah,hashabiah-3,2,2,LIMITED,MATCH
Hashabiah_4,Hashabiah,hashabiah-4,3,3,LIMITED,MATCH
Hashabiah_5,Hashabiah,hashabiah-5,1,1,SINGLE,MATCH
Hashabiah_6,Hashabiah,hashabiah-6,0,2,LIMITED,SPECIAL
Hashabiah_7,Hashabiah,hashabiah-7,2,2,LIMITED,MATCH
Hashabiah_8,Hashabiah,hashabiah-8,1,1,SINGLE,MATCH
Hashabnah_1,Hashabnah,hashabnah,1,1,SINGLE,MATCH
Hashabneiah_1,Hashabneiah,hashabneiah-1,1,1,SINGLE,MATCH
Hashabneiah_2,Hashabneiah,hashabneiah-2,1,1,SINGLE,MATCH
Hashbaddanah_1,Hashbaddanah,hashbaddanah,1,1,SINGLE,MATCH
Hashubah_1,Hashubah,hashubah,1,1,SINGLE,MATCH
Hashum_1,Hashum,hashum-1,3,3,LIMITED,MATCH
Hashum_2,Hashum,hashum-2,2,2,LIMITED,MATCH
Hassenaah_1,Hassenaah,hassenaah,1,1,SINGLE,MATCH
Hassenuah_1,Hassenuah,hassenuah-1,1,1,SINGLE,MATCH
Hassenuah_2,Hassenuah,hassenuah-2,1,1,SINGLE,MATCH
Hasshub_1,Hasshub,hasshub-1,2,2,LIMITED,MATCH
Hasshub_2,Hasshub,hasshub-2,1,1,SINGLE,MATCH
Hasshub_3,Hasshub,hasshub-3,2,2,LIMITED,MATCH
Hassophereth_1,Hassophereth,hassophereth,2,2,LIMITED,MATCH
Hasupha_1,Hasupha,hasupha,2,2,LIMITED,MATCH
Hathach_1,Hathach,hathach,4,4,LIMITED,MATCH
Hathath_1,Hathath,hathath,1,1,SINGLE,MATCH
Hatipha_1,Hatipha,hatipha,2,2,LIMITED,MATCH
Hatita_1,Hatita,hatita,2,2,LIMITED,MATCH
Hattil_1,Hattil,hattil,2,2,LIMITED,MATCH
Hattush_1,Hattush,hattush-1,2,2,LIMITED,MATCH
Hattush_2,Hattush,hattush-2,1,1,SINGLE,MATCH
Hattush_3,Hattush,hattush-3,2,2,LIMITED,MATCH
Havilah_1,Havilah,havilah-1,2,2,LIMITED,MATCH
Havilah_2,Havilah,havilah-2,2,2,LIMITED,MATCH
Hazael_1,Hazael,hazael,22,22,MODERATE,MATCH
Hazaiah_1,Hazaiah,hazaiah,1,1,SINGLE,MATCH
Hazarmaveth_1,Hazarmaveth,hazarmaveth,2,2,LIMITED,MATCH
Haziel_1,Haziel,haziel,1,1,SINGLE,MATCH
Hazo_1,Hazo,hazo,1,1,SINGLE,MATCH
Hazzelelponi_1,Hazzelelponi,hazzelelponi,1,1,SINGLE,MATCH
Heber_1,Heber,heber-1,4,4,LIMITED,MATCH
Heber_2,Heber,heber-2,4,4,LIMITED,MATCH
Heber_3,Heber,heber-3,1,1,SINGLE,MATCH
Heber_4,Heber,heber-4,1,1,SINGLE,MATCH
Hebron_1,Hebron,hebron-1,7,7,LIMITED,MATCH
Hebron_2,Hebron,hebron-2,2,2,LIMITED,MATCH
Hegai_1,Hegai,hegai,3,3,LIMITED,MATCH
Helah_1,Helah,helah,2,2,LIMITED,MATCH
Heldai_1,Heldai,heldai-1,1,1,SINGLE,MATCH
Heldai_2,Heldai,heldai-2,2,2,LIMITED,MATCH
Heleb_1,Heleb,heleb,2,2,LIMITED,MATCH
Helek_1,Helek,helek,2,2,LIMITED,MATCH
Helez_1,Helez,helez-1,3,3,LIMITED,MATCH
Helez_2,Helez,helez-2,1,1,SINGLE,MATCH
Helkai_1,Helkai,helkai,1,1,SINGLE,MATCH
Helon_1,Helon,helon,5,5,LIMITED,MATCH
Hemam_1,Hemam,hemam,2,2,LIMITED,MATCH
Heman_1,Heman,heman-1,2,2,LIMITED,MATCH
Heman_2,Heman,heman-2,13,13,MODERATE,MATCH
Hemdan_1,Hemdan,hemdan,2,2,LIMITED,MATCH
Henadad_1,Henadad,henadad-1,1,1,SINGLE,MATCH
Henadad_2,Henadad,henadad-2,2,2,LIMITED,MATCH
Hepher_1,Hepher,hepher-1,5,5,LIMITED,MATCH
Hepher_2,Hepher,hepher-2,1,1,SINGLE,MATCH
Hephzibah_1,Hephzibah,hephzibah,1,1,SINGLE,MATCH
Heresh_1,Heresh,heresh,1,1,SINGLE,MATCH
Hermas_1,Hermas,hermas,1,1,SINGLE,MATCH
Hermes_1,Hermes,hermes,1,1,SINGLE,MATCH
Hermogenes_1,Hermogenes,hermogenes,1,1,SINGLE,MATCH
Herod_1,Herod,herod-1,10,10,MODERATE,MATCH
Herod_2,Herod,herod-2,26,26,RICH,MATCH
Herod_3,Herod,herod-3,6,6,LIMITED,MATCH
Herodias_1,Herodias,herodias,6,6,LIMITED,MATCH
Hesli_1,Hesli,hesli,1,1,SINGLE,MATCH
Heth_1,Heth,heth,12,12,MODERATE,MATCH
Hezekiah_1,Hezekiah,hezekiah-1,116,116,EXTENSIVE,MATCH
Hezekiah_2,Hezekiah,hezekiah-2,3,3,LIMITED,MATCH
Hezekiah_3,Hezekiah,hezekiah-3,1,1,SINGLE,MATCH
Hezion_1,Hezion,hezion,1,1,SINGLE,MATCH
Hezir_1,Hezir,hezir-1,1,1,SINGLE,MATCH
Hezir_2,Hezir,hezir-2,1,1,SINGLE,MATCH
Hezro_1,Hezro,hezro,2,2,LIMITED,MATCH
Hezron_1,Hezron,hezron-1,4,4,LIMITED,MATCH
Hezron_2,Hezron,hezron-2,12,12,MODERATE,MATCH
Hiddai_1,Hiddai,hiddai,2,2,LIMITED,MATCH
Hiel_1,Hiel,hiel,1,1,SINGLE,MATCH
Hilkiah_1,Hilkiah,hilkiah-1,6,6,LIMITED,MATCH
Hilkiah_2,Hilkiah,hilkiah-2,15,15,MODERATE,MATCH
Hilkiah_3,Hilkiah,hilkiah-3,5,5,LIMITED,MATCH
Hilkiah_4,Hilkiah,hilkiah-4,1,1,SINGLE,MATCH
Hilkiah_5,Hilkiah,hilkiah-5,1,1,SINGLE,MATCH
Hilkiah_6,Hilkiah,hilkiah-6,3,3,LIMITED,MATCH
Hillel_1,Hillel,hillel,2,2,LIMITED,MATCH
Hirah_1,Hirah,hirah,3,3,LIMITED,MATCH
Hiram_1,Hiram,hiram-1,23,23,MODERATE,MATCH
Hiram_2,Hiram,hiram-2,3,3,LIMITED,MATCH
Hivi_1,Hivi,hivi,2,2,LIMITED,MATCH
Hizki_1,Hizki,hizki,1,1,SINGLE,MATCH
Hizkiah_1,Hizkiah,hizkiah,1,1,SINGLE,MATCH
Hobab_1,Hobab,hobab,1,1,SINGLE,MATCH
Hodaviah_1,Hodaviah,hodaviah-1,1,1,SINGLE,MATCH
Hodaviah_2,Hodaviah,hodaviah-2,1,1,SINGLE,MATCH
Hodaviah_3,Hodaviah,hodaviah-3,1,1,SINGLE,MATCH
Hodaviah_4,Hodaviah,hodaviah-4,1,1,SINGLE,MATCH
Hodaviah_5,Hodaviah,hodaviah-5,3,3,LIMITED,MATCH
Hodesh_1,Hodesh,hodesh,1,1,SINGLE,MATCH
Hodiah_1,Hodiah,hodiah-1,1,1,SINGLE,MATCH
Hodiah_2,Hodiah,hodiah-2,3,3,LIMITED,MATCH
Hodiah_3,Hodiah,hodiah-3,1,1,SINGLE,MATCH
Hodiah_4,Hodiah,hodiah-4,1,1,SINGLE,MATCH
Hoglah_1,Hoglah,hoglah,4,4,LIMITED,MATCH
Hoham_1,Hoham,hoham,5,5,LIMITED,MATCH
Hophni_1,Hophni,hophni,5,5,LIMITED,MATCH
Horam_1,Horam,horam,3,3,LIMITED,MATCH
Hori_1,Hori,hori-1,2,2,LIMITED,MATCH
Hori_2,Hori,hori-2,1,1,SINGLE,MATCH
Hosah_1,Hosah,hosah,4,4,LIMITED,MATCH
Hosea_1,Hosea,hosea,3,3,LIMITED,MATCH
Hoshaiah_1,Hoshaiah,hoshaiah-1,1,1,SINGLE,MATCH
Hoshaiah_2,Hoshaiah,hoshaiah-2,3,3,LIMITED,MATCH
Hoshama_1,Hoshama,hoshama,1,1,SINGLE,MATCH
Hoshea_1,Hoshea,hoshea-1,9,9,MODERATE,MATCH
Hoshea_2,Hoshea,hoshea-2,1,1,SINGLE,MATCH
Hoshea_3,Hoshea,hoshea-3,1,1,SINGLE,MATCH
Hotham_1,Hotham,hotham-1,2,2,LIMITED,MATCH
Hotham_2,Hotham,hotham-2,1,1,SINGLE,MATCH
Hothir_1,Hothir,hothir,2,2,LIMITED,MATCH
Hul_1,Hul,hul,2,2,LIMITED,MATCH
Huldah_1,Huldah,huldah,2,2,LIMITED,MATCH
Huppah_1,Huppah,huppah,1,1,SINGLE,MATCH
Huppim_1,Huppim,huppim,5,5,LIMITED,MATCH
Hur_1,Hur,hur-1,12,12,MODERATE,MATCH
Hur_2,Hur,hur-2,2,2,LIMITED,MATCH
Hur_3,Hur,hur-3,1,1,SINGLE,MATCH
Huram-abi_1,Huram-abi,huram-abi,3,3,LIMITED,MATCH
Huri_1,Huri,huri,1,1,SINGLE,MATCH
Hushah_1,Hushah,hushah,1,1,SINGLE,MATCH
Hushai_1,Hushai,hushai-1,12,12,MODERATE,MATCH
Hushai_2,Hushai,hushai-2,1,1,SINGLE,MATCH
Husham_1,Husham,husham,4,4,LIMITED,MATCH
Hushim_1,Hushim,hushim-1,2,2,LIMITED,MATCH
Hushim_2,Hushim,hushim-2,1,1,SINGLE,MATCH
Hushim_3,Hushim,hushim-3,2,2,LIMITED,MATCH
Hymenaeus_1,Hymenaeus,hymenaeus,2,2,LIMITED,MATCH
Ibhar_1,Ibhar,ibhar,3,3,LIMITED,MATCH
Ibneiah_1,Ibneiah,ibneiah,1,1,SINGLE,MATCH
Ibnijah_1,Ibnijah,ibnijah,1,1,SINGLE,MATCH
Ibri_1,Ibri,ibri,1,1,SINGLE,MATCH
Ibsam_1,Ibsam,ibsam,1,1,SINGLE,MATCH
Ibzan_1,Ibzan,ibzan,2,2,LIMITED,MATCH
Ichabod_1,Ichabod,ichabod,2,2,LIMITED,MATCH
Idbash_1,Idbash,idbash,1,1,SINGLE,MATCH
Iddo_1,Iddo,iddo-1,1,1,SINGLE,MATCH
Iddo_2,Iddo,iddo-2,1,1,SINGLE,MATCH
Iddo_3,Iddo,iddo-3,1,1,SINGLE,MATCH
Iddo_4,Iddo,iddo-4,3,3,LIMITED,MATCH
Iddo_5,Iddo,iddo-5,6,6,LIMITED,MATCH
Iddo_6,Iddo,iddo-6,1,1,SINGLE,MATCH
Iezer_1,Iezer,iezer,3,3,LIMITED,MATCH
Igal_1,Igal,igal-1,1,1,SINGLE,MATCH
Igal_2,Igal,igal-2,2,2,LIMITED,MATCH
Igal_3,Igal,igal-3,1,1,SINGLE,MATCH
Igdaliah_1,Igdaliah,igdaliah,1,1,SINGLE,MATCH
Ikkesh_1,Ikkesh,ikkesh,3,3,LIMITED,MATCH
Imlah_1,Imlah,imlah,4,4,LIMITED,MATCH
Immanuel_1,Immanuel,immanuel,3,3,LIMITED,MATCH
Immer_1,Immer,immer-1,2,2,LIMITED,MATCH
Immer_2,Immer,immer-2,5,5,LIMITED,MATCH
Immer_3,Immer,immer-3,1,1,SINGLE,MATCH
Imna_1,Imna,imna,1,1,SINGLE,MATCH
Imnah_1,Imnah,imnah-1,3,3,LIMITED,MATCH
Imnah_2,Imnah,imnah-2,1,1,SINGLE,MATCH
Imrah_1,Imrah,imrah,1,1,SINGLE,MATCH
Imri_1,Imri,imri-1,1,1,SINGLE,MATCH
Imri_2,Imri,imri-2,1,1,SINGLE,MATCH
Iob_1,Iob,iob,3,3,LIMITED,MATCH
Iphdeiah_1,Iphdeiah,iphdeiah,1,1,SINGLE,MATCH
Ira_1,Ira,ira-1,1,1,SINGLE,MATCH
Ira_2,Ira,ira-2,3,3,LIMITED,MATCH
Ira_3,Ira,ira-3,2,2,LIMITED,MATCH
Irad_1,Irad,irad,1,1,SINGLE,MATCH
Iram_1,Iram,iram,2,2,LIMITED,MATCH
Iri_1,Iri,iri,2,2,LIMITED,MATCH
Irijah_1,Irijah,irijah,2,2,LIMITED,MATCH
Iru_1,Iru,iru,1,1,SINGLE,MATCH
Isaac_1,Isaac,isaac,107,107,EXTENSIVE,MATCH
Isaiah_1,Isaiah,isaiah,51,51,RICH,MATCH
Iscah_1,Iscah,iscah,1,1,SINGLE,MATCH
Ish-bosheth_1,Ish-bosheth,ish-bosheth,14,14,MODERATE,MATCH
Ishbah_1,Ishbah,ishbah,1,1,SINGLE,MATCH
Ishbak_1,Ishbak,ishbak,2,2,LIMITED,MATCH
Ishbi-benob_1,Ishbi-benob,ishbi-benob,1,1,SINGLE,MATCH
Ishhod_1,Ishhod,ishhod,1,1,SINGLE,MATCH
Ishi_1,Ishi,ishi-1,1,1,SINGLE,MATCH
Ishi_2,Ishi,ishi-2,1,1,SINGLE,MATCH
Ishi_3,Ishi,ishi-3,1,1,SINGLE,MATCH
Ishma_1,Ishma,ishma,1,1,SINGLE,MATCH
Ishmael_1,Ishmael,ishmael-1,18,18,MODERATE,MATCH
Ishmael_2,Ishmael,ishmael-2,21,21,MODERATE,MATCH
Ishmael_3,Ishmael,ishmael-3,2,2,LIMITED,MATCH
Ishmael_4,Ishmael,ishmael-4,1,1,SINGLE,MATCH
Ishmael_5,Ishmael,ishmael-5,1,1,SINGLE,MATCH
Ishmael_6,Ishmael,ishmael-6,1,1,SINGLE,MATCH
Ishmaiah_1,Ishmaiah,ishmaiah,1,1,SINGLE,MATCH
Ishmerai_1,Ishmerai,ishmerai,1,1,SINGLE,MATCH
Ishpah_1,Ishpah,ishpah,1,1,SINGLE,MATCH
Ishpan_1,Ishpan,ishpan,1,1,SINGLE,MATCH
Ishvah_1,Ishvah,ishvah,3,3,LIMITED,MATCH
Ishvi_1,Ishvi,ishvi-1,2,2,LIMITED,MATCH
Ishvi_2,Ishvi,ishvi-2,5,5,LIMITED,MATCH
Ismachiah_1,Ismachiah,ismachiah,1,1,SINGLE,MATCH
Issachar_1,Issachar,issachar-1,25,25,RICH,MATCH
Issachar_2,Issachar,issachar-2,1,1,SINGLE,MATCH
Isshiah_1,Isshiah,isshiah-1,1,1,SINGLE,MATCH
Isshiah_2,Isshiah,isshiah-2,1,1,SINGLE,MATCH
Isshiah_3,Isshiah,isshiah-3,2,2,LIMITED,MATCH
Isshiah_4,Isshiah,isshiah-4,2,2,LIMITED,MATCH
Isshijah_1,Isshijah,isshijah,1,1,SINGLE,MATCH
Ithamar_1,Ithamar,ithamar,18,18,MODERATE,MATCH
Ithiel_1,Ithiel,ithiel-1,1,1,SINGLE,MATCH
Ithiel_2,Ithiel,ithiel-2,1,1,SINGLE,MATCH
Ithmah_1,Ithmah,ithmah,1,1,SINGLE,MATCH
Ithra_1,Ithra,ithra,4,4,LIMITED,MATCH
Ithran_1,Ithran,ithran-1,2,2,LIMITED,MATCH
Ithran_2,Ithran,ithran-2,2,2,LIMITED,MATCH
Ithream_1,Ithream,ithream,2,2,LIMITED,MATCH
Ittai_1,Ittai,ittai,8,8,MODERATE,MATCH
Izhar_1,Izhar,izhar-1,10,10,MODERATE,MATCH
Izhar_2,Izhar,izhar-2,1,1,SINGLE,MATCH
Izliah_1,Izliah,izliah,1,1,SINGLE,MATCH
Izrahiah_1,Izrahiah,izrahiah,1,1,SINGLE,MATCH
Izziah_1,Izziah,izziah,1,1,SINGLE,MATCH
Jaakobah_1,Jaakobah,jaakobah,1,1,SINGLE,MATCH
Jaalah_1,Jaalah,jaalah,2,2,LIMITED,MATCH
Jaare-oregim_1,Jaare-oregim,jaare-oregim,4,4,LIMITED,MATCH
Jaareshiah_1,Jaareshiah,jaareshiah,1,1,SINGLE,MATCH
Jaasiel_1,Jaasiel,jaasiel-1,1,1,SINGLE,MATCH
Jaasiel_2,Jaasiel,jaasiel-2,1,1,SINGLE,MATCH
Jaasu_1,Jaasu,jaasu,1,1,SINGLE,MATCH
Jaazaniah_1,Jaazaniah,jaazaniah-1,3,3,LIMITED,MATCH
Jaazaniah_2,Jaazaniah,jaazaniah-2,1,1,SINGLE,MATCH
Jaazaniah_3,Jaazaniah,jaazaniah-3,1,1,SINGLE,MATCH
Jaazaniah_4,Jaazaniah,jaazaniah-4,1,1,SINGLE,MATCH
Jaaziah_1,Jaaziah,jaaziah,2,2,LIMITED,MATCH
Jaaziel_1,Jaaziel,jaaziel,3,3,LIMITED,MATCH
Jabal_1,Jabal,jabal,1,1,SINGLE,MATCH
Jabesh_1,Jabesh,jabesh,3,3,LIMITED,MATCH
Jabez_1,Jabez,jabez,2,2,LIMITED,MATCH
Jabin_1,Jabin,jabin,9,9,MODERATE,MATCH
Jacan_1,Jacan,jacan,1,1,SINGLE,MATCH
Jachin_1,Jachin,jachin-1,4,4,LIMITED,MATCH
Jachin_2,Jachin,jachin-2,1,1,SINGLE,MATCH
Jachin_3,Jachin,jachin-3,1,1,SINGLE,MATCH
Jachin_4,Jachin,jachin-4,1,1,SINGLE,MATCH
Jacob_1,Jacob,jacob-1,1003,1003,EXTENSIVE,MATCH
Jacob_2,Jacob,jacob-2,2,2,LIMITED,MATCH
Jada_1,Jada,jada,2,2,LIMITED,MATCH
Jaddai_1,Jaddai,jaddai,1,1,SINGLE,MATCH
Jaddua_1,Jaddua,jaddua-1,1,1,SINGLE,MATCH
Jaddua_2,Jaddua,jaddua-2,2,2,LIMITED,MATCH
Jadon_1,Jadon,jadon,1,1,SINGLE,MATCH
Jael_1,Jael,jael,6,6,LIMITED,MATCH
Jahath_1,Jahath,jahath-1,1,1,SINGLE,MATCH
Jahath_2,Jahath,jahath-2,1,1,SINGLE,MATCH
Jahath_3,Jahath,jahath-3,1,1,SINGLE,MATCH
Jahath_4,Jahath,jahath-4,2,2,LIMITED,MATCH
Jahath_5,Jahath,jahath-5,1,1,SINGLE,MATCH
Jahath_6,Jahath,jahath-6,1,1,SINGLE,MATCH
Jahaziel_1,Jahaziel,jahaziel-1,1,1,SINGLE,MATCH
Jahaziel_2,Jahaziel,jahaziel-2,2,2,LIMITED,MATCH
Jahaziel_3,Jahaziel,jahaziel-3,1,1,SINGLE,MATCH
Jahaziel_4,Jahaziel,jahaziel-4,1,1,SINGLE,MATCH
Jahdai_1,Jahdai,jahdai,1,1,SINGLE,MATCH
Jahdiel_1,Jahdiel,jahdiel,1,1,SINGLE,MATCH
Jahdo_1,Jahdo,jahdo,1,1,SINGLE,MATCH
Jahleel_1,Jahleel,jahleel,2,2,LIMITED,MATCH
Jahmai_1,Jahmai,jahmai,1,1,SINGLE,MATCH
Jahzeel_1,Jahzeel,jahzeel,3,3,LIMITED,MATCH
Jahzeiah_1,Jahzeiah,jahzeiah,1,1,SINGLE,MATCH
Jahzerah_1,Jahzerah,jahzerah,1,1,SINGLE,MATCH
Jair_1,Jair,jair-1,4,4,LIMITED,MATCH
Jair_2,Jair,jair-2,2,2,LIMITED,MATCH
Jair_3,Jair,jair-3,1,1,SINGLE,MATCH
Jairus_1,Jairus,jairus,2,2,LIMITED,MATCH
Jakeh_1,Jakeh,jakeh,1,1,SINGLE,MATCH
Jakim_1,Jakim,jakim-1,1,1,SINGLE,MATCH
Jakim_2,Jakim,jakim-2,1,1,SINGLE,MATCH
Jalam_1,Jalam,jalam,4,4,LIMITED,MATCH
Jalon_1,Jalon,jalon,1,1,SINGLE,MATCH
Jambres_1,Jambres,jambres,2,2,LIMITED,MATCH
James_1,James,james-1,26,26,RICH,MATCH
James_2,James,james-2,7,7,LIMITED,MATCH
James_3,James,james-3,8,8,MODERATE,MATCH
James_4,James,james-4,2,2,LIMITED,MATCH
Jamin_1,Jamin,jamin-1,4,4,LIMITED,MATCH
Jamin_2,Jamin,jamin-2,1,1,SINGLE,MATCH
Jamin_3,Jamin,jamin-3,1,1,SINGLE,MATCH
Jamlech_1,Jamlech,jamlech,1,1,SINGLE,MATCH
Janai_1,Janai,janai,1,1,SINGLE,MATCH
Jannai_1,Jannai,jannai,1,1,SINGLE,MATCH
Jannes_1,Jannes,jannes,2,2,LIMITED,MATCH
Japheth_1,Japheth,japheth,11,11,MODERATE,MATCH
Japhia_1,Japhia,japhia-1,4,4,LIMITED,MATCH
Japhia_2,Japhia,japhia-2,3,3,LIMITED,MATCH
Japhlet_1,Japhlet,japhlet,2,2,LIMITED,MATCH
Jared_1,Jared,jared,7,7,LIMITED,MATCH
Jarha_1,Jarha,jarha,2,2,LIMITED,MATCH
Jarib_1,Jarib,jarib,2,2,LIMITED,MATCH
Jaroah_1,Jaroah,jaroah,1,1,SINGLE,MATCH
Jashar_1,Jashar,jashar,5,5,LIMITED,MATCH
Jashen_1,Jashen,jashen,2,2,LIMITED,MATCH
Jashobeam_1,Jashobeam,jashobeam,1,1,SINGLE,MATCH
Jashub_1,Jashub,jashub,1,1,SINGLE,MATCH
Jashubi-lehem_1,Jashubi-lehem,jashubi-lehem,1,1,SINGLE,MATCH
Jason_1,Jason,jason,5,5,LIMITED,MATCH
Jathniel_1,Jathniel,jathniel,1,1,SINGLE,MATCH
Javan_1,Javan,javan,5,5,LIMITED,MATCH
Jaziz_1,Jaziz,jaziz,1,1,SINGLE,MATCH
Jeatherai_1,Jeatherai,jeatherai,1,1,SINGLE,MATCH
Jeberechiah_1,Jeberechiah,jeberechiah,1,1,SINGLE,MATCH
Jebus_1,Jebus,jebus,2,2,LIMITED,MATCH
Jecoliah_1,Jecoliah,jecoliah,2,2,LIMITED,MATCH
Jedaiah_1,Jedaiah,jedaiah-1,1,1,SINGLE,MATCH
Jedaiah_2,Jedaiah,jedaiah-2,5,5,LIMITED,MATCH
Jedaiah_3,Jedaiah,jedaiah-3,1,1,SINGLE,MATCH
Jedaiah_4,Jedaiah,jedaiah-4,1,1,SINGLE,MATCH
Jedaiah_5,Jedaiah,jedaiah-5,3,3,LIMITED,MATCH
Jedaiah_6,Jedaiah,jedaiah-6,2,2,LIMITED,MATCH
Jediael_1,Jediael,jediael-1,1,1,SINGLE,MATCH
Jediael_2,Jediael,jediael-2,1,1,SINGLE,MATCH
Jediael_3,Jediael,jediael-3,1,1,SINGLE,MATCH
Jedidah_1,Jedidah,jedidah,1,1,SINGLE,MATCH
Jeduthun_1,Jeduthun,jeduthun,14,14,MODERATE,MATCH
Jehallelel_1,Jehallelel,jehallelel-1,1,1,SINGLE,MATCH
Jehallelel_2,Jehallelel,jehallelel-2,1,1,SINGLE,MATCH
Jehdeiah_1,Jehdeiah,jehdeiah-1,1,1,SINGLE,MATCH
Jehdeiah_2,Jehdeiah,jehdeiah-2,1,1,SINGLE,MATCH
Jehezkel_1,Jehezkel,jehezkel,1,1,SINGLE,MATCH
Jehiah_1,Jehiah,jehiah,1,1,SINGLE,MATCH
Jehiel_1,Jehiel,jehiel-1,6,6,LIMITED,MATCH
Jehiel_2,Jehiel,jehiel-2,1,1,SINGLE,MATCH
Jehiel_3,Jehiel,jehiel-3,1,1,SINGLE,MATCH
Jehiel_4,Jehiel,jehiel-4,3,3,LIMITED,MATCH
Jehiel_5,Jehiel,jehiel-5,1,1,SINGLE,MATCH
Jehiel_6,Jehiel,jehiel-6,1,1,SINGLE,MATCH
Jehiel_7,Jehiel,jehiel-7,1,1,SINGLE,MATCH
Jehiel_8,Jehiel,jehiel-8,1,1,SINGLE,MATCH
Jehikhiah_1,Jehikhiah,jehikhiah,1,1,SINGLE,MATCH
Jehoaddah_1,Jehoaddah,jehoaddah,2,2,LIMITED,MATCH
Jehoaddin_1,Jehoaddin,jehoaddin,2,2,LIMITED,MATCH
Jehoahaz_1,Jehoahaz,jehoahaz-1,14,14,MODERATE,MATCH
Jehoahaz_2,Jehoahaz,jehoahaz-2,8,8,MODERATE,MATCH
Jehohanan_1,Jehohanan,jehohanan-1,2,2,LIMITED,MATCH
Jehohanan_2,Jehohanan,jehohanan-2,1,1,SINGLE,MATCH
Jehohanan_3,Jehohanan,jehohanan-3,1,1,SINGLE,MATCH
Jehohanan_4,Jehohanan,jehohanan-4,2,2,LIMITED,MATCH
Jehoiachin_1,Jehoiachin,jehoiachin,22,22,MODERATE,MATCH
Jehoiada_1,Jehoiada,jehoiada-1,22,22,MODERATE,MATCH
Jehoiada_2,Jehoiada,jehoiada-2,25,25,RICH,MATCH
Jehoiada_3,Jehoiada,jehoiada-3,1,1,SINGLE,MATCH
Jehoiarib_1,Jehoiarib,jehoiarib-1,1,1,SINGLE,MATCH
Jehoiarib_2,Jehoiarib,jehoiarib-2,1,1,SINGLE,MATCH
Jehonadab_1,Jehonadab,jehonadab,9,9,MODERATE,MATCH
Jehonathan_1,Jehonathan,jehonathan-1,1,1,SINGLE,MATCH
Jehonathan_2,Jehonathan,jehonathan-2,1,1,SINGLE,MATCH
Jehoram_1,Jehoram,jehoram-1,23,23,MODERATE,MATCH
Jehoram_2,Jehoram,jehoram-2,37,37,RICH,MATCH
Jehoram_3,Jehoram,jehoram-3,1,1,SINGLE,MATCH
Jehoshaphat_1,Jehoshaphat,jehoshaphat-1,4,4,LIMITED,MATCH
Jehoshaphat_2,Jehoshaphat,jehoshaphat-2,1,1,SINGLE,MATCH
Jehoshaphat_3,Jehoshaphat,jehoshaphat-3,67,67,RICH,MATCH
Jehoshaphat_4,Jehoshaphat,jehoshaphat-4,2,2,LIMITED,MATCH
Jehosheba_1,Jehosheba,jehosheba,2,2,LIMITED,MATCH
Jehozabad_1,Jehozabad,jehozabad-1,2,2,LIMITED,MATCH
Jehozabad_2,Jehozabad,jehozabad-2,1,1,SINGLE,MATCH
Jehozabad_3,Jehozabad,jehozabad-3,1,1,SINGLE,MATCH
Jehozadak_1,Jehozadak,jehozadak-1,2,2,LIMITED,MATCH
Jehozadak_2,Jehozadak,jehozadak-2,6,6,LIMITED,MATCH
Jehu_1,Jehu,jehu-1,5,5,LIMITED,MATCH
Jehu_2,Jehu,jehu-2,46,46,RICH,MATCH
Jehu_3,Jehu,jehu-3,1,1,SINGLE,MATCH
Jehu_4,Jehu,jehu-4,1,1,SINGLE,MATCH
Jehu_5,Jehu,jehu-5,1,1,SINGLE,MATCH
Jehubbah_1,Jehubbah,jehubbah,1,1,SINGLE,MATCH
Jehucal_1,Jehucal,jehucal,1,1,SINGLE,MATCH
Jehudi_1,Jehudi,jehudi,3,3,LIMITED,MATCH
Jeiel_1,Jeiel,jeiel-1,1,1,SINGLE,MATCH
Jeiel_2,Jeiel,jeiel-2,1,1,SINGLE,MATCH
Jeiel_3,Jeiel,jeiel-3,1,1,SINGLE,MATCH
Jeiel_4,Jeiel,jeiel-4,3,3,LIMITED,MATCH
Jeiel_5,Jeiel,jeiel-5,1,1,SINGLE,MATCH
Jeiel_6,Jeiel,jeiel-6,1,1,SINGLE,MATCH
Jeiel_7,Jeiel,jeiel-7,2,2,LIMITED,MATCH
Jeiel_8,Jeiel,jeiel-8,1,1,SINGLE,MATCH
Jekameam_1,Jekameam,jekameam,2,2,LIMITED,MATCH
Jekamiah_1,Jekamiah,jekamiah-1,1,1,SINGLE,MATCH
Jekamiah_2,Jekamiah,jekamiah-2,1,1,SINGLE,MATCH
Jekuthiel_1,Jekuthiel,jekuthiel,1,1,SINGLE,MATCH
Jemimah_1,Jemimah,jemimah,1,1,SINGLE,MATCH
Jemuel_1,Jemuel,jemuel,4,4,LIMITED,MATCH
Jephthah_1,Jephthah,jephthah,26,26,RICH,MATCH
Jephunneh_1,Jephunneh,jephunneh-1,15,15,MODERATE,MATCH
Jephunneh_2,Jephunneh,jephunneh-2,2,2,LIMITED,MATCH
Jerah_1,Jerah,jerah,2,2,LIMITED,MATCH
Jerahmeel_1,Jerahmeel,jerahmeel-1,6,6,LIMITED,MATCH
Jerahmeel_2,Jerahmeel,jerahmeel-2,1,1,SINGLE,MATCH
Jerahmeel_3,Jerahmeel,jerahmeel-3,1,1,SINGLE,MATCH
Jered_1,Jered,jered,1,1,SINGLE,MATCH
Jeremai_1,Jeremai,jeremai,1,1,SINGLE,MATCH
Jeremiah_1,Jeremiah,jeremiah-1,3,3,LIMITED,MATCH
Jeremiah_2,Jeremiah,jeremiah-2,1,1,SINGLE,MATCH
Jeremiah_3,Jeremiah,jeremiah-3,1,1,SINGLE,MATCH
Jeremiah_4,Jeremiah,jeremiah-4,1,1,SINGLE,MATCH
Jeremiah_5,Jeremiah,jeremiah-5,1,1,SINGLE,MATCH
Jeremiah_6,Jeremiah,jeremiah-6,124,124,EXTENSIVE,MATCH
Jeremiah_7,Jeremiah,jeremiah-7,4,4,LIMITED,MATCH
Jeremiah_8,Jeremiah,jeremiah-8,1,1,SINGLE,MATCH
Jeremoth_1,Jeremoth,jeremoth-1,1,1,SINGLE,MATCH
Jeremoth_2,Jeremoth,jeremoth-2,2,2,LIMITED,MATCH
Jeremoth_3,Jeremoth,jeremoth-3,3,3,LIMITED,MATCH
Jeremoth_4,Jeremoth,jeremoth-4,1,1,SINGLE,MATCH
Jeremoth_5,Jeremoth,jeremoth-5,1,1,SINGLE,MATCH
Jeremoth_6,Jeremoth,jeremoth-6,1,1,SINGLE,MATCH
Jeremoth_7,Jeremoth,jeremoth-7,1,1,SINGLE,MATCH
Jeriah_1,Jeriah,jeriah,3,3,LIMITED,MATCH
Jeribai_1,Jeribai,jeribai,1,1,SINGLE,MATCH
Jeriel_1,Jeriel,jeriel,1,1,SINGLE,MATCH
Jerimoth_1,Jerimoth,jerimoth-1,1,1,SINGLE,MATCH
Jerimoth_2,Jerimoth,jerimoth-2,1,1,SINGLE,MATCH
Jerimoth_3,Jerimoth,jerimoth-3,1,1,SINGLE,MATCH
Jerimoth_4,Jerimoth,jerimoth-4,1,1,SINGLE,MATCH
Jerimoth_5,Jerimoth,jerimoth-5,1,1,SINGLE,MATCH
Jerioth_1,Jerioth,jerioth,1,1,SINGLE,MATCH
Jeroboam_1,Jeroboam,jeroboam-1,81,81,RICH,MATCH
Jeroboam_2,Jeroboam,jeroboam-2,13,13,MODERATE,MATCH
Jeroham_1,Jeroham,jeroham-1,3,3,LIMITED,MATCH
Jeroham_2,Jeroham,jeroham-2,1,1,SINGLE,MATCH
Jeroham_3,Jeroham,jeroham-3,1,1,SINGLE,MATCH
Jeroham_4,Jeroham,jeroham-4,1,1,SINGLE,MATCH
Jeroham_5,Jeroham,jeroham-5,1,1,SINGLE,MATCH
Jeroham_6,Jeroham,jeroham-6,1,1,SINGLE,MATCH
Jeroham_7,Jeroham,jeroham-7,1,1,SINGLE,MATCH
Jerubbesheth_1,Jerubbesheth,jerubbesheth,1,1,SINGLE,MATCH
Jerusha_1,Jerusha,jerusha,2,2,LIMITED,MATCH
Jeshaiah_1,Jeshaiah,jeshaiah-1,1,1,SINGLE,MATCH
Jeshaiah_2,Jeshaiah,jeshaiah-2,2,2,LIMITED,MATCH
Jeshaiah_3,Jeshaiah,jeshaiah-3,1,1,SINGLE,MATCH
Jeshaiah_4,Jeshaiah,jeshaiah-4,1,1,SINGLE,MATCH
Jeshaiah_5,Jeshaiah,jeshaiah-5,1,1,SINGLE,MATCH
Jeshebeab_1,Jeshebeab,jeshebeab,1,1,SINGLE,MATCH
Jesher_1,Jesher,jesher,1,1,SINGLE,MATCH
Jeshishai_1,Jeshishai,jeshishai,1,1,SINGLE,MATCH
Jeshohaiah_1,Jeshohaiah,jeshohaiah,1,1,SINGLE,MATCH
Jeshua_1,Jeshua,jeshua-1,3,3,LIMITED,MATCH
Jeshua_2,Jeshua,jeshua-2,1,1,SINGLE,MATCH
Jeshua_3,Jeshua,jeshua-3,12,12,MODERATE,MATCH
Jeshua_4,Jeshua,jeshua-4,2,2,LIMITED,MATCH
Jeshua_5,Jeshua,jeshua-5,3,3,LIMITED,MATCH
Jeshua_6,Jeshua,jeshua-6,1,1,SINGLE,MATCH
Jeshua_7,Jeshua,jeshua-7,5,5,LIMITED,MATCH
Jeshua_8,Jeshua,jeshua-8,1,1,SINGLE,MATCH
Jesimiel_1,Jesimiel,jesimiel,1,1,SINGLE,MATCH
Jesse_1,Jesse,jesse,33,33,RICH,MATCH
Jesus_1,Jesus Justus,jesus-justus,1,1,SINGLE,MATCH
Jether_1,Jether,jether-1,1,1,SINGLE,MATCH
Jether_2,Jether,jether-2,1,1,SINGLE,MATCH
Jether_3,Jether,jether-3,1,1,SINGLE,MATCH
Jetheth_1,Jetheth,jetheth,2,2,LIMITED,MATCH
Jetur_1,Jetur,jetur,2,2,LIMITED,MATCH
Jeuel_1,Jeuel,jeuel-1,1,1,SINGLE,MATCH
Jeuel_2,Jeuel,jeuel-2,1,1,SINGLE,MATCH
Jeush_1,Jeush,jeush-1,4,4,LIMITED,MATCH
Jeush_2,Jeush,jeush-2,1,1,SINGLE,MATCH
Jeush_3,Jeush,jeush-3,1,1,SINGLE,MATCH
Jeush_4,Jeush,jeush-4,2,2,LIMITED,MATCH
Jeush_5,Jeush,jeush-5,1,1,SINGLE,MATCH
Jeuz_1,Jeuz,jeuz,1,1,SINGLE,MATCH
Jezebel_1,Jezebel,jezebel-1,19,19,MODERATE,MATCH
Jezebel_2,Jezebel,jezebel-2,1,1,SINGLE,MATCH
Jezer_1,Jezer,jezer,3,3,LIMITED,MATCH
Jeziel_1,Jeziel,jeziel,1,1,SINGLE,MATCH
Jezrahiah_1,Jezrahiah,jezrahiah,1,1,SINGLE,MATCH
Jezreel_1,Jezreel,jezreel-1,1,1,SINGLE,MATCH
Jezreel_2,Jezreel,jezreel-2,1,1,SINGLE,MATCH
Jidlaph_1,Jidlaph,jidlaph,1,1,SINGLE,MATCH
Joab_1,Joab,joab-1,119,119,EXTENSIVE,MATCH
Joab_2,Joab,joab-2,1,1,SINGLE,MATCH
Joab_3,Joab,joab-3,3,3,LIMITED,MATCH
Joah_1,Joah,joah-1,6,6,LIMITED,MATCH
Joah_2,Joah,joah-2,2,2,LIMITED,MATCH
Joah_3,Joah,joah-3,1,1,SINGLE,MATCH
Joah_4,Joah,joah-4,1,1,SINGLE,MATCH
Joahaz_1,Joahaz,joahaz,1,1,SINGLE,MATCH
Joanan_1,Joanan,joanan,1,1,SINGLE,MATCH
Joanna_1,Joanna,joanna,2,2,LIMITED,MATCH
Joash_1,Joash,joash-1,8,8,MODERATE,MATCH
Joash_2,Joash,joash-2,2,2,LIMITED,MATCH
Joash_3,Joash,joash-3,26,26,RICH,MATCH
Joash_4,Joash,joash-4,25,25,RICH,MATCH
Joash_5,Joash,joash-5,1,1,SINGLE,MATCH
Joash_6,Joash,joash-6,1,1,SINGLE,MATCH
Joash_7,Joash,joash-7,1,1,SINGLE,MATCH
Joash_8,Joash,joash-8,1,1,SINGLE,MATCH
Job_1,Job,job,52,52,RICH,MATCH
Jobab_1,Jobab,jobab-1,2,2,LIMITED,MATCH
Jobab_2,Jobab,jobab-2,4,4,LIMITED,MATCH
Jobab_3,Jobab,jobab-3,2,2,LIMITED,MATCH
Jobab_4,Jobab,jobab-4,1,1,SINGLE,MATCH
Jobab_5,Jobab,jobab-5,1,1,SINGLE,MATCH
Jochebed_1,Jochebed,jochebed,2,2,LIMITED,MATCH
Joda_1,Joda,joda,1,1,SINGLE,MATCH
Joed_1,Joed,joed,1,1,SINGLE,MATCH
Joel_1,Joel,joel-1,4,4,LIMITED,MATCH
Joel_2,Joel,joel-2,1,1,SINGLE,MATCH
Joel_3,Joel,joel-3,2,2,LIMITED,MATCH
Joel_4,Joel,joel-4,1,1,SINGLE,MATCH
Joel_5,Joel,joel-5,1,1,SINGLE,MATCH
Joel_6,Joel,joel-6,4,4,LIMITED,MATCH
Joel_7,Joel,joel-7,1,1,SINGLE,MATCH
Joel_8,Joel,joel-8,1,1,SINGLE,MATCH
Joel_9,Joel,joel-9,1,1,SINGLE,MATCH
Joel_10,Joel,joel-10,1,1,SINGLE,MATCH
Joel_11,Joel,joel-11,2,2,LIMITED,MATCH
Joelah_1,Joelah,joelah,1,1,SINGLE,MATCH
Joezer_1,Joezer,joezer,1,1,SINGLE,MATCH
Jogli_1,Jogli,jogli,1,1,SINGLE,MATCH
Joha_1,Joha,joha-1,1,1,SINGLE,MATCH
Joha_2,Joha,joha-2,1,1,SINGLE,MATCH
Johanan_1,Johanan,johanan-1,15,15,MODERATE,MATCH
Johanan_2,Johanan,johanan-2,1,1,SINGLE,MATCH
Johanan_3,Johanan,johanan-3,2,2,LIMITED,MATCH
Johanan_4,Johanan,johanan-4,1,1,SINGLE,MATCH
Johanan_5,Johanan,johanan-5,1,1,SINGLE,MATCH
Johanan_6,Johanan,johanan-6,1,1,SINGLE,MATCH
Johanan_7,Johanan,johanan-7,1,1,SINGLE,MATCH
Johanan_8,Johanan,johanan-8,1,1,SINGLE,MATCH
Johanan_9,Johanan,johanan-9,1,1,SINGLE,MATCH
Johanan_10,Johanan,johanan-10,1,1,SINGLE,MATCH
John_1,John,john-1,94,94,RICH,MATCH
John_2,John,john-2,36,36,RICH,MATCH
John_3,John,john-3,4,4,LIMITED,MATCH
John_4,John,john-4,1,1,SINGLE,MATCH
John_5,John,john-5,10,10,MODERATE,MATCH
Joiada_1,Joiada,joiada-1,1,1,SINGLE,MATCH
Joiada_2,Joiada,joiada-2,3,3,LIMITED,MATCH
Joiada_3,Joiada,joiada-3,1,1,SINGLE,MATCH
Joiakim_1,Joiakim,joiakim-1,2,2,LIMITED,MATCH
Joiakim_2,Joiakim,joiakim-2,1,1,SINGLE,MATCH
Joiarib_1,Joiarib,joiarib-1,1,1,SINGLE,MATCH
Joiarib_2,Joiarib,joiarib-2,1,1,SINGLE,MATCH
Joiarib_3,Joiarib,joiarib-3,3,3,LIMITED,MATCH
Jokim_1,Jokim,jokim,1,1,SINGLE,MATCH
Jokshan_1,Jokshan,jokshan,3,3,LIMITED,MATCH
Joktan_1,Joktan,joktan,6,6,LIMITED,MATCH
Jonadab_1,Jonadab,jonadab,4,4,LIMITED,MATCH
Jonah_1,Jonah,jonah,24,24,MODERATE,MATCH
Jonam_1,Jonam,jonam,1,1,SINGLE,MATCH
Jonathan_1,Jonathan,jonathan-1,1,1,SINGLE,MATCH
Jonathan_2,Jonathan,jonathan-2,82,82,RICH,MATCH
Jonathan_3,Jonathan,jonathan-3,6,6,LIMITED,MATCH
Jonathan_4,Jonathan,jonathan-4,3,3,LIMITED,MATCH
Jonathan_5,Jonathan,jonathan-5,2,2,LIMITED,MATCH
Jonathan_6,Jonathan,jonathan-6,2,2,LIMITED,MATCH
Jonathan_7,Jonathan,jonathan-7,1,1,SINGLE,MATCH
Jonathan_8,Jonathan,jonathan-8,1,1,SINGLE,MATCH
Jonathan_9,Jonathan,jonathan-9,1,1,SINGLE,MATCH
Jonathan_10,Jonathan,jonathan-10,2,2,LIMITED,MATCH
Jonathan_11,Jonathan,jonathan-11,1,1,SINGLE,MATCH
Jonathan_12,Jonathan,jonathan-12,1,1,SINGLE,MATCH
Jonathan_13,Jonathan,jonathan-13,2,2,LIMITED,MATCH
Jonathan_14,Jonathan,jonathan-14,1,1,SINGLE,MATCH
Jorah_1,Jorah,jorah,2,2,LIMITED,MATCH
Jorai_1,Jorai,jorai,1,1,SINGLE,MATCH
Joram_1,Joram,joram-1,2,2,LIMITED,MATCH
Joram_2,Joram,joram-2,1,1,SINGLE,MATCH
Jorim_1,Jorim,jorim,1,1,SINGLE,MATCH
Jorkeam_1,Jorkeam,jorkeam,1,1,SINGLE,MATCH
Josech_1,Josech,josech,1,1,SINGLE,MATCH
Joseph_1,Joseph,joseph-1,189,189,EXTENSIVE,MATCH
Joseph_2,Joseph,joseph-2,1,1,SINGLE,MATCH
Joseph_3,Joseph,joseph-3,2,2,LIMITED,MATCH
Joseph_4,Joseph,joseph-4,1,1,SINGLE,MATCH
Joseph_5,Joseph,joseph-5,1,1,SINGLE,MATCH
Joseph_6,Joseph,joseph-6,16,16,MODERATE,MATCH
Joseph_7,Joseph,joseph-7,5,5,LIMITED,MATCH
Joseph_8,Joseph,joseph-8,7,7,LIMITED,MATCH
Joseph_9,Joseph,joseph-9,1,1,SINGLE,MATCH
Joseph_10,Joseph,joseph-10,1,1,SINGLE,MATCH
Joseph_11,Joseph,joseph-11,1,1,SINGLE,MATCH
Joseph_12,Joseph,joseph-12,28,28,RICH,MATCH
Joshah_1,Joshah,joshah,1,1,SINGLE,MATCH
Joshaphat_1,Joshaphat,joshaphat-1,1,1,SINGLE,MATCH
Joshaphat_2,Joshaphat,joshaphat-2,1,1,SINGLE,MATCH
Joshaviah_1,Joshaviah,joshaviah,1,1,SINGLE,MATCH
Joshbekashah_1,Joshbekashah,joshbekashah,2,2,LIMITED,MATCH
Josheb-basshebeth_1,Josheb-basshebeth,josheb-basshebeth,3,3,LIMITED,MATCH
Joshibiah_1,Joshibiah,joshibiah,1,1,SINGLE,MATCH
Joshua_1,Joshua,joshua-1,190,190,EXTENSIVE,MATCH
Joshua_2,Joshua,joshua-2,2,2,LIMITED,MATCH
Joshua_3,Joshua,joshua-3,1,1,SINGLE,MATCH
Joshua_4,Joshua,joshua-4,12,12,MODERATE,MATCH
Joshua_5,Joshua,joshua-5,1,1,SINGLE,MATCH
Josiah_1,Josiah,josiah-1,54,54,RICH,MATCH
Josiah_2,Josiah,josiah-2,2,2,LIMITED,MATCH
Josiphiah_1,Josiphiah,josiphiah,1,1,SINGLE,MATCH
Jotham_1,Jotham,jotham-1,4,4,LIMITED,MATCH
Jotham_2,Jotham,jotham-2,19,19,MODERATE,MATCH
Jotham_3,Jotham,jotham-3,1,1,SINGLE,MATCH
Jozabad_1,Jozabad,jozabad-1,1,1,SINGLE,MATCH
Jozabad_2,Jozabad,jozabad-2,1,1,SINGLE,MATCH
Jozabad_3,Jozabad,jozabad-3,1,1,SINGLE,MATCH
Jozabad_4,Jozabad,jozabad-4,2,2,LIMITED,MATCH
Jozabad_5,Jozabad,jozabad-5,2,2,LIMITED,MATCH
Jozabad_6,Jozabad,jozabad-6,1,1,SINGLE,MATCH
Jozabad_7,Jozabad,jozabad-7,1,1,SINGLE,MATCH
Jozabad_8,Jozabad,jozabad-8,1,1,SINGLE,MATCH
Jozacar_1,Jozacar,jozacar,2,2,LIMITED,MATCH
Jozadak_1,Jozadak,jozadak,5,5,LIMITED,MATCH
Jubal_1,Jubal,jubal,1,1,SINGLE,MATCH
Jucal_1,Jucal,jucal,1,1,SINGLE,MATCH
Judah_1,Judah,judah-1,132,132,EXTENSIVE,MATCH
Judah_2,Judah,judah-2,1,1,SINGLE,MATCH
Judah_3,Judah,judah-3,1,1,SINGLE,MATCH
Judah_4,Judah,judah-4,3,3,LIMITED,MATCH
Judah_5,Judah,judah-5,1,1,SINGLE,MATCH
Judas_1,Judas,judas-1,25,25,RICH,MATCH
Judas_2,Judas,judas-2,3,3,LIMITED,MATCH
Judas_3,Judas,judas-3,1,1,SINGLE,MATCH
Judas_4,Judas,judas-4,1,1,SINGLE,MATCH
Judas_5,Judas,judas-5,3,3,LIMITED,MATCH
Judith_1,Judith,judith,6,6,LIMITED,MATCH
Julia_1,Julia,julia,1,1,SINGLE,MATCH
Julius_1,Julius,julius,2,2,LIMITED,MATCH
Junias_1,Junias,junias,1,1,SINGLE,MATCH
Jushab-hesed_1,Jushab-hesed,jushab-hesed,1,1,SINGLE,MATCH
Kadmiel_1,Kadmiel,kadmiel-1,4,4,LIMITED,MATCH
Kadmiel_2,Kadmiel,kadmiel-2,4,4,LIMITED,MATCH
Kallai_1,Kallai,kallai,1,1,SINGLE,MATCH
Kareah_1,Kareah,kareah,14,14,MODERATE,MATCH
Kedar_1,Kedar,kedar,2,2,LIMITED,MATCH
Kedemah_1,Kedemah,kedemah,2,2,LIMITED,MATCH
Keilah_1,Keilah,keilah,1,1,SINGLE,MATCH
Kelaiah_1,Kelaiah,kelaiah,1,1,SINGLE,MATCH
Kelita_1,Kelita,kelita,2,2,LIMITED,MATCH
Kemuel_1,Kemuel,kemuel-1,1,1,SINGLE,MATCH
Kemuel_2,Kemuel,kemuel-2,1,1,SINGLE,MATCH
Kemuel_3,Kemuel,kemuel-3,1,1,SINGLE,MATCH
Kenan_1,Kenan,kenan,7,7,LIMITED,MATCH
Kenaz_1,Kenaz,kenaz-1,5,5,LIMITED,MATCH
Kenaz_2,Kenaz,kenaz-2,5,5,LIMITED,MATCH
Kenaz_3,Kenaz,kenaz-3,1,1,SINGLE,MATCH
Keren-happuch_1,Keren-happuch,keren-happuch,1,1,SINGLE,MATCH
Keros_1,Keros,keros,2,2,LIMITED,MATCH
Keturah_1,Keturah,keturah,4,4,LIMITED,MATCH
Keziah_1,Keziah,keziah,1,1,SINGLE,MATCH
King Jareb_1,King Jareb,king-jareb,2,2,LIMITED,MATCH
Kish_1,Kish,kish-1,11,11,MODERATE,MATCH
Kish_2,Kish,kish-2,2,2,LIMITED,MATCH
Kish_3,Kish,kish-3,3,3,LIMITED,MATCH
Kish_4,Kish,kish-4,1,1,SINGLE,MATCH
Kishi_1,Kishi,kishi,3,3,LIMITED,MATCH
Kittim_1,Kittim,kittim,2,2,LIMITED,MATCH
Kohath_1,Kohath,kohath,29,29,RICH,MATCH
Kolaiah_1,Kolaiah,kolaiah-1,1,1,SINGLE,MATCH
Kolaiah_2,Kolaiah,kolaiah-2,1,1,SINGLE,MATCH
Korah_1,Korah,korah-1,4,4,LIMITED,MATCH
Korah_2,Korah,korah-2,1,1,SINGLE,MATCH
Korah_3,Korah,korah-3,33,33,RICH,MATCH
Korah_4,Korah,korah-4,1,1,SINGLE,MATCH
Kore_1,Kore,kore-1,2,2,LIMITED,MATCH
Kore_2,Kore,kore-2,1,1,SINGLE,MATCH
Koz_1,Koz,koz,1,1,SINGLE,MATCH
Laadah_1,Laadah,laadah,1,1,SINGLE,MATCH
Laban_1,Laban,laban,47,47,RICH,MATCH
Ladan_1,Ladan,ladan,1,1,SINGLE,MATCH
Lael_1,Lael,lael,1,1,SINGLE,MATCH
Lahad_1,Lahad,lahad,1,1,SINGLE,MATCH
Lahmi_1,Lahmi,lahmi,1,1,SINGLE,MATCH
Laish_1,Laish,laish,2,2,LIMITED,MATCH
Lamech_1,Lamech,lamech-1,4,4,LIMITED,MATCH
Lamech_2,Lamech,lamech-2,7,7,LIMITED,MATCH
Lappidoth_1,Lappidoth,lappidoth,1,1,SINGLE,MATCH
Lazarus_1,Lazarus,lazarus-1,4,4,LIMITED,MATCH
Lazarus_2,Lazarus,lazarus-2,11,11,MODERATE,MATCH
Leah_1,Leah,leah,32,32,RICH,MATCH
Lebanah_1,Lebanah,lebanah,2,2,LIMITED,MATCH
Lecah_1,Lecah,lecah,1,1,SINGLE,MATCH
Lehab_1,Lehab,lehab,2,2,LIMITED,MATCH
Lemuel_1,Lemuel,lemuel,2,2,LIMITED,MATCH
Letush_1,Letush,letush,1,1,SINGLE,MATCH
Leum_1,Leum,leum,1,1,SINGLE,MATCH
Levi_1,Levi,levi-1,56,56,RICH,MATCH
Levi_2,Levi,levi-2,1,1,SINGLE,MATCH
Levi_3,Levi,levi-3,1,1,SINGLE,MATCH
Libni_1,Libni,libni-1,8,8,MODERATE,MATCH
Libni_2,Libni,libni-2,1,1,SINGLE,MATCH
Lihki_1,Lihki,lihki,1,1,SINGLE,MATCH
Linus_1,Linus,linus,1,1,SINGLE,MATCH
Lo-ammi_1,Lo-ammi,lo-ammi,1,1,SINGLE,MATCH
Lo-ruhamah_1,Lo-ruhamah,lo-ruhamah,2,2,LIMITED,MATCH
Lois_1,Lois,lois,1,1,SINGLE,MATCH
Lot_1,Lot,lot,33,33,RICH,MATCH
Lotan_1,Lotan,lotan,5,5,LIMITED,MATCH
Lucius_1,Lucius,lucius-1,1,1,SINGLE,MATCH
Lucius_2,Lucius,lucius-2,1,1,SINGLE,MATCH
Lud_1,Lud,lud-1,2,2,LIMITED,MATCH
Lud_2,Lud,lud-2,2,2,LIMITED,MATCH
Luke_1,Luke,luke,3,3,LIMITED,MATCH
Lydia_1,Lydia,lydia,2,2,LIMITED,MATCH
Lysanias_1,Lysanias,lysanias,1,1,SINGLE,MATCH
Maacah_1,Maacah,maacah-1,1,1,SINGLE,MATCH
Maacah_2,Maacah,maacah-2,2,2,LIMITED,MATCH
Maacah_3,Maacah,maacah-3,8,8,MODERATE,MATCH
Maacah_4,Maacah,maacah-4,1,1,SINGLE,MATCH
Maacah_5,Maacah,maacah-5,2,2,LIMITED,MATCH
Maacah_6,Maacah,maacah-6,2,2,LIMITED,MATCH
Maacah_7,Maacah,maacah-7,1,1,SINGLE,MATCH
Maacah_8,Maacah,maacah-8,1,1,SINGLE,MATCH
Maadai_1,Maadai,maadai,1,1,SINGLE,MATCH
Maai_1,Maai,maai,1,1,SINGLE,MATCH
Maasai_1,Maasai,maasai,1,1,SINGLE,MATCH
Maaseiah_1,Maaseiah,maaseiah-1,3,3,LIMITED,MATCH
Maaseiah_2,Maaseiah,maaseiah-2,1,1,SINGLE,MATCH
Maaseiah_3,Maaseiah,maaseiah-3,1,1,SINGLE,MATCH
Maaseiah_4,Maaseiah,maaseiah-4,1,1,SINGLE,MATCH
Maaseiah_5,Maaseiah,maaseiah-5,1,1,SINGLE,MATCH
Maaseiah_6,Maaseiah,maaseiah-6,3,3,LIMITED,MATCH
Maaseiah_7,Maaseiah,maaseiah-7,1,1,SINGLE,MATCH
Maaseiah_8,Maaseiah,maaseiah-8,1,1,SINGLE,MATCH
Maaseiah_9,Maaseiah,maaseiah-9,1,1,SINGLE,MATCH
Maaseiah_10,Maaseiah,maaseiah-10,4,4,LIMITED,MATCH
Maaseiah_11,Maaseiah,maaseiah-11,1,1,SINGLE,MATCH
Maaseiah_12,Maaseiah,maaseiah-12,1,1,SINGLE,MATCH
Maaseiah_13,Maaseiah,maaseiah-13,1,1,SINGLE,MATCH
Maaseiah_14,Maaseiah,maaseiah-14,3,3,LIMITED,MATCH
Maath_1,Maath,maath,1,1,SINGLE,MATCH
Maaz_1,Maaz,maaz,1,1,SINGLE,MATCH
Maaziah_1,Maaziah,maaziah-1,1,1,SINGLE,MATCH
Maaziah_2,Maaziah,maaziah-2,2,2,LIMITED,MATCH
Machbannai_1,Machbannai,machbannai,1,1,SINGLE,MATCH
Machbena_1,Machbena,machbena,1,1,SINGLE,MATCH
Machi_1,Machi,machi,1,1,SINGLE,MATCH
Machir_1,Machir,machir-1,16,16,MODERATE,MATCH
Machir_2,Machir,machir-2,3,3,LIMITED,MATCH
Machnadebai_1,Machnadebai,machnadebai,1,1,SINGLE,MATCH
Madai_1,Madai,madai,2,2,LIMITED,MATCH
Madmannah_1,Madmannah,madmannah,1,1,SINGLE,MATCH
Magbish_1,Magbish,magbish,1,1,SINGLE,MATCH
Magdiel_1,Magdiel,magdiel,2,2,LIMITED,MATCH
Magog_1,Magog,magog,2,2,LIMITED,MATCH
Magpiash_1,Magpiash,magpiash,1,1,SINGLE,MATCH
Mahalalel_1,Mahalalel,mahalalel-1,7,7,LIMITED,MATCH
Mahalalel_2,Mahalalel,mahalalel-2,1,1,SINGLE,MATCH
Mahalath_1,Mahalath,mahalath-1,6,6,LIMITED,MATCH
Mahalath_2,Mahalath,mahalath-2,1,1,SINGLE,MATCH
Maharai_1,Maharai,maharai,3,3,LIMITED,MATCH
Mahath_1,Mahath,mahath-1,2,2,LIMITED,MATCH
Mahath_2,Mahath,mahath-2,1,1,SINGLE,MATCH
Mahazioth_1,Mahazioth,mahazioth,2,2,LIMITED,MATCH
Mahlah_1,Mahlah,mahlah-1,4,4,LIMITED,MATCH
Mahlah_2,Mahlah,mahlah-2,1,1,SINGLE,MATCH
Mahli_1,Mahli,mahli-1,8,8,MODERATE,MATCH
Mahli_2,Mahli,mahli-2,1,1,SINGLE,MATCH
Mahli_3,Mahli,mahli-3,2,2,LIMITED,MATCH
Mahlon_1,Mahlon,mahlon,4,4,LIMITED,MATCH
Mahseiah_1,Mahseiah,mahseiah,2,2,LIMITED,MATCH
Malachi_1,Malachi,malachi,1,1,SINGLE,MATCH
Malcam_1,Malcam,malcam,1,1,SINGLE,MATCH
Malchi-shua_1,Malchi-shua,malchi-shua,5,5,LIMITED,MATCH
Malchiel_1,Malchiel,malchiel,3,3,LIMITED,MATCH
Malchijah_1,Malchijah,malchijah-1,1,1,SINGLE,MATCH
Malchijah_2,Malchijah,malchijah-2,6,6,LIMITED,MATCH
Malchijah_3,Malchijah,malchijah-3,1,1,SINGLE,MATCH
Malchijah_4,Malchijah,malchijah-4,1,1,SINGLE,MATCH
Malchijah_5,Malchijah,malchijah-5,1,1,SINGLE,MATCH
Malchijah_6,Malchijah,malchijah-6,1,1,SINGLE,MATCH
Malchijah_7,Malchijah,malchijah-7,1,1,SINGLE,MATCH
Malchijah_8,Malchijah,malchijah-8,1,1,SINGLE,MATCH
Malchijah_9,Malchijah,malchijah-9,1,1,SINGLE,MATCH
Malchijah_10,Malchijah,malchijah-10,2,2,LIMITED,MATCH
Malchiram_1,Malchiram,malchiram,1,1,SINGLE,MATCH
Malchus_1,Malchus,malchus,1,1,SINGLE,MATCH
Mallothi_1,Mallothi,mallothi,2,2,LIMITED,MATCH
Malluch_1,Malluch,malluch-1,1,1,SINGLE,MATCH
Malluch_2,Malluch,malluch-2,2,2,LIMITED,MATCH
Malluch_3,Malluch,malluch-3,1,1,SINGLE,MATCH
Malluch_4,Malluch,malluch-4,3,3,LIMITED,MATCH
Mamre_1,Mamre,mamre,2,2,LIMITED,MATCH
Manaen_1,Manaen,manaen,1,1,SINGLE,MATCH
Manahath_1,Manahath,manahath,2,2,LIMITED,MATCH
Manasseh_1,Manasseh,manasseh-1,70,70,RICH,MATCH
Manasseh_2,Manasseh,manasseh-2,1,1,SINGLE,MATCH
Manasseh_3,Manasseh,manasseh-3,24,24,MODERATE,MATCH
Manasseh_4,Manasseh,manasseh-4,1,1,SINGLE,MATCH
Manasseh_5,Manasseh,manasseh-5,1,1,SINGLE,MATCH
Manoah_1,Manoah,manoah,14,14,MODERATE,MATCH
Maoch_1,Maoch,maoch,2,2,LIMITED,MATCH
Maon_1,Maon,maon,1,1,SINGLE,MATCH
Mareshah_1,Mareshah,mareshah-1,1,1,SINGLE,MATCH
Mareshah_2,Mareshah,mareshah-2,1,1,SINGLE,MATCH
Marsena_1,Marsena,marsena,1,1,SINGLE,MATCH
Martha_1,Martha,martha,12,12,MODERATE,MATCH
Mary_1,Mary,mary-1,29,29,RICH,MATCH
Mary_2,Mary,mary-2,14,14,MODERATE,MATCH
Mary_3,Mary,mary-3,11,11,MODERATE,MATCH
Mary_4,Mary,mary-4,1,1,SINGLE,MATCH
Mary_5,Mary,mary-5,1,1,SINGLE,MATCH
Mary_6,Mary,mary-6,1,1,SINGLE,MATCH
Mash_1,Mash,mash,2,2,LIMITED,MATCH
Massa_1,Massa,massa,2,2,LIMITED,MATCH
Matred_1,Matred,matred,2,2,LIMITED,MATCH
Mattan_1,Mattan,mattan-1,2,2,LIMITED,MATCH
Mattan_2,Mattan,mattan-2,1,1,SINGLE,MATCH
Mattaniah_1,Mattaniah,mattaniah-1,64,64,RICH,MATCH
Mattaniah_2,Mattaniah,mattaniah-2,2,2,LIMITED,MATCH
Mattaniah_3,Mattaniah,mattaniah-3,2,2,LIMITED,MATCH
Mattaniah_4,Mattaniah,mattaniah-4,2,2,LIMITED,MATCH
Mattaniah_5,Mattaniah,mattaniah-5,1,1,SINGLE,MATCH
Mattaniah_6,Mattaniah,mattaniah-6,1,1,SINGLE,MATCH
Mattaniah_7,Mattaniah,mattaniah-7,1,1,SINGLE,MATCH
Mattaniah_8,Mattaniah,mattaniah-8,1,1,SINGLE,MATCH
Mattaniah_9,Mattaniah,mattaniah-9,4,4,LIMITED,MATCH
Mattaniah_10,Mattaniah,mattaniah-10,1,1,SINGLE,MATCH
Mattatha_1,Mattatha,mattatha,1,1,SINGLE,MATCH
Mattathias_1,Mattathias,mattathias-1,1,1,SINGLE,MATCH
Mattathias_2,Mattathias,mattathias-2,1,1,SINGLE,MATCH
Mattattah_1,Mattattah,mattattah,1,1,SINGLE,MATCH
Mattenai_1,Mattenai,mattenai-1,1,1,SINGLE,MATCH
Mattenai_2,Mattenai,mattenai-2,1,1,SINGLE,MATCH
Mattenai_3,Mattenai,mattenai-3,1,1,SINGLE,MATCH
Matthan_1,Matthan,matthan,1,1,SINGLE,MATCH
Matthat_1,Matthat,matthat-1,1,1,SINGLE,MATCH
Matthat_2,Matthat,matthat-2,1,1,SINGLE,MATCH
Matthew_1,Matthew,matthew,5,5,LIMITED,MATCH
Matthias_1,Matthias,matthias,2,2,LIMITED,MATCH
Mattithiah_1,Mattithiah,mattithiah-1,1,1,SINGLE,MATCH
Mattithiah_2,Mattithiah,mattithiah-2,3,3,LIMITED,MATCH
Mattithiah_3,Mattithiah,mattithiah-3,3,3,LIMITED,MATCH
Mattithiah_4,Mattithiah,mattithiah-4,1,1,SINGLE,MATCH
Mattithiah_5,Mattithiah,mattithiah-5,1,1,SINGLE,MATCH
Medad_1,Medad,medad,2,2,LIMITED,MATCH
Medan_1,Medan,medan,2,2,LIMITED,MATCH
Mehetabel_1,Mehetabel,mehetabel-1,2,2,LIMITED,MATCH
Mehetabel_2,Mehetabel,mehetabel-2,1,1,SINGLE,MATCH
Mehida_1,Mehida,mehida,2,2,LIMITED,MATCH
Mehir_1,Mehir,mehir,1,1,SINGLE,MATCH
Mehujael_1,Mehujael,mehujael,1,1,SINGLE,MATCH
Mehuman_1,Mehuman,mehuman,1,1,SINGLE,MATCH
Melatiah_1,Melatiah,melatiah,1,1,SINGLE,MATCH
Melchi_1,Melchi,melchi-1,1,1,SINGLE,MATCH
Melchi_2,Melchi,melchi-2,1,1,SINGLE,MATCH
Melchizedek_1,Melchizedek,melchizedek,11,11,MODERATE,MATCH
Melea_1,Melea,melea,1,1,SINGLE,MATCH
Melech_1,Melech,melech,2,2,LIMITED,MATCH
Memucan_1,Memucan,memucan,3,3,LIMITED,MATCH
Menachem_1,Menachem,menachem,8,8,MODERATE,MATCH
Menna_1,Menna,menna,1,1,SINGLE,MATCH
Meonothai_1,Meonothai,meonothai,2,2,LIMITED,MATCH
Mephibosheth_1,Mephibosheth,mephibosheth-1,14,14,MODERATE,MATCH
Mephibosheth_2,Mephibosheth,mephibosheth-2,1,1,SINGLE,MATCH
Merab_1,Merab,merab,4,4,LIMITED,MATCH
Meraiah_1,Meraiah,meraiah,1,1,SINGLE,MATCH
Meraioth_1,Meraioth,meraioth-1,4,4,LIMITED,MATCH
Meraioth_2,Meraioth,meraioth-2,1,1,SINGLE,MATCH
Meraioth_3,Meraioth,meraioth-3,2,2,LIMITED,MATCH
Merari_1,Merari,merari,38,38,RICH,MATCH
Mered_1,Mered,mered,1,1,SINGLE,MATCH
Meremoth_1,Meremoth,meremoth-1,5,5,LIMITED,MATCH
Meremoth_2,Meremoth,meremoth-2,1,1,SINGLE,MATCH
Meres_1,Meres,meres,1,1,SINGLE,MATCH
Mesha_1,Mesha,mesha-1,4,4,LIMITED,MATCH
Mesha_2,Mesha,mesha-2,1,1,SINGLE,MATCH
Mesha_3,Mesha,mesha-3,1,1,SINGLE,MATCH
Meshech_1,Meshech,meshech,3,3,LIMITED,MATCH
Meshezabel_1,Meshezabel,meshezabel-1,2,2,LIMITED,MATCH
Meshezabel_2,Meshezabel,meshezabel-2,1,1,SINGLE,MATCH
Meshillemith_1,Meshillemith,meshillemith,2,2,LIMITED,MATCH
Meshillemoth_1,Meshillemoth,meshillemoth,1,1,SINGLE,MATCH
Meshobab_1,Meshobab,meshobab,1,1,SINGLE,MATCH
Meshuallam_1,Meshuallam,meshuallam,1,1,SINGLE,MATCH
Meshullam_1,Meshullam,meshullam-1,1,1,SINGLE,MATCH
Meshullam_2,Meshullam,meshullam-2,1,1,SINGLE,MATCH
Meshullam_3,Meshullam,meshullam-3,1,1,SINGLE,MATCH
Meshullam_4,Meshullam,meshullam-4,1,1,SINGLE,MATCH
Meshullam_5,Meshullam,meshullam-5,1,1,SINGLE,MATCH
Meshullam_6,Meshullam,meshullam-6,1,1,SINGLE,MATCH
Meshullam_7,Meshullam,meshullam-7,1,1,SINGLE,MATCH
Meshullam_8,Meshullam,meshullam-8,1,1,SINGLE,MATCH
Meshullam_9,Meshullam,meshullam-9,1,1,SINGLE,MATCH
Meshullam_10,Meshullam,meshullam-10,1,1,SINGLE,MATCH
Meshullam_11,Meshullam,meshullam-11,3,3,LIMITED,MATCH
Meshullam_12,Meshullam,meshullam-12,1,1,SINGLE,MATCH
Meshullam_13,Meshullam,meshullam-13,4,4,LIMITED,MATCH
Meshullam_14,Meshullam,meshullam-14,1,1,SINGLE,MATCH
Meshullam_15,Meshullam,meshullam-15,1,1,SINGLE,MATCH
Meshullam_16,Meshullam,meshullam-16,2,2,LIMITED,MATCH
Meshullemeth_1,Meshullemeth,meshullemeth,1,1,SINGLE,MATCH
Methuselah_1,Methuselah,methuselah,7,7,LIMITED,MATCH
Methushael_1,Methushael,methushael,1,1,SINGLE,MATCH
Meunim_1,Meunim,meunim,2,2,LIMITED,MATCH
Mezahab_1,Mezahab,mezahab,2,2,LIMITED,MATCH
Mibsam_1,Mibsam,mibsam-1,2,2,LIMITED,MATCH
Mibsam_2,Mibsam,mibsam-2,1,1,SINGLE,MATCH
Mibzar_1,Mibzar,mibzar,2,2,LIMITED,MATCH
Mica_1,Mica,mica-1,5,5,LIMITED,MATCH
Mica_2,Mica,mica-2,5,5,LIMITED,MATCH
Micah_1,Micah,micah-1,19,19,MODERATE,MATCH
Micah_2,Micah,micah-2,1,1,SINGLE,MATCH
Micah_3,Micah,micah-3,3,3,LIMITED,MATCH
Micah_4,Micah,micah-4,2,2,LIMITED,MATCH
Micaiah_1,Micaiah,micaiah-1,18,18,MODERATE,MATCH
Micaiah_2,Micaiah,micaiah-2,2,2,LIMITED,MATCH
Micaiah_3,Micaiah,micaiah-3,1,1,SINGLE,MATCH
Micaiah_4,Micaiah,micaiah-4,1,1,SINGLE,MATCH
Micaiah_5,Micaiah,micaiah-5,1,1,SINGLE,MATCH
Micaiah_6,Micaiah,micaiah-6,2,2,LIMITED,MATCH
Michael_1,Michael,michael-1,1,1,SINGLE,MATCH
Michael_2,Michael,michael-2,2,2,LIMITED,MATCH
Michael_3,Michael,michael-3,1,1,SINGLE,MATCH
Michael_4,Michael,michael-4,2,2,LIMITED,MATCH
Michael_5,Michael,michael-5,1,1,SINGLE,MATCH
Michael_6,Michael,michael-6,1,1,SINGLE,MATCH
Michael_7,Michael,michael-7,1,1,SINGLE,MATCH
Michael_8,Michael,michael-8,1,1,SINGLE,MATCH
Michael_9,Michael,michael-9,5,5,LIMITED,MATCH
Michal_1,Michal,michal,16,16,MODERATE,MATCH
Michri_1,Michri,michri,1,1,SINGLE,MATCH
Midian_1,Midian,midian,4,4,LIMITED,MATCH
Mijamin_1,Mijamin,mijamin-1,1,1,SINGLE,MATCH
Mijamin_2,Mijamin,mijamin-2,1,1,SINGLE,MATCH
Mijamin_3,Mijamin,mijamin-3,2,2,LIMITED,MATCH
Mikloth_1,Mikloth,mikloth-1,3,3,LIMITED,MATCH
Mikloth_2,Mikloth,mikloth-2,1,1,SINGLE,MATCH
Mikneiah_1,Mikneiah,mikneiah,2,2,LIMITED,MATCH
Milalai_1,Milalai,milalai,1,1,SINGLE,MATCH
Milcah_1,Milcah,milcah-1,6,6,LIMITED,MATCH
Milcah_2,Milcah,milcah-2,4,4,LIMITED,MATCH
Miniamin_1,Miniamin,miniamin-1,1,1,SINGLE,MATCH
Miniamin_2,Miniamin,miniamin-2,1,1,SINGLE,MATCH
Miniamin_3,Miniamin,miniamin-3,1,1,SINGLE,MATCH
Miriam_1,Miriam,miriam-1,12,12,MODERATE,MATCH
Miriam_2,Miriam,miriam-2,1,1,SINGLE,MATCH
Mirmah_1,Mirmah,mirmah,1,1,SINGLE,MATCH
Mishael_1,Mishael,mishael-1,2,2,LIMITED,MATCH
Mishael_2,Mishael,mishael-2,1,1,SINGLE,MATCH
Mishael_3,Mishael,mishael-3,16,16,MODERATE,MATCH
Misham_1,Misham,misham,1,1,SINGLE,MATCH
Mishma_1,Mishma,mishma-1,2,2,LIMITED,MATCH
Mishma_2,Mishma,mishma-2,2,2,LIMITED,MATCH
Mishmannah_1,Mishmannah,mishmannah,1,1,SINGLE,MATCH
Mispar_1,Mispar,mispar,2,2,LIMITED,MATCH
Mithredath_1,Mithredath,mithredath-1,1,1,SINGLE,MATCH
Mithredath_2,Mithredath,mithredath-2,1,1,SINGLE,MATCH
Mizraim_1,Mizraim,mizraim,4,4,LIMITED,MATCH
Mizzah_1,Mizzah,mizzah,3,3,LIMITED,MATCH
Mnason_1,Mnason,mnason,1,1,SINGLE,MATCH
Moab_1,Moab,moab,7,7,LIMITED,MATCH
Moadiah_1,Moadiah,moadiah,1,1,SINGLE,MATCH
Molid_1,Molid,molid,1,1,SINGLE,MATCH
Mordecai_1,Mordecai,mordecai-1,2,2,LIMITED,MATCH
Mordecai_2,Mordecai,mordecai-2,50,50,RICH,MATCH
Moses_1,Moses,moses,786,786,EXTENSIVE,MATCH
Moza_1,Moza,moza-1,1,1,SINGLE,MATCH
Moza_2,Moza,moza-2,4,4,LIMITED,MATCH
Muppim_1,Muppim,muppim,5,5,LIMITED,MATCH
Mushi_1,Mushi,mushi,8,8,MODERATE,MATCH
Naam_1,Naam,naam,1,1,SINGLE,MATCH
Naamah_1,Naamah,naamah-1,1,1,SINGLE,MATCH
Naamah_2,Naamah,naamah-2,3,3,LIMITED,MATCH
Naaman_1,Naaman,naaman-1,3,3,LIMITED,MATCH
Naaman_2,Naaman,naaman-2,12,12,MODERATE,MATCH
Naaman_3,Naaman,naaman-3,1,1,SINGLE,MATCH
Naarah_1,Naarah,naarah,2,2,LIMITED,MATCH
Nabal_1,Nabal,nabal,18,18,MODERATE,MATCH
Naboth_1,Naboth,naboth,18,18,MODERATE,MATCH
Nadab_1,Nadab,nadab-1,12,12,MODERATE,MATCH
Nadab_2,Nadab,nadab-2,4,4,LIMITED,MATCH
Nadab_3,Nadab,nadab-3,2,2,LIMITED,MATCH
Nadab_4,Nadab,nadab-4,2,2,LIMITED,MATCH
Naggai_1,Naggai,naggai,1,1,SINGLE,MATCH
Naham_1,Naham,naham,1,1,SINGLE,MATCH
Nahamani_1,Nahamani,nahamani,1,1,SINGLE,MATCH
Naharai_1,Naharai,naharai,2,2,LIMITED,MATCH
Nahash_1,Nahash,nahash-1,7,7,LIMITED,MATCH
Nahash_2,Nahash,nahash-2,1,1,SINGLE,MATCH
Nahath_1,Nahath,nahath-1,3,3,LIMITED,MATCH
Nahath_2,Nahath,nahath-2,1,1,SINGLE,MATCH
Nahbi_1,Nahbi,nahbi,1,1,SINGLE,MATCH
Nahor_1,Nahor,nahor-1,8,8,MODERATE,MATCH
Nahor_2,Nahor,nahor-2,10,10,MODERATE,MATCH
Nahshon_1,Nahshon,nahshon,11,11,MODERATE,MATCH
Nahum_1,Nahum,nahum-1,1,1,SINGLE,MATCH
Nahum_2,Nahum,nahum-2,1,1,SINGLE,MATCH
Naomi_1,Naomi,naomi,21,21,MODERATE,MATCH
Naphish_1,Naphish,naphish,2,2,LIMITED,MATCH
Naphtali_1,Naphtali,naphtali,25,25,RICH,MATCH
Naphtuh_1,Naphtuh,naphtuh,2,2,LIMITED,MATCH
Narcissus_1,Narcissus,narcissus,1,1,SINGLE,MATCH
Nathan_1,Nathan,nathan-1,4,4,LIMITED,MATCH
Nathan_2,Nathan,nathan-2,30,30,RICH,MATCH
Nathan_3,Nathan,nathan-3,2,2,LIMITED,MATCH
Nathan_4,Nathan,nathan-4,1,1,SINGLE,MATCH
Nathan_5,Nathan,nathan-5,1,1,SINGLE,MATCH
Nathan_6,Nathan,nathan-6,1,1,SINGLE,MATCH
Nathan_7,Nathan,nathan-7,2,2,LIMITED,MATCH
Nathan_8,Nathan,nathan-8,1,1,SINGLE,MATCH
Nathan-melech_1,Nathan-melech,nathan-melech,1,1,SINGLE,MATCH
Neariah_1,Neariah,neariah-1,2,2,LIMITED,MATCH
Neariah_2,Neariah,neariah-2,1,1,SINGLE,MATCH
Nebai_1,Nebai,nebai,1,1,SINGLE,MATCH
Nebaioth_1,Nebaioth,nebaioth,4,4,LIMITED,MATCH
Nebat_1,Nebat,nebat,24,24,MODERATE,MATCH
Nebo_1,Nebo,nebo,3,3,LIMITED,MATCH
Nebuchadnezzar_1,Nebuchadnezzar,nebuchadnezzar,156,156,EXTENSIVE,MATCH
Nebushazban_1,Nebushazban,nebushazban,1,1,SINGLE,MATCH
Nebuzaradan_1,Nebuzaradan,nebuzaradan,15,15,MODERATE,MATCH
Pharaoh Neco_1,Neco,neco,10,10,MODERATE,MATCH
Nedabiah_1,Nedabiah,nedabiah,1,1,SINGLE,MATCH
Nehemiah_1,Nehemiah,nehemiah-1,7,7,LIMITED,MATCH
Nehemiah_2,Nehemiah,nehemiah-2,1,1,SINGLE,MATCH
Nehushta_1,Nehushta,nehushta,1,1,SINGLE,MATCH
Nekoda_1,Nekoda,nekoda,4,4,LIMITED,MATCH
Nemuel_1,Nemuel,nemuel,1,1,SINGLE,MATCH
Nepheg_1,Nepheg,nepheg-1,1,1,SINGLE,MATCH
Nepheg_2,Nepheg,nepheg-2,3,3,LIMITED,MATCH
Nephisim_1,Nephisim,nephisim,2,2,LIMITED,MATCH
Ner_1,Ner,ner,16,16,MODERATE,MATCH
Nereus_1,Nereus,nereus,1,1,SINGLE,MATCH
Nergal-sar-ezer_1,Nergal-sar-ezer,nergal-sar-ezer-1,1,1,SINGLE,MATCH
Nergal-sar-ezer_2,Nergal-sar-ezer,nergal-sar-ezer-2,2,2,LIMITED,MATCH
Neri_1,Neri,neri,1,1,SINGLE,MATCH
Neriah_1,Neriah,neriah,10,10,MODERATE,MATCH
Netanel_1,Netanel,netanel,1,1,SINGLE,MATCH
Nethanel_1,Nethanel,nethanel-1,5,5,LIMITED,MATCH
Nethanel_2,Nethanel,nethanel-2,1,1,SINGLE,MATCH
Nethanel_3,Nethanel,nethanel-3,1,1,SINGLE,MATCH
Nethanel_4,Nethanel,nethanel-4,2,2,LIMITED,MATCH
Nethanel_5,Nethanel,nethanel-5,1,1,SINGLE,MATCH
Nethanel_6,Nethanel,nethanel-6,1,1,SINGLE,MATCH
Nethanel_7,Nethanel,nethanel-7,2,2,LIMITED,MATCH
Nethaniah_1,Nethaniah,nethaniah-1,16,16,MODERATE,MATCH
Nethaniah_2,Nethaniah,nethaniah-2,2,2,LIMITED,MATCH
Nethaniah_3,Nethaniah,nethaniah-3,1,1,SINGLE,MATCH
Nethaniah_4,Nethaniah,nethaniah-4,1,1,SINGLE,MATCH
Neziah_1,Neziah,neziah,2,2,LIMITED,MATCH
Nicanor_1,Nicanor,nicanor,1,1,SINGLE,MATCH
Nicodemus_1,Nicodemus,nicodemus,5,5,LIMITED,MATCH
Nicolas_1,Nicolas,nicolas,1,1,SINGLE,MATCH
Nimrod_1,Nimrod,nimrod,3,3,LIMITED,MATCH
Nimshi_1,Nimshi,nimshi,5,5,LIMITED,MATCH
Noadiah_1,Noadiah,noadiah-1,1,1,SINGLE,MATCH
Noadiah_2,Noadiah,noadiah-2,1,1,SINGLE,MATCH
Noah_1,Noah,noah-1,47,47,RICH,MATCH
Noah_2,Noah,noah-2,4,4,LIMITED,MATCH
Nobah_1,Nobah,nobah,1,1,SINGLE,MATCH
Nogah_1,Nogah,nogah,2,2,LIMITED,MATCH
Nohah_1,Nohah,nohah,1,1,SINGLE,MATCH
Nun_1,Nun,nun,30,30,RICH,MATCH
Nympha_1,Nympha,nympha,1,1,SINGLE,MATCH
Obadiah_1,Obadiah,obadiah-1,6,6,LIMITED,MATCH
Obadiah_2,Obadiah,obadiah-2,1,1,SINGLE,MATCH
Obadiah_3,Obadiah,obadiah-3,1,1,SINGLE,MATCH
Obadiah_4,Obadiah,obadiah-4,2,2,LIMITED,MATCH
Obadiah_5,Obadiah,obadiah-5,3,3,LIMITED,MATCH
Obadiah_6,Obadiah,obadiah-6,1,1,SINGLE,MATCH
Obadiah_7,Obadiah,obadiah-7,1,1,SINGLE,MATCH
Obadiah_8,Obadiah,obadiah-8,1,1,SINGLE,MATCH
Obadiah_9,Obadiah,obadiah-9,1,1,SINGLE,MATCH
Obadiah_10,Obadiah,obadiah-10,1,1,SINGLE,MATCH
Obadiah_11,Obadiah,obadiah-11,1,1,SINGLE,MATCH
Obadiah_12,Obadiah,obadiah-12,1,1,SINGLE,MATCH
Obal_1,Obal,obal,2,2,LIMITED,MATCH
Obed_1,Obed,obed-1,6,6,LIMITED,MATCH
Obed_2,Obed,obed-2,2,2,LIMITED,MATCH
Obed_3,Obed,obed-3,1,1,SINGLE,MATCH
Obed_4,Obed,obed-4,1,1,SINGLE,MATCH
Obed_5,Obed,obed-5,1,1,SINGLE,MATCH
Obed-edom_1,Obed-edom,obed-edom-1,6,6,LIMITED,MATCH
Obed-edom_2,Obed-edom,obed-edom-2,9,9,MODERATE,MATCH
Obil_1,Obil,obil,1,1,SINGLE,MATCH
Ochran_1,Ochran,ochran,5,5,LIMITED,MATCH
Oded_1,Oded,oded,3,3,LIMITED,MATCH
Og_1,Og,og,21,21,MODERATE,MATCH
Ohad_1,Ohad,ohad,2,2,LIMITED,MATCH
Ohel_1,Ohel,ohel,1,1,SINGLE,MATCH
Oholiab_1,Oholiab,oholiab,5,5,LIMITED,MATCH
Oholibamah_1,Oholibamah,oholibamah,2,2,LIMITED,MATCH
Olympas_1,Olympas,olympas,1,1,SINGLE,MATCH
Omar_1,Omar,omar,3,3,LIMITED,MATCH
Omri_1,Omri,omri-1,13,13,MODERATE,MATCH
Omri_2,Omri,omri-2,1,1,SINGLE,MATCH
Omri_3,Omri,omri-3,1,1,SINGLE,MATCH
Omri_4,Omri,omri-4,1,1,SINGLE,MATCH
On_1,On,on,1,1,SINGLE,MATCH
Onam_1,Onam,onam-1,2,2,LIMITED,MATCH
Onam_2,Onam,onam-2,2,2,LIMITED,MATCH
Onan_1,Onan,onan,6,6,LIMITED,MATCH
Onesimus_1,Onesimus,onesimus,2,2,LIMITED,MATCH
Onesiphorus_1,Onesiphorus,onesiphorus,2,2,LIMITED,MATCH
Ophir_1,Ophir,ophir,2,2,LIMITED,MATCH
Ophrah_1,Ophrah,ophrah,1,1,SINGLE,MATCH
Oreb_1,Oreb,oreb,3,3,LIMITED,MATCH
Oren_1,Oren,oren,1,1,SINGLE,MATCH
Orpah_1,Orpah,orpah,2,2,LIMITED,MATCH
Osnappar_1,Osnappar,osnappar,1,1,SINGLE,MATCH
Othni_1,Othni,othni,1,1,SINGLE,MATCH
Othniel_1,Othniel,othniel,6,6,LIMITED,MATCH
Ozem_1,Ozem,ozem-1,1,1,SINGLE,MATCH
Ozem_2,Ozem,ozem-2,1,1,SINGLE,MATCH
Paarai_1,Paarai,paarai,2,2,LIMITED,MATCH
Padon_1,Padon,padon,2,2,LIMITED,MATCH
Pagiel_1,Pagiel,pagiel,5,5,LIMITED,MATCH
Pahath-moab_1,Pahath-moab,pahath-moab,6,6,LIMITED,MATCH
Palal_1,Palal,palal,1,1,SINGLE,MATCH
Pallu_1,Pallu,pallu,5,5,LIMITED,MATCH
Palti_1,Palti,palti-1,1,1,SINGLE,MATCH
Palti_2,Palti,palti-2,2,2,LIMITED,MATCH
Paltiel_1,Paltiel,paltiel,1,1,SINGLE,MATCH
Parmashta_1,Parmashta,parmashta,1,1,SINGLE,MATCH
Parmenas_1,Parmenas,parmenas,1,1,SINGLE,MATCH
Parnach_1,Parnach,parnach,1,1,SINGLE,MATCH
Parosh_1,Parosh,parosh-1,4,4,LIMITED,MATCH
Parosh_2,Parosh,parosh-2,2,2,LIMITED,MATCH
Parshandatha_1,Parshandatha,parshandatha,1,1,SINGLE,MATCH
Paruah_1,Paruah,paruah,1,1,SINGLE,MATCH
Pasach_1,Pasach,pasach,1,1,SINGLE,MATCH
Paseah_1,Paseah,paseah-1,1,1,SINGLE,MATCH
Paseah_2,Paseah,paseah-2,2,2,LIMITED,MATCH
Paseah_3,Paseah,paseah-3,1,1,SINGLE,MATCH
Pashhur_1,Pashhur,pashhur-1,7,7,LIMITED,MATCH
Pashhur_2,Pashhur,pashhur-2,4,4,LIMITED,MATCH
Pashhur_3,Pashhur,pashhur-3,1,1,SINGLE,MATCH
Pashhur_4,Pashhur,pashhur-4,1,1,SINGLE,MATCH
Pathrus_1,Pathrus,pathrus,2,2,LIMITED,MATCH
Patrobas_1,Patrobas,patrobas,1,1,SINGLE,MATCH
Pedahel_1,Pedahel,pedahel,1,1,SINGLE,MATCH
Pedahzur_1,Pedahzur,pedahzur,5,5,LIMITED,MATCH
Pedaiah_1,Pedaiah,pedaiah-1,1,1,SINGLE,MATCH
Pedaiah_2,Pedaiah,pedaiah-2,2,2,LIMITED,MATCH
Pedaiah_3,Pedaiah,pedaiah-3,1,1,SINGLE,MATCH
Pedaiah_4,Pedaiah,pedaiah-4,1,1,SINGLE,MATCH
Pedaiah_5,Pedaiah,pedaiah-5,2,2,LIMITED,MATCH
Pedaiah_6,Pedaiah,pedaiah-6,1,1,SINGLE,MATCH
Pekah_1,Pekah,pekah,15,15,MODERATE,MATCH
Pekahiah_1,Pekahiah,pekahiah,3,3,LIMITED,MATCH
Pelaiah_1,Pelaiah,pelaiah-1,1,1,SINGLE,MATCH
Pelaiah_2,Pelaiah,pelaiah-2,2,2,LIMITED,MATCH
Pelaliah_1,Pelaliah,pelaliah,1,1,SINGLE,MATCH
Pelatiah_1,Pelatiah,pelatiah-1,1,1,SINGLE,MATCH
Pelatiah_2,Pelatiah,pelatiah-2,1,1,SINGLE,MATCH
Pelatiah_3,Pelatiah,pelatiah-3,1,1,SINGLE,MATCH
Pelatiah_4,Pelatiah,pelatiah-4,2,2,LIMITED,MATCH
Peleg_1,Peleg,peleg,8,8,MODERATE,MATCH
Pelet_1,Pelet,pelet-1,1,1,SINGLE,MATCH
Pelet_2,Pelet,pelet-2,1,1,SINGLE,MATCH
Peleth_1,Peleth,peleth-1,1,1,SINGLE,MATCH
Peleth_2,Peleth,peleth-2,1,1,SINGLE,MATCH
Peninnah_1,Peninnah,peninnah,2,2,LIMITED,MATCH
Penuel_1,Penuel,penuel-1,1,1,SINGLE,MATCH
Penuel_2,Penuel,penuel-2,1,1,SINGLE,MATCH
Peresh_1,Peresh,peresh,1,1,SINGLE,MATCH
Perez_1,Perez,perez,15,15,MODERATE,MATCH
Persis_1,Persis,persis,1,1,SINGLE,MATCH
Peruda_1,Peruda,peruda,2,2,LIMITED,MATCH
Pethahiah_1,Pethahiah,pethahiah-1,1,1,SINGLE,MATCH
Pethahiah_2,Pethahiah,pethahiah-2,1,1,SINGLE,MATCH
Pethahiah_3,Pethahiah,pethahiah-3,1,1,SINGLE,MATCH
Pethahiah_4,Pethahiah,pethahiah-4,1,1,SINGLE,MATCH
Pethuel_1,Pethuel,pethuel,1,1,SINGLE,MATCH
Peullethai_1,Peullethai,peullethai,1,1,SINGLE,MATCH
Phanuel_1,Phanuel,phanuel,1,1,SINGLE,MATCH
Phicol_1,Phicol,phicol,3,3,LIMITED,MATCH
Philemon_1,Philemon,philemon,1,1,SINGLE,MATCH
Philetus_1,Philetus,philetus,1,1,SINGLE,MATCH
Philip_1,Philip,philip-1,29,29,RICH,MATCH
Philip_2,Philip,philip-2,3,3,LIMITED,MATCH
Philip_3,Philip,philip-3,2,2,LIMITED,MATCH
Philologus_1,Philologus,philologus,1,1,SINGLE,MATCH
Phinehas_1,Phinehas,phinehas-1,17,17,MODERATE,MATCH
Phinehas_2,Phinehas,phinehas-2,7,7,LIMITED,MATCH
Phlegon_1,Phlegon,phlegon,1,1,SINGLE,MATCH
Phoebe_1,Phoebe,phoebe,1,1,SINGLE,MATCH
Phygelus_1,Phygelus,phygelus,1,1,SINGLE,MATCH
Pilate_1,Pilate,pilate,53,53,RICH,MATCH
Pildash_1,Pildash,pildash,1,1,SINGLE,MATCH
Pilha_1,Pilha,pilha,1,1,SINGLE,MATCH
Piltai_1,Piltai,piltai,1,1,SINGLE,MATCH
Pinon_1,Pinon,pinon,2,2,LIMITED,MATCH
Piram_1,Piram,piram,4,4,LIMITED,MATCH
Pispa_1,Pispa,pispa,1,1,SINGLE,MATCH
Pithon_1,Pithon,pithon,2,2,LIMITED,MATCH
Pochereth-hazzebaim_1,Pochereth-hazzebaim,pochereth-hazzebaim,2,2,LIMITED,MATCH
Poratha_1,Poratha,poratha,1,1,SINGLE,MATCH
Porcius_1,Porcius,porcius,13,13,MODERATE,MATCH
Potiphar_1,Potiphar,potiphar,2,2,LIMITED,MATCH
Potiphera_1,Potiphera,potiphera,3,3,LIMITED,MATCH
Priscilla_1,Priscilla,priscilla,6,6,LIMITED,MATCH
Prochorus_1,Prochorus,prochorus,1,1,SINGLE,MATCH
Puah_1,Puah,puah-1,1,1,SINGLE,MATCH
Puah_2,Puah,puah-2,1,1,SINGLE,MATCH
Publius_1,Publius,publius,2,2,LIMITED,MATCH
Pudens_1,Pudens,pudens,1,1,SINGLE,MATCH
Pul_1,Pul,pul,5,5,LIMITED,MATCH
Purah_1,Purah,purah,2,2,LIMITED,MATCH
Put_1,Put,put,2,2,LIMITED,MATCH
Putiel_1,Putiel,putiel,1,1,SINGLE,MATCH
Puvvah_1,Puvvah,puvvah,3,3,LIMITED,MATCH
Pyrrhus_1,Pyrrhus,pyrrhus,1,1,SINGLE,MATCH
Quartus_1,Quartus,quartus,1,1,SINGLE,MATCH
Quirinius_1,Quirinius,quirinius,1,1,SINGLE,MATCH
Raamah_1,Raamah,raamah,2,2,LIMITED,MATCH
Rab-saris_1,Rab-saris,rab-saris,1,1,SINGLE,MATCH
Rabshakeh_1,Rabshakeh,rabshakeh,16,16,MODERATE,MATCH
Rachel_1,Rachel,rachel,45,45,RICH,MATCH
Raddai_1,Raddai,raddai,1,1,SINGLE,MATCH
Rahab_1,Rahab,rahab,8,8,MODERATE,MATCH
Raham_1,Raham,raham,1,1,SINGLE,MATCH
Rakem_1,Rakem,rakem,1,1,SINGLE,MATCH
Ram_1,Ram,ram-1,6,6,LIMITED,MATCH
Ram_2,Ram,ram-2,2,2,LIMITED,MATCH
Ram_3,Ram,ram-3,1,1,SINGLE,MATCH
Ramiah_1,Ramiah,ramiah,1,1,SINGLE,MATCH
Raphah_1,Raphah,raphah-1,0,1,SINGLE,SPECIAL
Raphah_2,Raphah,raphah-2,2,2,LIMITED,MATCH
Raphu_1,Raphu,raphu,1,1,SINGLE,MATCH
Reaiah_1,Reaiah,reaiah-1,1,1,SINGLE,MATCH
Reaiah_2,Reaiah,reaiah-2,1,1,SINGLE,MATCH
Reaiah_3,Reaiah,reaiah-3,2,2,LIMITED,MATCH
Reba_1,Reba,reba,2,2,LIMITED,MATCH
Rebekah_1,Rebekah,rebekah,30,30,RICH,MATCH
Rechab_1,Rechab,rechab-1,4,4,LIMITED,MATCH
Rechab_2,Rechab,rechab-2,7,7,LIMITED,MATCH
Rechab_3,Rechab,rechab-3,1,1,SINGLE,MATCH
Reelaiah_1,Reelaiah,reelaiah,2,2,LIMITED,MATCH
Regem_1,Regem,regem,1,1,SINGLE,MATCH
Regemmelech_1,Regemmelech,regemmelech,1,1,SINGLE,MATCH
Rehabiah_1,Rehabiah,rehabiah,3,3,LIMITED,MATCH
Rehob_1,Rehob,rehob-1,2,2,LIMITED,MATCH
Rehob_2,Rehob,rehob-2,1,1,SINGLE,MATCH
Rehoboam_1,Rehoboam,rehoboam,43,43,RICH,MATCH
Rehum_1,Rehum,rehum-1,2,2,LIMITED,MATCH
Rehum_2,Rehum,rehum-2,4,4,LIMITED,MATCH
Rehum_3,Rehum,rehum-3,2,2,LIMITED,MATCH
Rehum_4,Rehum,rehum-4,1,1,SINGLE,MATCH
Rei_1,Rei,rei,1,1,SINGLE,MATCH
Rekem_1,Rekem,rekem-1,2,2,LIMITED,MATCH
Rekem_2,Rekem,rekem-2,2,2,LIMITED,MATCH
Remaliah_1,Remaliah,remaliah,8,8,MODERATE,MATCH
Rephael_1,Rephael,rephael,1,1,SINGLE,MATCH
Rephah_1,Rephah,rephah,1,1,SINGLE,MATCH
Rephaiah_1,Rephaiah,rephaiah-1,1,1,SINGLE,MATCH
Rephaiah_2,Rephaiah,rephaiah-2,1,1,SINGLE,MATCH
Rephaiah_3,Rephaiah,rephaiah-3,1,1,SINGLE,MATCH
Rephaiah_4,Rephaiah,rephaiah-4,1,1,SINGLE,MATCH
Resheph_1,Resheph,resheph,1,1,SINGLE,MATCH
Reu_1,Reu,reu,6,6,LIMITED,MATCH
Reuben_1,Reuben,reuben,61,61,RICH,MATCH
Reuel_1,Reuel,reuel-1,6,6,LIMITED,MATCH
Reuel_2,Reuel,reuel-2,14,14,MODERATE,MATCH
Reuel_3,Reuel,reuel-3,1,1,SINGLE,MATCH
Reumah_1,Reumah,reumah,1,1,SINGLE,MATCH
Rezin_1,Rezin,rezin-1,11,11,MODERATE,MATCH
Rezin_2,Rezin,rezin-2,2,2,LIMITED,MATCH
Rezon_1,Rezon,rezon,1,1,SINGLE,MATCH
Rhesa_1,Rhesa,rhesa,1,1,SINGLE,MATCH
Rhoda_1,Rhoda,rhoda,1,1,SINGLE,MATCH
Ribai_1,Ribai,ribai,2,2,LIMITED,MATCH
Rimmon_1,Rimmon,rimmon,3,3,LIMITED,MATCH
Rinnah_1,Rinnah,rinnah,1,1,SINGLE,MATCH
Riphath_1,Riphath,riphath,2,2,LIMITED,MATCH
Rizia_1,Rizia,rizia,1,1,SINGLE,MATCH
Rizpah_1,Rizpah,rizpah,4,4,LIMITED,MATCH
Rohgah_1,Rohgah,rohgah,1,1,SINGLE,MATCH
Romamti-ezer_1,Romamti-ezer,romamti-ezer,2,2,LIMITED,MATCH
Rosh_1,Rosh,rosh,2,2,LIMITED,MATCH
Rufus_1,Rufus,rufus,2,2,LIMITED,MATCH
Ruth_1,Ruth,ruth,13,13,MODERATE,MATCH
Sabtah_1,Sabtah,sabtah,2,2,LIMITED,MATCH
Sabteca_1,Sabteca,sabteca,2,2,LIMITED,MATCH
Sacar_1,Sacar,sacar,1,1,SINGLE,MATCH
Sachia_1,Sachia,sachia,1,1,SINGLE,MATCH
Sallai_1,Sallai,sallai-1,1,1,SINGLE,MATCH
Sallai_2,Sallai,sallai-2,1,1,SINGLE,MATCH
Sallu_1,Sallu,sallu-1,1,1,SINGLE,MATCH
Sallu_2,Sallu,sallu-2,1,1,SINGLE,MATCH
Sallu_3,Sallu,sallu-3,1,1,SINGLE,MATCH
Salma_1,Salma,salma,2,2,LIMITED,MATCH
Salmon_1,Salmon,salmon,6,6,LIMITED,MATCH
Salome_1,Salome,salome,2,2,LIMITED,MATCH
Salu_1,Salu,salu,1,1,SINGLE,MATCH
Samgar-nebu_1,Samgar-nebu,samgar-nebu,1,1,SINGLE,MATCH
Samlah_1,Samlah,samlah,4,4,LIMITED,MATCH
Samson_1,Samson,samson,37,37,RICH,MATCH
Samuel_1,Samuel,samuel-1,3,3,LIMITED,MATCH
Samuel_2,Samuel,samuel-2,118,118,EXTENSIVE,MATCH
Samuel_3,Samuel,samuel-3,1,1,SINGLE,MATCH
Sanballat_1,Sanballat,sanballat,10,10,MODERATE,MATCH
Saph_1,Saph,saph,2,2,LIMITED,MATCH
Sapphira_1,Sapphira,sapphira,1,1,SINGLE,MATCH
Sar-sekim_1,Sar-sekim,sar-sekim,1,1,SINGLE,MATCH
Sarai_1,Sarai,sarai,48,48,RICH,MATCH
Saraph_1,Saraph,saraph,1,1,SINGLE,MATCH
Sargon_1,Sargon,sargon,3,3,LIMITED,MATCH
Saul_1,Saul,saul-1,336,336,EXTENSIVE,MATCH
Saul_2,Saul,saul-2,178,178,EXTENSIVE,MATCH
Sceva_1,Sceva,sceva,1,1,SINGLE,MATCH
Seba_1,Seba,seba,2,2,LIMITED,MATCH
Secundus_1,Secundus,secundus,1,1,SINGLE,MATCH
Segub_1,Segub,segub-1,1,1,SINGLE,MATCH
Segub_2,Segub,segub-2,2,2,LIMITED,MATCH
Seir_1,Seir,seir,4,4,LIMITED,MATCH
Seled_1,Seled,seled,1,1,SINGLE,MATCH
Semachiah_1,Semachiah,semachiah,1,1,SINGLE,MATCH
Semein_1,Semein,semein,1,1,SINGLE,MATCH
Senaah_1,Senaah,senaah,2,2,LIMITED,MATCH
Sennacherib_1,Sennacherib,sennacherib,45,45,RICH,MATCH
Seorim_1,Seorim,seorim,1,1,SINGLE,MATCH
Sephatiah_1,Sephatiah,sephatiah,1,1,SINGLE,MATCH
Serah_1,Serah,serah,3,3,LIMITED,MATCH
Seraiah_1,Seraiah,seraiah-1,2,2,LIMITED,MATCH
Seraiah_2,Seraiah,seraiah-2,3,3,LIMITED,MATCH
Seraiah_3,Seraiah,seraiah-3,2,2,LIMITED,MATCH
Seraiah_4,Seraiah,seraiah-4,2,2,LIMITED,MATCH
Seraiah_5,Seraiah,seraiah-5,2,2,LIMITED,MATCH
Seraiah_6,Seraiah,seraiah-6,4,4,LIMITED,MATCH
Seraiah_7,Seraiah,seraiah-7,1,1,SINGLE,MATCH
Seraiah_8,Seraiah,seraiah-8,2,2,LIMITED,MATCH
Seraiah_9,Seraiah,seraiah-9,1,1,SINGLE,MATCH
Seraiah_10,Seraiah,seraiah-10,2,2,LIMITED,MATCH
Sered_1,Sered,sered,2,2,LIMITED,MATCH
Sergius_1,Sergius,sergius,1,1,SINGLE,MATCH
Serug_1,Serug,serug,6,6,LIMITED,MATCH
Seth_1,Seth,seth,9,9,MODERATE,MATCH
Sethur_1,Sethur,sethur,1,1,SINGLE,MATCH
Shaaph_1,Shaaph,shaaph-1,1,1,SINGLE,MATCH
Shaaph_2,Shaaph,shaaph-2,1,1,SINGLE,MATCH
Shaashgaz_1,Shaashgaz,shaashgaz,1,1,SINGLE,MATCH
Shabbethai_1,Shabbethai,shabbethai-1,1,1,SINGLE,MATCH
Shabbethai_2,Shabbethai,shabbethai-2,2,2,LIMITED,MATCH
Shaharaim_1,Shaharaim,shaharaim,1,1,SINGLE,MATCH
Shallum_1,Shallum,shallum-1,4,4,LIMITED,MATCH
Shallum_2,Shallum,shallum-2,2,2,LIMITED,MATCH
Shallum_3,Shallum,shallum-3,2,2,LIMITED,MATCH
Shallum_4,Shallum,shallum-4,1,1,SINGLE,MATCH
Shallum_5,Shallum,shallum-5,1,1,SINGLE,MATCH
Shallum_6,Shallum,shallum-6,4,4,LIMITED,MATCH
Shallum_7,Shallum,shallum-7,11,11,MODERATE,MATCH
Shallum_8,Shallum,shallum-8,1,1,SINGLE,MATCH
Shallum_9,Shallum,shallum-9,1,1,SINGLE,MATCH
Shallum_10,Shallum,shallum-10,1,1,SINGLE,MATCH
Shallum_11,Shallum,shallum-11,1,1,SINGLE,MATCH
Shallum_12,Shallum,shallum-12,1,1,SINGLE,MATCH
Shallum_13,Shallum,shallum-13,1,1,SINGLE,MATCH
Shalmai_1,Shalmai,shalmai,2,2,LIMITED,MATCH
Shalmaneser_1,Shalmaneser,shalmaneser,15,15,MODERATE,MATCH
Shama_1,Shama,shama,1,1,SINGLE,MATCH
Shamgar_1,Shamgar,shamgar,2,2,LIMITED,MATCH
Shamhuth_1,Shamhuth,shamhuth,1,1,SINGLE,MATCH
Shamir_1,Shamir,shamir,1,1,SINGLE,MATCH
Shamma_1,Shamma,shamma,1,1,SINGLE,MATCH
Shammah_1,Shammah,shammah-1,3,3,LIMITED,MATCH
Shammah_2,Shammah,shammah-2,8,8,MODERATE,MATCH
Shammah_3,Shammah,shammah-3,1,1,SINGLE,MATCH
Shammah_4,Shammah,shammah-4,2,2,LIMITED,MATCH
Shammah_5,Shammah,shammah-5,2,2,LIMITED,MATCH
Shammai_1,Shammai,shammai-1,2,2,LIMITED,MATCH
Shammai_2,Shammai,shammai-2,2,2,LIMITED,MATCH
Shammai_3,Shammai,shammai-3,1,1,SINGLE,MATCH
Shammua_1,Shammua,shammua-1,1,1,SINGLE,MATCH
Shammua_2,Shammua,shammua-2,3,3,LIMITED,MATCH
Shammua_3,Shammua,shammua-3,1,1,SINGLE,MATCH
Shamsherai_1,Shamsherai,shamsherai,1,1,SINGLE,MATCH
Shapham_1,Shapham,shapham,1,1,SINGLE,MATCH
Shaphan_1,Shaphan,shaphan-1,19,19,MODERATE,MATCH
Shaphan_2,Shaphan,shaphan-2,4,4,LIMITED,MATCH
Shaphan_3,Shaphan,shaphan-3,1,1,SINGLE,MATCH
Shaphat_1,Shaphat,shaphat-1,1,1,SINGLE,MATCH
Shaphat_2,Shaphat,shaphat-2,4,4,LIMITED,MATCH
Shaphat_3,Shaphat,shaphat-3,1,1,SINGLE,MATCH
Shaphat_4,Shaphat,shaphat-4,1,1,SINGLE,MATCH
Shaphat_5,Shaphat,shaphat-5,1,1,SINGLE,MATCH
Sharai_1,Sharai,sharai,1,1,SINGLE,MATCH
Sharar_1,Sharar,sharar,2,2,LIMITED,MATCH
Sharezer_1,Sharezer,sharezer-1,2,2,LIMITED,MATCH
Sharezer_2,Sharezer,sharezer-2,1,1,SINGLE,MATCH
Shashai_1,Shashai,shashai,1,1,SINGLE,MATCH
Shashak_1,Shashak,shashak,2,2,LIMITED,MATCH
Shaul_1,Shaul,shaul-1,4,4,LIMITED,MATCH
Shaul_2,Shaul,shaul-2,4,4,LIMITED,MATCH
Shaul_3,Shaul,shaul-3,2,2,LIMITED,MATCH
Sheal_1,Sheal,sheal,1,1,SINGLE,MATCH
Shealtiel_1,Shealtiel,shealtiel-1,2,2,LIMITED,MATCH
Shealtiel_2,Shealtiel,shealtiel-2,9,9,MODERATE,MATCH
Shealtiel_3,Shealtiel,shealtiel-3,1,1,SINGLE,MATCH
Shear-jashub_1,Shear-jashub,shear-jashub,1,1,SINGLE,MATCH
Sheariah_1,Sheariah,sheariah,2,2,LIMITED,MATCH
Sheba_1,Sheba,sheba-1,2,2,LIMITED,MATCH
Sheba_2,Sheba,sheba-2,2,2,LIMITED,MATCH
Sheba_3,Sheba,sheba-3,2,2,LIMITED,MATCH
Sheba_4,Sheba,sheba-4,8,8,MODERATE,MATCH
Sheba_5,Sheba,sheba-5,1,1,SINGLE,MATCH
Shebaniah_1,Shebaniah,shebaniah-1,1,1,SINGLE,MATCH
Shebaniah_2,Shebaniah,shebaniah-2,3,3,LIMITED,MATCH
Shebaniah_3,Shebaniah,shebaniah-3,2,2,LIMITED,MATCH
Shebaniah_4,Shebaniah,shebaniah-4,1,1,SINGLE,MATCH
Sheber_1,Sheber,sheber,1,1,SINGLE,MATCH
Shebnah_1,Shebnah,shebnah,9,9,MODERATE,MATCH
Shebuel_1,Shebuel,shebuel-1,4,4,LIMITED,MATCH
Shebuel_2,Shebuel,shebuel-2,1,1,SINGLE,MATCH
Shecaniah_1,Shecaniah,shecaniah-1,2,2,LIMITED,MATCH
Shecaniah_2,Shecaniah,shecaniah-2,2,2,LIMITED,MATCH
Shecaniah_3,Shecaniah,shecaniah-3,1,1,SINGLE,MATCH
Shecaniah_4,Shecaniah,shecaniah-4,1,1,SINGLE,MATCH
Shecaniah_5,Shecaniah,shecaniah-5,1,1,SINGLE,MATCH
Shecaniah_6,Shecaniah,shecaniah-6,1,1,SINGLE,MATCH
Shecaniah_7,Shecaniah,shecaniah-7,1,1,SINGLE,MATCH
Shecaniah_8,Shecaniah,shecaniah-8,1,1,SINGLE,MATCH
Shechem_1,Shechem,shechem-1,13,13,MODERATE,MATCH
Shechem_2,Shechem,shechem-2,2,2,LIMITED,MATCH
Shechem_3,Shechem,shechem-3,1,1,SINGLE,MATCH
Shedeur_1,Shedeur,shedeur,5,5,LIMITED,MATCH
Sheerah_1,Sheerah,sheerah,1,1,SINGLE,MATCH
Shehariah_1,Shehariah,shehariah,1,1,SINGLE,MATCH
Shelah_1,Shelah,shelah-1,8,8,MODERATE,MATCH
Shelah_2,Shelah,shelah-2,8,8,MODERATE,MATCH
Shelemiah_1,Shelemiah,shelemiah-1,1,1,SINGLE,MATCH
Shelemiah_2,Shelemiah,shelemiah-2,1,1,SINGLE,MATCH
Shelemiah_3,Shelemiah,shelemiah-3,1,1,SINGLE,MATCH
Shelemiah_4,Shelemiah,shelemiah-4,1,1,SINGLE,MATCH
Shelemiah_5,Shelemiah,shelemiah-5,1,1,SINGLE,MATCH
Shelemiah_6,Shelemiah,shelemiah-6,2,2,LIMITED,MATCH
Shelemiah_7,Shelemiah,shelemiah-7,1,1,SINGLE,MATCH
Shelemiah_8,Shelemiah,shelemiah-8,1,1,SINGLE,MATCH
Sheleph_1,Sheleph,sheleph,2,2,LIMITED,MATCH
Shelesh_1,Shelesh,shelesh,1,1,SINGLE,MATCH
Shelomi_1,Shelomi,shelomi,1,1,SINGLE,MATCH
Shelomith_1,Shelomith,shelomith-1,1,1,SINGLE,MATCH
Shelomith_2,Shelomith,shelomith-2,1,1,SINGLE,MATCH
Shelomith_3,Shelomith,shelomith-3,2,2,LIMITED,MATCH
Shelomith_4,Shelomith,shelomith-4,1,1,SINGLE,MATCH
Shelomith_5,Shelomith,shelomith-5,1,1,SINGLE,MATCH
Shelomoth_1,Shelomoth,shelomoth-1,1,1,SINGLE,MATCH
Shelomoth_2,Shelomoth,shelomoth-2,3,3,LIMITED,MATCH
Shelumiel_1,Shelumiel,shelumiel,5,5,LIMITED,MATCH
Shem_1,Shem,shem,16,16,MODERATE,MATCH
Shema_1,Shema,shema-1,2,2,LIMITED,MATCH
Shema_2,Shema,shema-2,1,1,SINGLE,MATCH
Shema_3,Shema,shema-3,2,2,LIMITED,MATCH
Shema_4,Shema,shema-4,1,1,SINGLE,MATCH
Shemaah_1,Shemaah,shemaah,1,1,SINGLE,MATCH
Shemaiah_1,Shemaiah,shemaiah-1,5,5,LIMITED,MATCH
Shemaiah_2,Shemaiah,shemaiah-2,1,1,SINGLE,MATCH
Shemaiah_3,Shemaiah,shemaiah-3,1,1,SINGLE,MATCH
Shemaiah_4,Shemaiah,shemaiah-4,1,1,SINGLE,MATCH
Shemaiah_5,Shemaiah,shemaiah-5,2,2,LIMITED,MATCH
Shemaiah_6,Shemaiah,shemaiah-6,2,2,LIMITED,MATCH
Shemaiah_7,Shemaiah,shemaiah-7,2,2,LIMITED,MATCH
Shemaiah_8,Shemaiah,shemaiah-8,1,1,SINGLE,MATCH
Shemaiah_9,Shemaiah,shemaiah-9,3,3,LIMITED,MATCH
Shemaiah_10,Shemaiah,shemaiah-10,1,1,SINGLE,MATCH
Shemaiah_11,Shemaiah,shemaiah-11,1,1,SINGLE,MATCH
Shemaiah_12,Shemaiah,shemaiah-12,2,2,LIMITED,MATCH
Shemaiah_13,Shemaiah,shemaiah-13,1,1,SINGLE,MATCH
Shemaiah_14,Shemaiah,shemaiah-14,2,2,LIMITED,MATCH
Shemaiah_15,Shemaiah,shemaiah-15,1,1,SINGLE,MATCH
Shemaiah_16,Shemaiah,shemaiah-16,1,1,SINGLE,MATCH
Shemaiah_17,Shemaiah,shemaiah-17,1,1,SINGLE,MATCH
Shemaiah_18,Shemaiah,shemaiah-18,1,1,SINGLE,MATCH
Shemaiah_19,Shemaiah,shemaiah-19,6,6,LIMITED,MATCH
Shemaiah_20,Shemaiah,shemaiah-20,1,1,SINGLE,MATCH
Shemaiah_21,Shemaiah,shemaiah-21,4,4,LIMITED,MATCH
Shemariah_1,Shemariah,shemariah-1,1,1,SINGLE,MATCH
Shemariah_2,Shemariah,shemariah-2,1,1,SINGLE,MATCH
Shemariah_3,Shemariah,shemariah-3,1,1,SINGLE,MATCH
Shemariah_4,Shemariah,shemariah-4,1,1,SINGLE,MATCH
Shemeber_1,Shemeber,shemeber,2,2,LIMITED,MATCH
Shemed_1,Shemed,shemed,1,1,SINGLE,MATCH
Shemer_1,Shemer,shemer-1,1,1,SINGLE,MATCH
Shemer_2,Shemer,shemer-2,1,1,SINGLE,MATCH
Shemida_1,Shemida,shemida,3,3,LIMITED,MATCH
Shemiramoth_1,Shemiramoth,shemiramoth-1,3,3,LIMITED,MATCH
Shemiramoth_2,Shemiramoth,shemiramoth-2,1,1,SINGLE,MATCH
Shenazzar_1,Shenazzar,shenazzar,1,1,SINGLE,MATCH
Shephatiah_1,Shephatiah,shephatiah-1,2,2,LIMITED,MATCH
Shephatiah_2,Shephatiah,shephatiah-2,1,1,SINGLE,MATCH
Shephatiah_3,Shephatiah,shephatiah-3,1,1,SINGLE,MATCH
Shephatiah_4,Shephatiah,shephatiah-4,1,1,SINGLE,MATCH
Shephatiah_5,Shephatiah,shephatiah-5,3,3,LIMITED,MATCH
Shephatiah_6,Shephatiah,shephatiah-6,2,2,LIMITED,MATCH
Shephatiah_7,Shephatiah,shephatiah-7,1,1,SINGLE,MATCH
Shephatiah_8,Shephatiah,shephatiah-8,1,1,SINGLE,MATCH
Shepho_1,Shepho,shepho,2,2,LIMITED,MATCH
Sherebiah_1,Sherebiah,sherebiah-1,2,2,LIMITED,MATCH
Sherebiah_2,Sherebiah,sherebiah-2,6,6,LIMITED,MATCH
Sheresh_1,Sheresh,sheresh,1,1,SINGLE,MATCH
Sheshai_1,Sheshai,sheshai,2,2,LIMITED,MATCH
Sheshan_1,Sheshan,sheshan,3,3,LIMITED,MATCH
Sheshbazzar_1,Sheshbazzar,sheshbazzar,4,4,LIMITED,MATCH
Shethar_1,Shethar,shethar,1,1,SINGLE,MATCH
Shethar-bozenai_1,Shethar-bozenai,shethar-bozenai,4,4,LIMITED,MATCH
Sheva_1,Sheva,sheva-1,1,1,SINGLE,MATCH
Sheva_2,Sheva,sheva-2,1,1,SINGLE,MATCH
Shilhi_1,Shilhi,shilhi,2,2,LIMITED,MATCH
Shillem_1,Shillem,shillem,3,3,LIMITED,MATCH
Shilshah_1,Shilshah,shilshah,1,1,SINGLE,MATCH
Shimea_1,Shimea,shimea-1,1,1,SINGLE,MATCH
Shimea_2,Shimea,shimea-2,1,1,SINGLE,MATCH
Shimeah_1,Shimeah,shimeah,2,2,LIMITED,MATCH
Shimeath_1,Shimeath,shimeath,2,2,LIMITED,MATCH
Shimei_1,Shimei,shimei-1,5,5,LIMITED,MATCH
Shimei_2,Shimei,shimei-2,15,15,MODERATE,MATCH
Shimei_3,Shimei,shimei-3,1,1,SINGLE,MATCH
Shimei_4,Shimei,shimei-4,1,1,SINGLE,MATCH
Shimei_5,Shimei,shimei-5,2,2,LIMITED,MATCH
Shimei_6,Shimei,shimei-6,1,1,SINGLE,MATCH
Shimei_7,Shimei,shimei-7,1,1,SINGLE,MATCH
Shimei_8,Shimei,shimei-8,1,1,SINGLE,MATCH
Shimei_9,Shimei,shimei-9,1,1,SINGLE,MATCH
Shimei_10,Shimei,shimei-10,2,2,LIMITED,MATCH
Shimei_11,Shimei,shimei-11,1,1,SINGLE,MATCH
Shimei_12,Shimei,shimei-12,1,1,SINGLE,MATCH
Shimei_13,Shimei,shimei-13,2,2,LIMITED,MATCH
Shimei_14,Shimei,shimei-14,1,1,SINGLE,MATCH
Shimei_15,Shimei,shimei-15,1,1,SINGLE,MATCH
Shimei_16,Shimei,shimei-16,1,1,SINGLE,MATCH
Shimei_17,Shimei,shimei-17,1,1,SINGLE,MATCH
Shimeon_1,Shimeon,shimeon,1,1,SINGLE,MATCH
Shimon_1,Shimon,shimon,1,1,SINGLE,MATCH
Shimrath_1,Shimrath,shimrath,1,1,SINGLE,MATCH
Shimri_1,Shimri,shimri-1,1,1,SINGLE,MATCH
Shimri_2,Shimri,shimri-2,1,1,SINGLE,MATCH
Shimri_3,Shimri,shimri-3,1,1,SINGLE,MATCH
Shimri_4,Shimri,shimri-4,1,1,SINGLE,MATCH
Shimron_1,Shimron,shimron,3,3,LIMITED,MATCH
Shimshai_1,Shimshai,shimshai,4,4,LIMITED,MATCH
Shinab_1,Shinab,shinab,2,2,LIMITED,MATCH
Shiphi_1,Shiphi,shiphi,1,1,SINGLE,MATCH
Shiphrah_1,Shiphrah,shiphrah,1,1,SINGLE,MATCH
Shiphtan_1,Shiphtan,shiphtan,1,1,SINGLE,MATCH
Shisha_1,Shisha,shisha,1,1,SINGLE,MATCH
Shishak_1,Shishak,shishak,0,5,LIMITED,SPECIAL
Shitrai_1,Shitrai,shitrai,1,1,SINGLE,MATCH
Shiza_1,Shiza,shiza,1,1,SINGLE,MATCH
Shobab_1,Shobab,shobab-1,3,3,LIMITED,MATCH
Shobab_2,Shobab,shobab-2,1,1,SINGLE,MATCH
Shobach_1,Shobach,shobach,4,4,LIMITED,MATCH
Shobai_1,Shobai,shobai,2,2,LIMITED,MATCH
Shobal_1,Shobal,shobal-1,5,5,LIMITED,MATCH
Shobal_2,Shobal,shobal-2,4,4,LIMITED,MATCH
Shobek_1,Shobek,shobek,1,1,SINGLE,MATCH
Shobi_1,Shobi,shobi,1,1,SINGLE,MATCH
Shoham_1,Shoham,shoham,1,1,SINGLE,MATCH
Shomer_1,Shomer,shomer-1,2,2,LIMITED,MATCH
Shomer_2,Shomer,shomer-2,2,2,LIMITED,MATCH
Shua_1,Shua,shua-1,2,2,LIMITED,MATCH
Shua_2,Shua,shua-2,1,1,SINGLE,MATCH
Shuah_1,Shuah,shuah,2,2,LIMITED,MATCH
Shual_1,Shual,shual,1,1,SINGLE,MATCH
Shuhah_1,Shuhah,shuhah,1,1,SINGLE,MATCH
Shuni_1,Shuni,shuni,2,2,LIMITED,MATCH
Shuppim_1,Shuppim,shuppim,1,1,SINGLE,MATCH
Shuthelah_1,Shuthelah,shuthelah-1,3,3,LIMITED,MATCH
Shuthelah_2,Shuthelah,shuthelah-2,1,1,SINGLE,MATCH
Siaha_1,Siaha,siaha,2,2,LIMITED,MATCH
Sibbecai_1,Sibbecai,sibbecai,5,5,LIMITED,MATCH
Sidon_1,Sidon,sidon,2,2,LIMITED,MATCH
Sihon_1,Sihon,sihon,32,32,RICH,MATCH
Silas_1,Silas,silas,17,17,MODERATE,MATCH
Simeon_1,Simeon,simeon-1,31,31,RICH,MATCH
Simeon_2,Simeon,simeon-2,2,2,LIMITED,MATCH
Simeon_3,Simeon,simeon-3,1,1,SINGLE,MATCH
Simeon_4,Simeon,simeon-4,1,1,SINGLE,MATCH
Simon_1,Simon,simon-1,176,176,EXTENSIVE,MATCH
Simon_2,Simon,simon-2,4,4,LIMITED,MATCH
Simon_3,Simon,simon-3,2,2,LIMITED,MATCH
Simon_4,Simon,simon-4,2,2,LIMITED,MATCH
Simon_5,Simon,simon-5,3,3,LIMITED,MATCH
Simon_6,Simon,simon-6,3,3,LIMITED,MATCH
Simon_7,Simon,simon-7,3,3,LIMITED,MATCH
Simon_8,Simon,simon-8,4,4,LIMITED,MATCH
Simon_9,Simon,simon-9,4,4,LIMITED,MATCH
Sini_1,Sini,sini,2,2,LIMITED,MATCH
Sisera_1,Sisera,sisera-1,17,17,MODERATE,MATCH
Sisera_2,Sisera,sisera-2,2,2,LIMITED,MATCH
Sismai_1,Sismai,sismai,1,1,SINGLE,MATCH
Sithri_1,Sithri,sithri,1,1,SINGLE,MATCH
So_1,So,so,2,2,LIMITED,MATCH
Soco_1,Soco,soco,1,1,SINGLE,MATCH
Sodi_1,Sodi,sodi,1,1,SINGLE,MATCH
Solomon_1,Solomon,solomon,280,280,EXTENSIVE,MATCH
Sopater_1,Sopater,sopater,1,1,SINGLE,MATCH
Sosipater_1,Sosipater,sosipater,1,1,SINGLE,MATCH
Sotai_1,Sotai,sotai,2,2,LIMITED,MATCH
Stachys_1,Stachys,stachys,1,1,SINGLE,MATCH
Stephanas_1,Stephanas,stephanas,3,3,LIMITED,MATCH
Stephen_1,Stephen,stephen,7,7,LIMITED,MATCH
Suah_1,Suah,suah,1,1,SINGLE,MATCH
Susanna_1,Susanna,susanna,1,1,SINGLE,MATCH
Susi_1,Susi,susi,1,1,SINGLE,MATCH
Syntyche_1,Syntyche,syntyche,1,1,SINGLE,MATCH
Tabbaoth_1,Tabbaoth,tabbaoth,2,2,LIMITED,MATCH
Tabeel_1,Tabeel,tabeel-1,1,1,SINGLE,MATCH
Tabeel_2,Tabeel,tabeel-2,1,1,SINGLE,MATCH
Tabitha_1,Tabitha,tabitha,3,3,LIMITED,MATCH
Tabrimmon_1,Tabrimmon,tabrimmon,1,1,SINGLE,MATCH
Tahan_1,Tahan,tahan,2,2,LIMITED,MATCH
Tahash_1,Tahash,tahash,1,1,SINGLE,MATCH
Tahath_1,Tahath,tahath-1,2,2,LIMITED,MATCH
Tahath_2,Tahath,tahath-2,1,1,SINGLE,MATCH
Tahath_3,Tahath,tahath-3,1,1,SINGLE,MATCH
Tahpenes_1,Tahpenes,tahpenes,2,2,LIMITED,MATCH
Talitha_1,Talitha,talitha,1,1,SINGLE,MATCH
Talmai_1,Talmai,talmai-1,2,2,LIMITED,MATCH
Talmai_2,Talmai,talmai-2,3,3,LIMITED,MATCH
Talmon_1,Talmon,talmon,5,5,LIMITED,MATCH
Tamar_1,Tamar,tamar-1,7,7,LIMITED,MATCH
Tamar_2,Tamar,tamar-2,13,13,MODERATE,MATCH
Tamar_3,Tamar,tamar-3,1,1,SINGLE,MATCH
Tanhumeth_1,Tanhumeth,tanhumeth,2,2,LIMITED,MATCH
Taphath_1,Taphath,taphath,1,1,SINGLE,MATCH
Tappuah_1,Tappuah,tappuah,1,1,SINGLE,MATCH
Tarea_1,Tarea,tarea,2,2,LIMITED,MATCH
Tarshish_1,Tarshish,tarshish-1,2,2,LIMITED,MATCH
Tarshish_2,Tarshish,tarshish-2,1,1,SINGLE,MATCH
Tarshish_3,Tarshish,tarshish-3,1,1,SINGLE,MATCH
Tartan_1,Tartan,tartan,1,1,SINGLE,MATCH
Tattenai_1,Tattenai,tattenai,4,4,LIMITED,MATCH
Tebah_1,Tebah,tebah,1,1,SINGLE,MATCH
Tebaliah_1,Tebaliah,tebaliah,1,1,SINGLE,MATCH
Tehinnah_1,Tehinnah,tehinnah,1,1,SINGLE,MATCH
Tekoa_1,Tekoa,tekoa,2,2,LIMITED,MATCH
Telah_1,Telah,telah,1,1,SINGLE,MATCH
Telem_1,Telem,telem,1,1,SINGLE,MATCH
Tema_1,Tema,tema,2,2,LIMITED,MATCH
Temah_1,Temah,temah,2,2,LIMITED,MATCH
Teman_1,Teman,teman,5,5,LIMITED,MATCH
Temeni_1,Temeni,temeni,1,1,SINGLE,MATCH
Terah_1,Terah,terah,10,10,MODERATE,MATCH
Teresh_1,Teresh,teresh,2,2,LIMITED,MATCH
Tertius_1,Tertius,tertius,1,1,SINGLE,MATCH
Tertullus_1,Tertullus,tertullus,2,2,LIMITED,MATCH
Thaddaeus_1,Thaddaeus,thaddaeus,5,5,LIMITED,MATCH
Theophilus_1,Theophilus,theophilus,2,2,LIMITED,MATCH
Theudas_1,Theudas,theudas,1,1,SINGLE,MATCH
Thomas_1,Thomas,thomas,11,11,MODERATE,MATCH
Tibni_1,Tibni,tibni,2,2,LIMITED,MATCH
Tidal_1,Tidal,tidal,2,2,LIMITED,MATCH
Tiglath-pileser_1,Tiglath-pileser,tiglath-pileser,11,11,MODERATE,MATCH
Tikvah_1,Tikvah,tikvah-1,2,2,LIMITED,MATCH
Tikvah_2,Tikvah,tikvah-2,1,1,SINGLE,MATCH
Tilon_1,Tilon,tilon,1,1,SINGLE,MATCH
Timaeus_1,Timaeus,timaeus,1,1,SINGLE,MATCH
Timna_1,Timna,timna-1,4,4,LIMITED,MATCH
Timna_2,Timna,timna-2,2,2,LIMITED,MATCH
Timon_1,Timon,timon,1,1,SINGLE,MATCH
Timothy_1,Timothy,timothy,26,26,RICH,MATCH
Tiras_1,Tiras,tiras,2,2,LIMITED,MATCH
Tirhakah_1,Tirhakah,tirhakah,2,2,LIMITED,MATCH
Tirhanah_1,Tirhanah,tirhanah,1,1,SINGLE,MATCH
Tiria_1,Tiria,tiria,1,1,SINGLE,MATCH
Tirzah_1,Tirzah,tirzah,4,4,LIMITED,MATCH
Titius_1,Titius,titius,1,1,SINGLE,MATCH
Titus_1,Titus,titus,12,12,MODERATE,MATCH
Tobadonijah_1,Tobadonijah,tobadonijah,1,1,SINGLE,MATCH
Tobiah_1,Tobiah,tobiah-1,2,2,LIMITED,MATCH
Tobiah_2,Tobiah,tobiah-2,12,12,MODERATE,MATCH
Tobijah_1,Tobijah,tobijah-1,1,1,SINGLE,MATCH
Tobijah_2,Tobijah,tobijah-2,2,2,LIMITED,MATCH
Togarmah_1,Togarmah,togarmah,2,2,LIMITED,MATCH
Tohu_1,Tohu,tohu,3,3,LIMITED,MATCH
Toi_1,Toi,toi,4,4,LIMITED,MATCH
Tola_1,Tola,tola-1,4,4,LIMITED,MATCH
Tola_2,Tola,tola-2,1,1,SINGLE,MATCH
Trophimus_1,Trophimus,trophimus,3,3,LIMITED,MATCH
Tryphaena_1,Tryphaena,tryphaena,1,1,SINGLE,MATCH
Tryphosa_1,Tryphosa,tryphosa,1,1,SINGLE,MATCH
Tubal_1,Tubal,tubal,3,3,LIMITED,MATCH
Tubal-cain_1,Tubal-cain,tubal-cain,1,1,SINGLE,MATCH
Tychicus_1,Tychicus,tychicus,5,5,LIMITED,MATCH
Tyrannus_1,Tyrannus,tyrannus,1,1,SINGLE,MATCH
Ucal_1,Ucal,ucal,1,1,SINGLE,MATCH
Uel_1,Uel,uel,1,1,SINGLE,MATCH
Ulam_1,Ulam,ulam-1,2,2,LIMITED,MATCH
Ulam_2,Ulam,ulam-2,2,2,LIMITED,MATCH
Unni_1,Unni,unni-1,2,2,LIMITED,MATCH
Unni_2,Unni,unni-2,1,1,SINGLE,MATCH
Urbanus_1,Urbanus,urbanus,1,1,SINGLE,MATCH
Uri_1,Uri,uri-1,5,5,LIMITED,MATCH
Uri_2,Uri,uri-2,1,1,SINGLE,MATCH
Uri_3,Uri,uri-3,1,1,SINGLE,MATCH
Uriah_1,Uriah,uriah-1,22,22,MODERATE,MATCH
Uriah_2,Uriah,uriah-2,3,3,LIMITED,MATCH
Uriah_3,Uriah,uriah-3,1,1,SINGLE,MATCH
Uriah_4,Uriah,uriah-4,3,3,LIMITED,MATCH
Uriel_1,Uriel,uriel,4,4,LIMITED,MATCH
Urijah_1,Urijah,urijah,5,5,LIMITED,MATCH
Uthai_1,Uthai,uthai-1,1,1,SINGLE,MATCH
Uthai_2,Uthai,uthai-2,1,1,SINGLE,MATCH
Uz_1,Uz,uz-1,2,2,LIMITED,MATCH
Uz_2,Uz,uz-2,1,1,SINGLE,MATCH
Uz_3,Uz,uz-3,2,2,LIMITED,MATCH
Uzai_1,Uzai,uzai,1,1,SINGLE,MATCH
Uzal_1,Uzal,uzal,2,2,LIMITED,MATCH
Uzza_1,Uzza,uzza-1,2,2,LIMITED,MATCH
Uzza_2,Uzza,uzza-2,2,2,LIMITED,MATCH
Uzzah_1,Uzzah,uzzah-1,8,8,MODERATE,MATCH
Uzzah_2,Uzzah,uzzah-2,1,1,SINGLE,MATCH
Uzzah_3,Uzzah,uzzah-3,1,1,SINGLE,MATCH
Uzzi_1,Uzzi,uzzi-1,4,4,LIMITED,MATCH
Uzzi_2,Uzzi,uzzi-2,2,2,LIMITED,MATCH
Uzzi_3,Uzzi,uzzi-3,1,1,SINGLE,MATCH
Uzzi_4,Uzzi,uzzi-4,1,1,SINGLE,MATCH
Uzzi_5,Uzzi,uzzi-5,1,1,SINGLE,MATCH
Uzzi_6,Uzzi,uzzi-6,2,2,LIMITED,MATCH
Uzzia_1,Uzzia,uzzia,1,1,SINGLE,MATCH
Uzziah_1,Uzziah,uzziah-1,3,3,LIMITED,MATCH
Uzziah_2,Uzziah,uzziah-2,1,1,SINGLE,MATCH
Uzziah_3,Uzziah,uzziah-3,1,1,SINGLE,MATCH
Uzziel_1,Uzziel,uzziel-1,11,11,MODERATE,MATCH
Uzziel_2,Uzziel,uzziel-2,1,1,SINGLE,MATCH
Uzziel_3,Uzziel,uzziel-3,1,1,SINGLE,MATCH
Uzziel_4,Uzziel,uzziel-4,1,1,SINGLE,MATCH
Uzziel_5,Uzziel,uzziel-5,1,1,SINGLE,MATCH
Uzziel_6,Uzziel,uzziel-6,1,1,SINGLE,MATCH
Vaizatha_1,Vaizatha,vaizatha,1,1,SINGLE,MATCH
Vaniah_1,Vaniah,vaniah,1,1,SINGLE,MATCH
Vashti_1,Vashti,vashti,10,10,MODERATE,MATCH
Vophsi_1,Vophsi,vophsi,1,1,SINGLE,MATCH
Zaavan_1,Zaavan,zaavan,2,2,LIMITED,MATCH
Zabad_1,Zabad,zabad-1,2,2,LIMITED,MATCH
Zabad_2,Zabad,zabad-2,1,1,SINGLE,MATCH
Zabad_3,Zabad,zabad-3,1,1,SINGLE,MATCH
Zabad_4,Zabad,zabad-4,1,1,SINGLE,MATCH
Zabad_5,Zabad,zabad-5,1,1,SINGLE,MATCH
Zabad_6,Zabad,zabad-6,1,1,SINGLE,MATCH
Zabbai_1,Zabbai,zabbai-1,1,1,SINGLE,MATCH
Zabbai_2,Zabbai,zabbai-2,1,1,SINGLE,MATCH
Zabbud_1,Zabbud,zabbud,1,1,SINGLE,MATCH
Zabdi_1,Zabdi,zabdi-1,4,4,LIMITED,MATCH
Zabdi_2,Zabdi,zabdi-2,1,1,SINGLE,MATCH
Zabdi_3,Zabdi,zabdi-3,1,1,SINGLE,MATCH
Zabdiel_1,Zabdiel,zabdiel-1,1,1,SINGLE,MATCH
Zabdiel_2,Zabdiel,zabdiel-2,1,1,SINGLE,MATCH
Zabud_1,Zabud,zabud,1,1,SINGLE,MATCH
Zaccai_1,Zaccai,zaccai,2,2,LIMITED,MATCH
Zaccheus_1,Zaccheus,zaccheus,4,4,LIMITED,MATCH
Zaccur_1,Zaccur,zaccur-1,1,1,SINGLE,MATCH
Zaccur_2,Zaccur,zaccur-2,1,1,SINGLE,MATCH
Zaccur_3,Zaccur,zaccur-3,1,1,SINGLE,MATCH
Zaccur_4,Zaccur,zaccur-4,3,3,LIMITED,MATCH
Zaccur_5,Zaccur,zaccur-5,1,1,SINGLE,MATCH
Zaccur_6,Zaccur,zaccur-6,2,2,LIMITED,MATCH
Zacharias_1,Zacharias,zacharias,9,9,MODERATE,MATCH
Zadok_1,Zadok,zadok-1,34,34,RICH,MATCH
Zadok_2,Zadok,zadok-2,2,2,LIMITED,MATCH
Zadok_3,Zadok,zadok-3,9,9,MODERATE,MATCH
Zadok_4,Zadok,zadok-4,2,2,LIMITED,MATCH
Zadok_5,Zadok,zadok-5,1,1,SINGLE,MATCH
Zadok_6,Zadok,zadok-6,2,2,LIMITED,MATCH
Zadok_7,Zadok,zadok-7,1,1,SINGLE,MATCH
Zaham_1,Zaham,zaham,1,1,SINGLE,MATCH
Zalaph_1,Zalaph,zalaph,1,1,SINGLE,MATCH
Zalmon_1,Zalmon,zalmon,2,2,LIMITED,MATCH
Zalmunna_1,Zalmunna,zalmunna,9,9,MODERATE,MATCH
Zanoah_1,Zanoah,zanoah,1,1,SINGLE,MATCH
Zattu_1,Zattu,zattu,5,5,LIMITED,MATCH
Zaza_1,Zaza,zaza,1,1,SINGLE,MATCH
Zebadiah_1,Zebadiah,zebadiah-1,1,1,SINGLE,MATCH
Zebadiah_2,Zebadiah,zebadiah-2,1,1,SINGLE,MATCH
Zebadiah_3,Zebadiah,zebadiah-3,1,1,SINGLE,MATCH
Zebadiah_4,Zebadiah,zebadiah-4,1,1,SINGLE,MATCH
Zebadiah_5,Zebadiah,zebadiah-5,1,1,SINGLE,MATCH
Zebadiah_6,Zebadiah,zebadiah-6,1,1,SINGLE,MATCH
Zebadiah_7,Zebadiah,zebadiah-7,1,1,SINGLE,MATCH
Zebadiah_8,Zebadiah,zebadiah-8,1,1,SINGLE,MATCH
Zebadiah_9,Zebadiah,zebadiah-9,1,1,SINGLE,MATCH
Zebah_1,Zebah,zebah,9,9,MODERATE,MATCH
Zebedee_1,Zebedee,zebedee,11,11,MODERATE,MATCH
Zebidah_1,Zebidah,zebidah,1,1,SINGLE,MATCH
Zebina_1,Zebina,zebina,1,1,SINGLE,MATCH
Zebul_1,Zebul,zebul,5,5,LIMITED,MATCH
Zebulun_1,Zebulun,zebulun,23,23,MODERATE,MATCH
Zechariah_1,Zechariah,zechariah-1,3,3,LIMITED,MATCH
Zechariah_2,Zechariah,zechariah-2,2,2,LIMITED,MATCH
Zechariah_3,Zechariah,zechariah-3,1,1,SINGLE,MATCH
Zechariah_4,Zechariah,zechariah-4,1,1,SINGLE,MATCH
Zechariah_5,Zechariah,zechariah-5,6,6,LIMITED,MATCH
Zechariah_6,Zechariah,zechariah-6,1,1,SINGLE,MATCH
Zechariah_7,Zechariah,zechariah-7,1,1,SINGLE,MATCH
Zechariah_8,Zechariah,zechariah-8,1,1,SINGLE,MATCH
Zechariah_9,Zechariah,zechariah-9,1,1,SINGLE,MATCH
Zechariah_10,Zechariah,zechariah-10,1,1,SINGLE,MATCH
Zechariah_11,Zechariah,zechariah-11,1,1,SINGLE,MATCH
Zechariah_12,Zechariah,zechariah-12,1,1,SINGLE,MATCH
Zechariah_13,Zechariah,zechariah-13,11,11,MODERATE,MATCH
Zechariah_14,Zechariah,zechariah-14,1,1,SINGLE,MATCH
Zechariah_15,Zechariah,zechariah-15,2,2,LIMITED,MATCH
Zechariah_16,Zechariah,zechariah-16,2,2,LIMITED,MATCH
Zechariah_17,Zechariah,zechariah-17,0,1,SINGLE,SPECIAL
Zechariah_18,Zechariah,zechariah-18,1,1,SINGLE,MATCH
Zechariah_19,Zechariah,zechariah-19,1,1,SINGLE,MATCH
Zechariah_20,Zechariah,zechariah-20,1,1,SINGLE,MATCH
Zechariah_21,Zechariah,zechariah-21,1,1,SINGLE,MATCH
Zechariah_22,Zechariah,zechariah-22,2,2,LIMITED,MATCH
Zechariah_23,Zechariah,zechariah-23,1,1,SINGLE,MATCH
Zecher_1,Zecher,zecher,2,2,LIMITED,MATCH
Zedekiah_1,Zedekiah,zedekiah-1,4,4,LIMITED,MATCH
Zedekiah_2,Zedekiah,zedekiah-2,1,1,SINGLE,MATCH
Zedekiah_3,Zedekiah,zedekiah-3,1,1,SINGLE,MATCH
Zedekiah_4,Zedekiah,zedekiah-4,2,2,LIMITED,MATCH
Zedekiah_5,Zedekiah,zedekiah-5,1,1,SINGLE,MATCH
Zeeb_1,Zeeb,zeeb,3,3,LIMITED,MATCH
Zelek_1,Zelek,zelek,2,2,LIMITED,MATCH
Zelophehad_1,Zelophehad,zelophehad-1,8,8,MODERATE,MATCH
Zelophehad_2,Zelophehad,zelophehad-2,1,1,SINGLE,MATCH
Zemar_1,Zemar,zemar,2,2,LIMITED,MATCH
Zemirah_1,Zemirah,zemirah,1,1,SINGLE,MATCH
Zenas_1,Zenas,zenas,1,1,SINGLE,MATCH
Zephaniah_1,Zephaniah,zephaniah-1,2,2,LIMITED,MATCH
Zephaniah_2,Zephaniah,zephaniah-2,4,4,LIMITED,MATCH
Zephaniah_3,Zephaniah,zephaniah-3,1,1,SINGLE,MATCH
Zephaniah_4,Zephaniah,zephaniah-4,2,2,LIMITED,MATCH
Zepho_1,Zepho,zepho,3,3,LIMITED,MATCH
Zerah_1,Zerah,zerah-1,3,3,LIMITED,MATCH
Zerah_2,Zerah,zerah-2,2,2,LIMITED,MATCH
Zerah_3,Zerah,zerah-3,13,13,MODERATE,MATCH
Zerah_4,Zerah,zerah-4,1,1,SINGLE,MATCH
Zerah_5,Zerah,zerah-5,1,1,SINGLE,MATCH
Zerah_6,Zerah,zerah-6,1,1,SINGLE,MATCH
Zerahiah_1,Zerahiah,zerahiah-1,3,3,LIMITED,MATCH
Zerahiah_2,Zerahiah,zerahiah-2,1,1,SINGLE,MATCH
Zeresh_1,Zeresh,zeresh,3,3,LIMITED,MATCH
Zereth_1,Zereth,zereth,1,1,SINGLE,MATCH
Zeri_1,Zeri,zeri,2,2,LIMITED,MATCH
Zeror_1,Zeror,zeror,1,1,SINGLE,MATCH
Zeruah_1,Zeruah,zeruah,1,1,SINGLE,MATCH
Zerubbabel_1,Zerubbabel,zerubbabel-1,1,1,SINGLE,MATCH
Zerubbabel_2,Zerubbabel,zerubbabel-2,22,22,MODERATE,MATCH
Zerubbabel_3,Zerubbabel,zerubbabel-3,1,1,SINGLE,MATCH
Zeruiah_1,Zeruiah,zeruiah,25,25,RICH,MATCH
Zetham_1,Zetham,zetham,2,2,LIMITED,MATCH
Zethan_1,Zethan,zethan,1,1,SINGLE,MATCH
Zethar_1,Zethar,zethar,1,1,SINGLE,MATCH
Zia_1,Zia,zia,1,1,SINGLE,MATCH
Ziba_1,Ziba,ziba,13,13,MODERATE,MATCH
Zibeon_1,Zibeon,zibeon-1,2,2,LIMITED,MATCH
Zibeon_2,Zibeon,zibeon-2,5,5,LIMITED,MATCH
Zibia_1,Zibia,zibia,1,1,SINGLE,MATCH
Zibiah_1,Zibiah,zibiah,2,2,LIMITED,MATCH
Zichri_1,Zichri,zichri-1,1,1,SINGLE,MATCH
Zichri_2,Zichri,zichri-2,1,1,SINGLE,MATCH
Zichri_3,Zichri,zichri-3,1,1,SINGLE,MATCH
Zichri_4,Zichri,zichri-4,1,1,SINGLE,MATCH
Zichri_5,Zichri,zichri-5,2,2,LIMITED,MATCH
Zichri_6,Zichri,zichri-6,1,1,SINGLE,MATCH
Zichri_7,Zichri,zichri-7,1,1,SINGLE,MATCH
Zichri_8,Zichri,zichri-8,1,1,SINGLE,MATCH
Zichri_9,Zichri,zichri-9,1,1,SINGLE,MATCH
Zichri_10,Zichri,zichri-10,1,1,SINGLE,MATCH
Zichri_11,Zichri,zichri-11,1,1,SINGLE,MATCH
Zichri_12,Zichri,zichri-12,1,1,SINGLE,MATCH
Ziha_1,Ziha,ziha,3,3,LIMITED,MATCH
Zillah_1,Zillah,zillah,3,3,LIMITED,MATCH
Zillethai_1,Zillethai,zillethai-1,1,1,SINGLE,MATCH
Zillethai_2,Zillethai,zillethai-2,1,1,SINGLE,MATCH
Zilpah_1,Zilpah,zilpah,7,7,LIMITED,MATCH
Zimmah_1,Zimmah,zimmah-1,2,2,LIMITED,MATCH
Zimmah_2,Zimmah,zimmah-2,1,1,SINGLE,MATCH
Zimran_1,Zimran,zimran,2,2,LIMITED,MATCH
Zimri_1,Zimri,zimri-1,1,1,SINGLE,MATCH
Zimri_2,Zimri,zimri-2,7,7,LIMITED,MATCH
Zimri_3,Zimri,zimri-3,2,2,LIMITED,MATCH
Zina_1,Zina,zina,2,2,LIMITED,MATCH
Ziph_1,Ziph,ziph-1,1,1,SINGLE,MATCH
Ziph_2,Ziph,ziph-2,1,1,SINGLE,MATCH
Ziphah_1,Ziphah,ziphah,1,1,SINGLE,MATCH
Ziphion_1,Ziphion,ziphion,2,2,LIMITED,MATCH
Zippor_1,Zippor,zippor,7,7,LIMITED,MATCH
Zipporah_1,Zipporah,zipporah,3,3,LIMITED,MATCH
Ziza_1,Ziza,ziza-1,1,1,SINGLE,MATCH
Ziza_2,Ziza,ziza-2,1,1,SINGLE,MATCH
Zobebah_1,Zobebah,zobebah,1,1,SINGLE,MATCH
Zohar_1,Zohar,zohar-1,2,2,LIMITED,MATCH
Zohar_2,Zohar,zohar-2,4,4,LIMITED,MATCH
Zoheth_1,Zoheth,zoheth,1,1,SINGLE,MATCH
Zophah_1,Zophah,zophah,2,2,LIMITED,MATCH
Zophar_1,Zophar,zophar,4,4,LIMITED,MATCH
Zuar_1,Zuar,zuar,5,5,LIMITED,MATCH
Zuph_1,Zuph,zuph,3,3,LIMITED,MATCH
Zur_1,Zur,zur-1,1,1,SINGLE,MATCH
Zur_2,Zur,zur-2,2,2,LIMITED,MATCH
Zur_3,Zur,zur-3,2,2,LIMITED,MATCH
Zuriel_1,Zuriel,zuriel,1,1,SINGLE,MATCH
Zurishaddai_1,Zurishaddai,zurishaddai,5,5,LIMITED,MATCH
Jesus_Christ,Jesus,jesus,871,871,EXTENSIVE,MATCH
