character_name,person_id,person_name,surname,sex,tribe,person_notes,source
Aaron,Aaron_1,Aaron,,male,Levi,,BibleData-Person.csv
Abagtha,Abagtha_1,Abagtha,,male,,,BibleData-Person.csv
Abda,Abda_1,Abda,,male,,,BibleData-Person.csv
Abdeel,Abdeel_1,Abdeel,,male,,,BibleData-Person.csv
Abdeel,Abdeel_2,Abdeel,,male,,** This name is not present in the BHS Hebrew text but is present in Rahlfs Septuaginta,BibleData-Person.csv
Abdi,Abdi_1,Abdi,,male,Levi,"Merarites (from Mushi, from Merari, son of Levi)",BibleData-Person.csv
Abdi,Abdi_2,Abdi,,male,,,BibleData-Person.csv
Abdiel,Abdiel_1,Abdiel,,male,Gad,,BibleData-Person.csv
Abdon,Abdon_1,Abdon,,male,,judge of Israel,BibleData-Person.csv
Abdon,Abdon_2,Abdon,,male,Benjamin,,BibleData-Person.csv
Abdon,Abdon_3,Abdon,,male,Benjamin,,BibleData-Person.csv
Abel,Abel_1,Abel,,male,,,BibleData-Person.csv
Abi,Abi_1,Abi,,female,,,BibleData-Person.csv
Abi-albon,Abi-albon_1,Abi-albon,,male,,,BibleData-Person.csv
Abiasaph,Abiasaph_1,Abiasaph,,male,Levi,Son of Korah.  Did not die in the rebellion (NUM 26:11),BibleData-Person.csv
Abiathar,Abiathar_1,Abiathar,,male,Levi,,BibleData-Person.csv
Abida,Abida_1,Abida,,male,,,BibleData-Person.csv
Abidan,Abidan_1,Abidan,,male,Benjamin,leader of Benjamin during the Exodus (NUM 1:11),BibleData-Person.csv
Abiel,Abiel_1,Abiel,,male,Benjamin,,BibleData-Person.csv
Abiezer,Abiezer_1,Abiezer,,male,,over the nineth division (1CH 27:12),BibleData-Person.csv
Abiezer,Abiezer_2,Abiezer,,male,Manasseh,,BibleData-Person.csv
Abigail,Abigail_1,Abigail,,female,,,BibleData-Person.csv
Abigail,Abigail_2,Abigail,,female,,,BibleData-Person.csv
Abihail,Abihail_1,Abihail,,male,Levi,,BibleData-Person.csv
Abihail,Abihail_2,Abihail,,female,,,BibleData-Person.csv
Abihail,Abihail_3,Abihail,,male,Gad,,BibleData-Person.csv
Abihail,Abihail_4,Abihail,,female,,,BibleData-Person.csv
Abihail,Abihail_5,Abihail,,male,,,BibleData-Person.csv
Abihu,Abihu_1,Abihu,,male,Levi,,BibleData-Person.csv
Abihud,Abihud_1,Abihud,,male,Benjamin,,BibleData-Person.csv
Abihud,Abihud_2,Abihud,,male,Judah,,BibleData-Person.csv
Abijah,Abijah_1,Abijah,,male,Levi,,BibleData-Person.csv
Abijah,Abijah_2,Abijah,,male,Ephraim,"""in him something good was found toward the LORD God of Israel in the house of Jeroboam"" (1Ki 14:13)",BibleData-Person.csv
Abijah,Abijah_3,Abijah,,female,,,BibleData-Person.csv
Abijah,Abijah_4,Abijah,,male,Benjamin,,BibleData-Person.csv
Abijah,Abijah_5,Abijah,,male,Levi,"In the line of Ithamar (1CH 24:6, 10).  *NOT Abijah_1, the son of Samuel, who was in the line of Korah",BibleData-Person.csv
Abijah,Abijah_6,Abijah,,male,Levi,named on the sealed document of NEH 10:1-27 (NEH 10:7),BibleData-Person.csv
Abijam,Abijam_1,Abijam,,male,Judah,,BibleData-Person.csv
Abimael,Abimael_1,Abimael,,male,,,BibleData-Person.csv
Abimelech,Abimelech_1,Abimelech,,male,,,BibleData-Person.csv
Abimelech,Abimelech_2,Abimelech,,male,Manasseh,Killed his 70 brothers (JDG 9:5).  Mortally wounded by a millstone dropped by a woman (JDG 9:53) but killed by his armor bearer for honor (JDG 9:54).,BibleData-Person.csv
Abimelech,Abimelech_3,Abimelech,,male,,,BibleData-Person.csv
Abinadab,Abinadab_1,Abinadab,,male,,,BibleData-Person.csv
Abinadab,Abinadab_2,Abinadab,,male,Judah,,BibleData-Person.csv
Abinoam,Abinoam_1,Abinoam,,male,,from Kedesh-naphtali,BibleData-Person.csv
Abiram,Abiram_1,Abiram,,male,Reuben,,BibleData-Person.csv
Abiram,Abiram_2,Abiram,,male,,,BibleData-Person.csv
Abishag,Abishag_1,Abishag,,female,,,BibleData-Person.csv
Abishai,Abishai_1,Abishai,,male,Judah,,BibleData-Person.csv
Abishalom,Abishalom_1,Abishalom,,male,,,BibleData-Person.csv
Abishua,Abishua_1,Abishua,,male,Levi,Aaronic priest through Eleazar,BibleData-Person.csv
Abishua,Abishua_2,Abishua,,male,Benjamin,,BibleData-Person.csv
Abishur,Abishur_1,Abishur,,male,Judah,,BibleData-Person.csv
Abital,Abital_1,Abital,,female,,,BibleData-Person.csv
Abitub,Abitub_1,Abitub,,male,Benjamin,,BibleData-Person.csv
Abner,Abner_1,Abner,,male,Benjamin,,BibleData-Person.csv
Abram,Abram_1,Abram,,male,,,BibleData-Person.csv
Absalom,Absalom_1,Absalom,,male,Judah,,BibleData-Person.csv
Achaicus,Achaicus_1,Achaicus,,male,,,BibleData-Person.csv
Achan,Achan_1,Achan,,male,Judah,,BibleData-Person.csv
Achbor,Achbor_1,Achbor,,male,Edomite,,BibleData-Person.csv
Achbor,Achbor_2,Achbor,,male,,,BibleData-Person.csv
Achim,Achim_1,Achim,,male,Judah,,BibleData-Person.csv
Achish,Achish_1,Achish,,male,,,BibleData-Person.csv
Achsah,Achsah_1,Achsah,,female,Judah,,BibleData-Person.csv
Achsah,Achsah_2,Achsah,,female,Judah,,BibleData-Person.csv
Adah,Adah_1,Adah,,female,,,BibleData-Person.csv
Adaiah,Adaiah_1,Adaiah,,male,,,BibleData-Person.csv
Adaiah,Adaiah_2,Adaiah,,male,Levi,"Gershonites (Gershomites), from Gershon, son of Levi",BibleData-Person.csv
Adaiah,Adaiah_3,Adaiah,,male,Benjamin,,BibleData-Person.csv
Adaiah,Adaiah_4,Adaiah,,male,Levi,,BibleData-Person.csv
Adaiah,Adaiah_5,Adaiah,,male,,,BibleData-Person.csv
Adaiah,Adaiah_6,Adaiah,,male,,,BibleData-Person.csv
Adaiah,Adaiah_7,Adaiah,,male,,,BibleData-Person.csv
Adaiah,Adaiah_8,Adaiah,,male,Judah,,BibleData-Person.csv
Adaiah,Adaiah_9,Adaiah,,male,Levi,Lived in Jerusalem (NEH 11:4),BibleData-Person.csv
Adalia,Adalia_1,Adalia,,male,,,BibleData-Person.csv
Adam,Adam_1,Adam,,male,,,BibleData-Person.csv
Adbeel,Adbeel_1,Adbeel,,male,Adbeel,,BibleData-Person.csv
Addi,Addi_1,Addi,,male,,,BibleData-Person.csv
Adiel,Adiel_1,Adiel,,male,Simeon,,BibleData-Person.csv
Adiel,Adiel_2,Adiel,,male,Levi,,BibleData-Person.csv
Adin,Adin_1,Adin,,male,,,BibleData-Person.csv
Adina,Adina_1,Adina,,male,Reuben,,BibleData-Person.csv
Adlai,Adlai_1,Adlai,,male,,,BibleData-Person.csv
Admatha,Admatha_1,Admatha,,male,,,BibleData-Person.csv
Admin,Admin_1,Admin,,male,,,BibleData-Person.csv
Adna,Adna_1,Adna,,male,,,BibleData-Person.csv
Adna,Adna_2,Adna,,male,Levi,"As ""priests"" (NEH 12:12), descendants of Aaron",BibleData-Person.csv
Adnah,Adnah_1,Adnah,,male,Manasseh,came to David at Ziklag (1CH 12:1),BibleData-Person.csv
Adnah,Adnah_2,Adnah,,male,,,BibleData-Person.csv
Adoni-bezek,Adoni-bezek_1,Adoni-bezek,,male,,,BibleData-Person.csv
Adoni-zedek,Adoni-zedek_1,Adoni-zedek,,male,,King of Jerusalem,BibleData-Person.csv
Adonijah,Adonijah_1,Adonijah,,male,Judah,,BibleData-Person.csv
Adonijah,Adonijah_2,Adonijah,,male,Levi,,BibleData-Person.csv
Adonijah,Adonijah_3,Adonijah,,male,,named on the sealed document of NEH 10:1-27 (NEH 10:16),BibleData-Person.csv
Adonikam,Adonikam_1,Adonikam,,male,,,BibleData-Person.csv
Adoniram,Adoniram_1,Adoniram,,male,,,BibleData-Person.csv
Adoram,Adoram_1,Adoram,,male,,sent by Rehoboam to the people but was stoned to death (2CH 10:18),BibleData-Person.csv
Adrammelech,Adrammelech_1,Adrammelech,,male,,son of Sennacherib (ISA 37:28),BibleData-Person.csv
Adriel,Adriel_1,Adriel,,male,,,BibleData-Person.csv
Aeneas,Aeneas_1,Aeneas,,male,,,BibleData-Person.csv
Agabus,Agabus_1,Agabus,,male,,,BibleData-Person.csv
Agag,Agag_1,Agag,,male,,"As a comparison, Agag must have been known in Balaam's time but is this Agag a foreshadowing of Agag, King of the Amalekites?",BibleData-Person.csv
Agag,Agag_2,Agag,,male,,,BibleData-Person.csv
Agee,Agee_1,Agee,,male,,,BibleData-Person.csv
Agrippa,Agrippa_1,Agrippa,,male,,Herod Agrippa II,BibleData-Person.csv
Agur,Agur_1,Agur,,male,,,BibleData-Person.csv
Ahab,Ahab_1,Ahab,,male,,"he ""did evil in the sight of the LORD more than all who were before him"" (1KI 16:30).  Ahab did more to provoke the LORD God of Israel than all the kings of Israel who were before him. (1KI 16:33)",BibleData-Person.csv
Ahab,Ahab_2,Ahab,,male,,,BibleData-Person.csv
Aharhel,Aharhel_1,Aharhel,,male,Judah,,BibleData-Person.csv
Ahasbai,Ahasbai_1,Ahasbai,,male,,,BibleData-Person.csv
Ahasuerus,Ahasuerus_1,Ahasuerus,,male,,This is the same person in Esther 1:1 and Daniel 9:1,BibleData-Person.csv
Ahaz,Ahaz_1,Ahaz,,male,Judah,He did not do right in the sight of the LORD as David his father had done (2CH 28:1),BibleData-Person.csv
Ahaz,Ahaz_2,Ahaz,,male,Benjamin,,BibleData-Person.csv
Ahaziah,Ahaziah_1,Ahaziah,,male,,,BibleData-Person.csv
Ahaziah,Ahaziah_2,Ahaziah,,male,Judah,,BibleData-Person.csv
Ahban,Ahban_1,Ahban,,male,Judah,,BibleData-Person.csv
Ahi,Ahi_1,Ahi,,male,Gad,,BibleData-Person.csv
Ahi,Ahi_2,Ahi,,male,Asher,,BibleData-Person.csv
Ahiah,Ahiah_1,Ahiah,,male,,named on the sealed document of NEH 10:1-27 (NEH 10:26),BibleData-Person.csv
Ahiam,Ahiam_1,Ahiam,,male,,,BibleData-Person.csv
Ahian,Ahian_1,Ahian,,male,Manasseh,,BibleData-Person.csv
Ahiezer,Ahiezer_1,Ahiezer,,male,Dan,leader of Dan during the Exodus (NUM 1:12),BibleData-Person.csv
Ahiezer,Ahiezer_2,Ahiezer,,male,Benjamin,came to David at Ziklag (1CH 12:1),BibleData-Person.csv
Ahihud,Ahihud_1,Ahihud,,male,Asher,leader of Asher apportioning the Land (NUM 34:27),BibleData-Person.csv
Ahihud,Ahihud_2,Ahihud,,male,Benjamin,,BibleData-Person.csv
Ahijah,Ahijah_1,Ahijah,,male,Levi,"called ""the Shilonite"" in 1KI 11:29",BibleData-Person.csv
Ahijah,Ahijah_2,Ahijah,,male,,,BibleData-Person.csv
Ahijah,Ahijah_3,Ahijah,,male,Issachar,,BibleData-Person.csv
Ahijah,Ahijah_4,Ahijah,,male,Judah,,BibleData-Person.csv
Ahijah,Ahijah_5,Ahijah,,male,Benjamin,,BibleData-Person.csv
Ahijah,Ahijah_6,Ahijah,,male,,,BibleData-Person.csv
Ahikam,Ahikam_1,Ahikam,,male,,,BibleData-Person.csv
Ahilud,Ahilud_1,Ahilud,,male,,,BibleData-Person.csv
Ahilud,Ahilud_2,Ahilud,,male,,,BibleData-Person.csv
Ahimaaz,Ahimaaz_1,Ahimaaz,,male,,,BibleData-Person.csv
Ahimaaz,Ahimaaz_2,Ahimaaz,,male,Levi,,BibleData-Person.csv
Ahimaaz,Ahimaaz_3,Ahimaaz,,male,,,BibleData-Person.csv
Ahiman,Ahiman_1,Ahiman,,male,,one of three sons of Anak that Joshua drove out from Kiriath-arba (JOS 15:13),BibleData-Person.csv
Ahiman,Ahiman_2,Ahiman,,male,Levi,,BibleData-Person.csv
Ahimelech,Ahimelech_1,Ahimelech,,male,Levi,,BibleData-Person.csv
Ahimelech,Ahimelech_2,Ahimelech,,male,,,BibleData-Person.csv
Ahimelech,Ahimelech_3,Ahimelech,,male,Levi,,BibleData-Person.csv
Ahimoth,Ahimoth_1,Ahimoth,,male,Levi,Kohathite,BibleData-Person.csv
Ahinadab,Ahinadab_1,Ahinadab,,male,,,BibleData-Person.csv
Ahinoam,Ahinoam_1,Ahinoam,,female,,,BibleData-Person.csv
Ahinoam,Ahinoam_2,Ahinoam,,female,,"Only one other character named Ahinoam appears in the Hebrew Bible (Saul’s wife; see 1SA 14:50). Because she is roughly a contemporary of David’s wife, it is possible that “Ahinoam of Jezreel” is Saul’s wife Ahinoam. Citing YHWH’s words (via the prophet Nathan) to David, “I gave you … your master’s wives” (2 Sam 12:8), Levenson and Halpern argue that David’s marriage to Ahinoam constituted a claim to Saul’s throne (see Absalom’s actions in 2 Sam 16:22). Perhaps David, like other kings who appropriated the harems of their predecessors or rivals, strengthened his claim to the throne in this way. - Linda Schearing (taken 4/10/2020 from https://jwa.org/encyclopedia/article/ahinoam-bible)",BibleData-Person.csv
Ahio,Ahio_1,Ahio,,male,,,BibleData-Person.csv
Ahio,Ahio_2,Ahio,,male,Benjamin,,BibleData-Person.csv
Ahio,Ahio_3,Ahio,,male,Benjamin,,BibleData-Person.csv
Ahira,Ahira_1,Ahira,,male,Naphtali,leader of Naphtali during the Exodus (NUM 1:15),BibleData-Person.csv
Ahisamach,Ahisamach_1,Ahisamach,,male,Dan,,BibleData-Person.csv
Ahishahar,Ahishahar_1,Ahishahar,,male,Benjamin,,BibleData-Person.csv
Ahishar,Ahishar_1,Ahishar,,male,,,BibleData-Person.csv
Ahithophel,Ahithophel_1,Ahithophel,,male,,,BibleData-Person.csv
Ahitub,Ahitub_1,Ahitub,,male,Levi,,BibleData-Person.csv
Ahitub,Ahitub_2,Ahitub,,male,Levi,Aaronic priest through Eleazar,BibleData-Person.csv
Ahitub,Ahitub_3,Ahitub,,male,Levi,Aaronic priest through Eleazar,BibleData-Person.csv
Ahitub,Ahitub_4,Ahitub,,male,Levi,,BibleData-Person.csv
Ahlai,Ahlai_1,Ahlai,,male,Judah,,BibleData-Person.csv
Ahlai,Ahlai_2,Ahlai,,male,,,BibleData-Person.csv
Ahoah,Ahoah_1,Ahoah,,male,Benjamin,,BibleData-Person.csv
Ahumai,Ahumai_1,Ahumai,,male,Judah,,BibleData-Person.csv
Ahuzzam,Ahuzzam_1,Ahuzzam,,male,Judah,,BibleData-Person.csv
Ahuzzath,Ahuzzath_1,Ahuzzath,,male,,,BibleData-Person.csv
Ahzai,Ahzai_1,Ahzai,,male,Levi,,BibleData-Person.csv
Aiah,Aiah_1,Aiah,,male,Edomite,,BibleData-Person.csv
Aiah,Aiah_2,Aiah,,male,,,BibleData-Person.csv
Akan,Akan_1,Akan,,male,Edomite,,BibleData-Person.csv
Akkub,Akkub_1,Akkub,,male,Judah,,BibleData-Person.csv
Akkub,Akkub_2,Akkub,,male,Levi,,BibleData-Person.csv
Akkub,Akkub_3,Akkub,,male,Levi,,BibleData-Person.csv
Alemeth,Alemeth_1,Alemeth,,male,Benjamin,,BibleData-Person.csv
Alemeth,Alemeth_2,Alemeth,,male,Benjamin,,BibleData-Person.csv
Alexander,Alexander_1,Alexander,,male,,,BibleData-Person.csv
Alexander,Alexander_2,Alexander,,male,Levi,possibly the wealthy brother of Philo (Farrar),BibleData-Person.csv
Alexander,Alexander_3,Alexander,,male,,,BibleData-Person.csv
Alexander,Alexander_4,Alexander,,male,,the coppersmith (2TI 4:14),BibleData-Person.csv
Allon,Allon_1,Allon,,male,Simeon,,BibleData-Person.csv
Almodad,Almodad_1,Almodad,,male,,,BibleData-Person.csv
Alphaeus,Alphaeus_1,Alphaeus,,male,,,BibleData-Person.csv
Alvah,Alvah_1,Alvah,,male,Edomite,,BibleData-Person.csv
Alvan,Alvan_1,Alvan,,male,Edomite,,BibleData-Person.csv
Amal,Amal_1,Amal,,male,Asher,,BibleData-Person.csv
Amalek,Amalek_1,Amalek,,male,Edomite,the Amalekites (GEN 14:7),BibleData-Person.csv
Amariah,Amariah_1,Amariah,,male,Levi,Aaronic priest through Eleazar,BibleData-Person.csv
Amariah,Amariah_2,Amariah,,male,Levi,Aaronic priest through Eleazar,BibleData-Person.csv
Amariah,Amariah_3,Amariah,,male,Levi,"Hebronites (from Kohath, son of Levi)",BibleData-Person.csv
Amariah,Amariah_4,Amariah,,male,Levi,,BibleData-Person.csv
Amariah,Amariah_5,Amariah,,male,,,BibleData-Person.csv
Amariah,Amariah_6,Amariah,,male,Levi,named on the sealed document of NEH 10:1-27 (NEH 10:3),BibleData-Person.csv
Amariah,Amariah_7,Amariah,,male,Judah,,BibleData-Person.csv
Amariah,Amariah_8,Amariah,,male,,,BibleData-Person.csv
Amasa,Amasa_1,Amasa,,male,,,BibleData-Person.csv
Amasa,Amasa_2,Amasa,,male,Ephraim,,BibleData-Person.csv
Amasai,Amasai_1,Amasai,,male,Levi,Kohathite,BibleData-Person.csv
Amashsai,Amashsai_1,Amashsai,,male,Levi,Lived in Jerusalem (NEH 11:4),BibleData-Person.csv
Amasiah,Amasiah_1,Amasiah,,male,,,BibleData-Person.csv
Amaziah,Amaziah_1,Amaziah,,male,Judah,"He did right in the sight of the LORD, yet not with a whole heart. (2CH 25:2)",BibleData-Person.csv
Amaziah,Amaziah_2,Amaziah,,male,Simeon,,BibleData-Person.csv
Amaziah,Amaziah_3,Amaziah,,male,Levi,"Merarites (from Mushi, from Merari, son of Levi)",BibleData-Person.csv
Ami,Ami_1,Ami,,male,,,BibleData-Person.csv
Amittai,Amittai_1,Amittai,,male,,,BibleData-Person.csv
Ammiel,Ammiel_1,Ammiel,,male,Dan,1 of 12 spies- from Dan,BibleData-Person.csv
Ammiel,Ammiel_2,Ammiel,,male,,,BibleData-Person.csv
Ammiel,Ammiel_3,Ammiel,,male,Levi,,BibleData-Person.csv
Ammihud,Ammihud_1,Ammihud,,male,Ephraim,,BibleData-Person.csv
Ammihud,Ammihud_2,Ammihud,,male,Simeon,,BibleData-Person.csv
Ammihud,Ammihud_3,Ammihud,,male,Naphtali,,BibleData-Person.csv
Ammihud,Ammihud_4,Ammihud,,male,,,BibleData-Person.csv
Ammihud,Ammihud_5,Ammihud,,male,Judah,,BibleData-Person.csv
Amminadab,Amminadab_1,Amminadab,,male,Judah,,BibleData-Person.csv
Amminadab,Amminadab_2,Amminadab,,male,Levi,,BibleData-Person.csv
Ammishaddai,Ammishaddai_1,Ammishaddai,,male,Dan,,BibleData-Person.csv
Ammizabad,Ammizabad_1,Ammizabad,,male,,over the third division (1CH 27:6),BibleData-Person.csv
Amnon,Amnon_1,Amnon,,male,Judah,,BibleData-Person.csv
Amnon,Amnon_2,Amnon,,male,Judah,,BibleData-Person.csv
Amok,Amok_1,Amok,,male,Levi,"as ""priest"", a descendant of Aaron ",BibleData-Person.csv
Amon,Amon_1,Amon,,male,,,BibleData-Person.csv
Amon,Amon_2,Amon,,male,,He did evil in the sight of the Lord (2KI 21:20),BibleData-Person.csv
Amon,Amon_3,Amon,,male,,,BibleData-Person.csv
Amor,Amor_1,Amor,,male,Amorite,,BibleData-Person.csv
Amos,Amos_1,Amos,,male,,,BibleData-Person.csv
Amos,Amos_2,Amos,,male,,,BibleData-Person.csv
Amoz,Amoz_1,Amoz,,male,,,BibleData-Person.csv
Ampliatus,Ampliatus_1,Ampliatus,,male,,,BibleData-Person.csv
Amram,Amram_1,Amram,,male,Levi,,BibleData-Person.csv
Amram,Amram_2,Amram,,male,,,BibleData-Person.csv
Amraphel,Amraphel_1,Amraphel,,male,,,BibleData-Person.csv
Amzi,Amzi_1,Amzi,,male,Levi,"Merarites (from Mushi, from Merari, son of Levi)",BibleData-Person.csv
Amzi,Amzi_2,Amzi,,male,Levi,,BibleData-Person.csv
Anah,Anah_1,Anah,,male,Edomite,found the hot springs in the wilderness (GEN 36:24),BibleData-Person.csv
Anaiah,Anaiah_1,Anaiah,,male,Levi,named on the sealed document of NEH 10:1-27 (NEH 10:22),BibleData-Person.csv
Anaiah,Anaiah_2,Anaiah,,male,,named on the sealed document of NEH 10:1-27 (NEH 10:22),BibleData-Person.csv
Anak,Anak_1,Anak,,male,,,BibleData-Person.csv
Anam,Anam_1,Anam,,male,,,BibleData-Person.csv
Anan,Anan_1,Anan,,male,,named on the sealed document of NEH 10:1-27 (NEH 10:26),BibleData-Person.csv
Anani,Anani_1,Anani,,male,Judah,,BibleData-Person.csv
Ananiah,Ananiah_1,Ananiah,,male,,,BibleData-Person.csv
Ananias,Ananias_1,Ananias,,male,,,BibleData-Person.csv
Ananias,Ananias_2,Ananias,,male,,,BibleData-Person.csv
Ananias,Ananias_3,Ananias,,male,Levi,,BibleData-Person.csv
Anath,Anath_1,Anath,,male,,,BibleData-Person.csv
Anathoth,Anathoth_1,Anathoth,,male,Benjamin,,BibleData-Person.csv
Anathoth,Anathoth_2,Anathoth,,male,,named on the sealed document of NEH 10:1-27 (NEH 10:19),BibleData-Person.csv
Andrew,Andrew_1,Andrew,,male,,"a fisherman (MAT 4:18), one of the Twelve (MAT 10:2), from the city of Bethsaida (JHN 1:44)",BibleData-Person.csv
Andronicus,Andronicus_1,Andronicus,,male,,,BibleData-Person.csv
Aner,Aner_1,Aner,,male,Amorite,,BibleData-Person.csv
Aniam,Aniam_1,Aniam,,male,Manasseh,,BibleData-Person.csv
Anna,Anna_1,Anna,,female,Asher,,BibleData-Person.csv
Annas,Annas_1,Annas,,male,Levi,,BibleData-Person.csv
Anthothijah,Anthothijah_1,Anthothijah,,male,Benjamin,,BibleData-Person.csv
Antipas,Antipas_1,Antipas,,male,,"Antipas, martyr and leader of the believers in Pergamum",BibleData-Person.csv
Anub,Anub_1,Anub,,male,Judah,,BibleData-Person.csv
Apelles,Apelles_1,Apelles,,male,,,BibleData-Person.csv
Aphiah,Aphiah_1,Aphiah,,male,Benjamin,,BibleData-Person.csv
Apollos,Apollos_1,Apollos,,male,,,BibleData-Person.csv
Appaim,Appaim_1,Appaim,,male,Judah,,BibleData-Person.csv
Apphia,Apphia_1,Apphia,,female,,the audience of Paul's letter to Philemon,BibleData-Person.csv
Aquila,Aquila_1,Aquila,,male,,,BibleData-Person.csv
Ara,Ara_1,Ara,,male,Asher,,BibleData-Person.csv
Arad,Arad_1,Arad,,male,Benjamin,,BibleData-Person.csv
Arah,Arah_1,Arah,,male,Asher,,BibleData-Person.csv
Arah,Arah_2,Arah,,male,,,BibleData-Person.csv
Arah,Arah_3,Arah,,male,,,BibleData-Person.csv
Aram,Aram_1,Aram,,male,,,BibleData-Person.csv
Aram,Aram_2,Aram,,male,,,BibleData-Person.csv
Aram,Aram_3,Aram,,male,Asher,,BibleData-Person.csv
Aran,Aran_1,Aran,,male,Edomite,,BibleData-Person.csv
Araunah,Araunah_1,Araunah,,male,,,BibleData-Person.csv
Arba,Arba_1,Arba,,male,,,BibleData-Person.csv
Archelaus,Archelaus_1,Archelaus,,male,Edom,"king of Judea; born about 21 B.C., his mother being the Samaritan Malthace",BibleData-Person.csv
Archippus,Archippus_1,Archippus,,male,,,BibleData-Person.csv
Ard,Ard_1,Ard,,male,Benjamin,"from the list of ""sons of Israel"" who ""went to Egypt"" (GEN 46:8-27)",BibleData-Person.csv
Ardon,Ardon_1,Ardon,,male,Judah,,BibleData-Person.csv
Areli,Areli_1,Areli,,male,Gad,"from the list of ""sons of Israel"" who ""went to Egypt"" (GEN 46:8-27), the Arelites (NUM 26:17)",BibleData-Person.csv
Aretas,Aretas_1,Aretas,,male,,,BibleData-Person.csv
Argob,Argob_1,Argob,,male,,,BibleData-Person.csv
Aridai,Aridai_1,Aridai,,male,,,BibleData-Person.csv
Aridatha,Aridatha_1,Aridatha,,male,,,BibleData-Person.csv
Arieh,Arieh_1,Arieh,,male,,,BibleData-Person.csv
Ariel,Ariel_1,Ariel,,male,,,BibleData-Person.csv
Ariel,Ariel_2,Ariel,,male,Levi,,BibleData-Person.csv
Arioch,Arioch_1,Arioch,,male,,,BibleData-Person.csv
Arioch,Arioch_2,Arioch,,male,,,BibleData-Person.csv
Arisai,Arisai_1,Arisai,,male,,,BibleData-Person.csv
Aristarchus,Aristarchus_1,Aristarchus,,male,,,BibleData-Person.csv
Aristobulus,Aristobulus_1,Aristobulus,,male,,,BibleData-Person.csv
Armoni,Armoni_1,Armoni,,male,Benjamin,,BibleData-Person.csv
Arnan,Arnan_1,Arnan,,male,Judah,,BibleData-Person.csv
Arodi,Arodi_1,Arodi,,male,Gad,"from the list of ""sons of Israel"" who ""went to Egypt"" (GEN 46:8-27), the Arodites (NUM 26:17)",BibleData-Person.csv
Arpachshad,Arpachshad_1,Arpachshad,,male,,,BibleData-Person.csv
Artaxerxes,Artaxerxes_1,Artaxerxes,,male,,,BibleData-Person.csv
Artemas,Artemas_1,Artemas,,male,,,BibleData-Person.csv
Arvad,Arvad_1,Arvad,,male,,,BibleData-Person.csv
Arza,Arza_1,Arza,,male,,,BibleData-Person.csv
Asa,Asa_1,Asa,,male,Judah,the heart of Asa was wholly devoted to the LORD all his days (1KI 15:14),BibleData-Person.csv
Asa,Asa_2,Asa,,male,Levi,,BibleData-Person.csv
Asahel,Asahel_1,Asahel,,male,Judah,over the fourth division (1CH 27:6),BibleData-Person.csv
Asahel,Asahel_2,Asahel,,male,Levi,,BibleData-Person.csv
Asahel,Asahel_3,Asahel,,male,Levi,,BibleData-Person.csv
Asahel,Asahel_4,Asahel,,male,,,BibleData-Person.csv
Asaiah,Asaiah_1,Asaiah,,male,,,BibleData-Person.csv
Asaiah,Asaiah_2,Asaiah,,male,Simeon,,BibleData-Person.csv
Asaiah,Asaiah_3,Asaiah,,male,Levi,"Mahlites (from Merari, son of Levi)",BibleData-Person.csv
Asaiah,Asaiah_4,Asaiah,,male,Judah,,BibleData-Person.csv
Asaph,Asaph_1,Asaph,,male,,,BibleData-Person.csv
Asaph,Asaph_2,Asaph,,male,Levi,"Gershonites (Gershomites), from Gershon, son of Levi",BibleData-Person.csv
Asaph,Asaph_3,Asaph,,male,Levi,,BibleData-Person.csv
Asaph,Asaph_4,Asaph,,male,,,BibleData-Person.csv
Asarel,Asarel_1,Asarel,,male,Judah,,BibleData-Person.csv
Asenath,Asenath_1,Asenath,,female,,,BibleData-Person.csv
Asharelah,Asharelah_1,Asharelah,,male,Levi,"set apart to prophesy with lyres, harps, and cymbals (1CH 25:1), seventh chosen of the singers (1CH 25:14)",BibleData-Person.csv
Ashbel,Ashbel_1,Ashbel,,male,Benjamin,"from the list of ""sons of Israel"" who ""went to Egypt"" (GEN 46:8-27), the Ashbelites (NUM26:38)",BibleData-Person.csv
Asher,Asher_1,Asher,,male,Asher,,BibleData-Person.csv
Ashhur,Ashhur_1,Ashhur,,male,Judah,,BibleData-Person.csv
Ashkenaz,Ashkenaz_1,Ashkenaz,,male,,,BibleData-Person.csv
Ashpenaz,Ashpenaz_1,Ashpenaz,,male,,,BibleData-Person.csv
Ashvath,Ashvath_1,Ashvath,,male,Asher,,BibleData-Person.csv
Asiel,Asiel_1,Asiel,,male,Simeon,,BibleData-Person.csv
Asnah,Asnah_1,Asnah,,male,Levi,,BibleData-Person.csv
Aspatha,Aspatha_1,Aspatha,,male,,,BibleData-Person.csv
Asriel,Asriel_1,Asriel,,male,Manasseh,the Asrielites (NUM 26:31),BibleData-Person.csv
Asriel,Asriel_2,Asriel,,male,Manasseh,,BibleData-Person.csv
Asshur,Asshur_1,Asshur,,male,,,BibleData-Person.csv
Asshur,Asshur_2,Asshur,,male,,,BibleData-Person.csv
Assir,Assir_1,Assir,,male,Levi,Son of Korah.  Did not die in the rebellion (NUM 26:11),BibleData-Person.csv
Assir,Assir_2,Assir,,male,Levi,Kohathite,BibleData-Person.csv
Asynchritus,Asynchritus_1,Asynchritus,,male,,,BibleData-Person.csv
Atarah,Atarah_1,Atarah,,female,,,BibleData-Person.csv
Ater,Ater_1,Ater,,male,,,BibleData-Person.csv
Ater,Ater_2,Ater,,male,Levi,,BibleData-Person.csv
Athaiah,Athaiah_1,Athaiah,,male,Judah,Lived in Jerusalem (NEH 11:4),BibleData-Person.csv
Athaliah,Athaliah_1,Athaliah,,female,,,BibleData-Person.csv
Athaliah,Athaliah_2,Athaliah,,male,Benjamin,,BibleData-Person.csv
Athaliah,Athaliah_3,Athaliah,,male,,,BibleData-Person.csv
Athlai,Athlai_1,Athlai,,male,,,BibleData-Person.csv
Attai,Attai_1,Attai,,male,Judah,,BibleData-Person.csv
Attai,Attai_2,Attai,,male,Gad,came to David at Ziklag (1CH 12:1),BibleData-Person.csv
Attai,Attai_3,Attai,,male,Judah,,BibleData-Person.csv
Azaliah,Azaliah_1,Azaliah,,male,,,BibleData-Person.csv
Azaniah,Azaniah_1,Azaniah,,male,Levi,,BibleData-Person.csv
Azarel,Azarel_1,Azarel,,male,Levi,"Korahites, eleventh chosen of the singers (1CH 25:18)",BibleData-Person.csv
Azarel,Azarel_2,Azarel,,male,Dan,,BibleData-Person.csv
Azarel,Azarel_3,Azarel,,male,,,BibleData-Person.csv
Azarel,Azarel_4,Azarel,,male,Levi,,BibleData-Person.csv
Azariah,Azariah_1,Azariah,,male,Levi,,BibleData-Person.csv
Azariah,Azariah_2,Azariah,,male,,,BibleData-Person.csv
Azariah,Azariah_3,Azariah,,male,Judah,He did right in the sight of the LORD according to all that his father Amaziah had done. (2CH 26:4),BibleData-Person.csv
Azariah,Azariah_4,Azariah,,male,Judah,,BibleData-Person.csv
Azariah,Azariah_5,Azariah,,male,Judah,,BibleData-Person.csv
Azariah,Azariah_6,Azariah,,male,Levi,Aaronic priest through Eleazar,BibleData-Person.csv
Azariah,Azariah_7,Azariah,,male,Levi,"Aaronic priest through Eleazar, named on the sealed document of NEH 10:1-27 (NEH 10:2)",BibleData-Person.csv
Azariah,Azariah_8,Azariah,,male,,,BibleData-Person.csv
Azariah,Azariah_9,Azariah,,male,Judah,,BibleData-Person.csv
Azariah,Azariah_10,Azariah,,male,,,BibleData-Person.csv
Azariah,Azariah_11,Azariah,,male,,,BibleData-Person.csv
Azariah,Azariah_12,Azariah,,male,Ephraim,,BibleData-Person.csv
Azariah,Azariah_13,Azariah,,male,Levi,Kohathite,BibleData-Person.csv
Azariah,Azariah_14,Azariah,,male,Levi,"Merarites (from Merari, son of Levi)",BibleData-Person.csv
Azariah,Azariah_15,Azariah,,male,Levi,,BibleData-Person.csv
Azariah,Azariah_16,Azariah,,male,,,BibleData-Person.csv
Azariah,Azariah_17,Azariah,,male,,,BibleData-Person.csv
Azariah,Azariah_18,Azariah,,male,,possibly the same as Azariah_16? (NEH 3:23),BibleData-Person.csv
Azaryahu,Azaryahu_1,Azaryahu,,male,Judah,,BibleData-Person.csv
Azaz,Azaz_1,Azaz,,male,Reuben,,BibleData-Person.csv
Azaziah,Azaziah_1,Azaziah,,male,Levi,,BibleData-Person.csv
Azaziah,Azaziah_2,Azaziah,,male,Ephraim,,BibleData-Person.csv
Azaziah,Azaziah_3,Azaziah,,male,Levi,,BibleData-Person.csv
Azbuk,Azbuk_1,Azbuk,,male,,,BibleData-Person.csv
Azel,Azel_1,Azel,,male,Benjamin,,BibleData-Person.csv
Azgad,Azgad_1,Azgad,,male,,,BibleData-Person.csv
Aziel,Aziel_1,Aziel,,male,Levi,,BibleData-Person.csv
Aziza,Aziza_1,Aziza,,male,,,BibleData-Person.csv
Azmaveth,Azmaveth_1,Azmaveth,,male,,,BibleData-Person.csv
Azmaveth,Azmaveth_2,Azmaveth,,male,Benjamin,,BibleData-Person.csv
Azmaveth,Azmaveth_3,Azmaveth,,male,Levi,Levi assuming Adiel_2 is his father,BibleData-Person.csv
Azmaveth,Azmaveth_4,Azmaveth,,male,,Beth-azmaveth in NEH 7:28,BibleData-Person.csv
Azor,Azor_1,Azor,,male,Judah,,BibleData-Person.csv
Azriel,Azriel_1,Azriel,,male,Manasseh,,BibleData-Person.csv
Azriel,Azriel_2,Azriel,,male,Naphtali,,BibleData-Person.csv
Azriel,Azriel_3,Azriel,,male,,,BibleData-Person.csv
Azrikam,Azrikam_1,Azrikam,,male,Judah,,BibleData-Person.csv
Azrikam,Azrikam_2,Azrikam,,male,Benjamin,,BibleData-Person.csv
Azrikam,Azrikam_3,Azrikam,,male,Levi,Merarites (from Merari son of Levi),BibleData-Person.csv
Azrikam,Azrikam_4,Azrikam,,male,,,BibleData-Person.csv
Azubah,Azubah_1,Azubah,,female,,,BibleData-Person.csv
Azubah,Azubah_2,Azubah,,female,,,BibleData-Person.csv
Azzan,Azzan_1,Azzan,,male,Issachar,,BibleData-Person.csv
Azzur,Azzur_1,Azzur,,male,,named on the sealed document of NEH 10:1-27 (NEH 10:17),BibleData-Person.csv
Azzur,Azzur_2,Azzur,,male,,,BibleData-Person.csv
Azzur,Azzur_3,Azzur,,male,,,BibleData-Person.csv
Baal,Baal_1,Baal,,male,Reuben,,BibleData-Person.csv
Baal,Baal_2,Baal,,male,Benjamin,,BibleData-Person.csv
Baal-hanan,Baal-hanan_1,Baal-hanan,,male,Edomite,,BibleData-Person.csv
Baal-hanan,Baal-hanan_2,Baal-hanan,,male,,,BibleData-Person.csv
Baalis,Baalis_1,Baalis,,male,,,BibleData-Person.csv
Baana,Baana_1,Baana,,male,,,BibleData-Person.csv
Baana,Baana_2,Baana,,male,,,BibleData-Person.csv
Baana,Baana_3,Baana,,male,,,BibleData-Person.csv
Baanah,Baanah_1,Baanah,,male,,,BibleData-Person.csv
Baanah,Baanah_2,Baanah,,male,,,BibleData-Person.csv
Baanah,Baanah_3,Baanah,,male,,named on the sealed document of NEH 10:1-27 (NEH 10:27),BibleData-Person.csv
Baara,Baara_1,Baara,,female,Benjamin,,BibleData-Person.csv
Baaseiah,Baaseiah_1,Baaseiah,,male,Levi,"Gershonites (Gershomites), from Gershon, son of Levi",BibleData-Person.csv
Baasha,Baasha_1,Baasha,,male,,,BibleData-Person.csv
Bakbakkar,Bakbakkar_1,Bakbakkar,,male,Levi,,BibleData-Person.csv
Bakbuk,Bakbuk_1,Bakbuk,,male,Levi,,BibleData-Person.csv
Bakbukiah,Bakbukiah_1,Bakbukiah,,male,Levi,,BibleData-Person.csv
Balaam,Balaam_1,Balaam,,male,,,BibleData-Person.csv
Baladan,Baladan_1,Baladan,,male,,,BibleData-Person.csv
Balak,Balak_1,Balak,,male,Midianite,,BibleData-Person.csv
Bani,Bani_1,Bani,,male,,,BibleData-Person.csv
Bani,Bani_2,Bani,,male,Levi,"Merarites (from Mushi, from Merari, son of Levi)",BibleData-Person.csv
Bani,Bani_3,Bani,,male,Judah,,BibleData-Person.csv
Bani,Bani_4,Bani,,male,,Binnui in NEH 7:15,BibleData-Person.csv
Bani,Bani_5,Bani,,male,,,BibleData-Person.csv
Bani,Bani_6,Bani,,male,,named on the sealed document of NEH 10:1-27 (NEH 10:14),BibleData-Person.csv
Bani,Bani_7,Bani,,male,Levi,named on the sealed document of NEH 10:1-27 (NEH 10:13),BibleData-Person.csv
Bani,Bani_8,Bani,,male,Levi,,BibleData-Person.csv
Bani,Bani_9,Bani,,male,Levi,,BibleData-Person.csv
Bar-Jesus,Bar-Jesus_1,Bar-Jesus,,male,,,BibleData-Person.csv
Barabbas,Barabbas_1,Barabbas,,male,,,BibleData-Person.csv
Barachel,Barachel_1,Barachel,,male,,,BibleData-Person.csv
Barak,Barak_1,Barak,,male,,,BibleData-Person.csv
Bariah,Bariah_1,Bariah,,male,Judah,,BibleData-Person.csv
Barkos,Barkos_1,Barkos,,male,Levi,,BibleData-Person.csv
Bartholomew,Bartholomew_1,Bartholomew,,male,,one of the Twelve (MAT 10:2). Bartholomew is viewed by some as a surname (bar Tolmai) since he is called Nathanael in JHN 1:45.,BibleData-Person.csv
Bartimaeus,Bartimaeus_1,Bartimaeus,,male,,,BibleData-Person.csv
Baruch,Baruch_1,Baruch,,male,,,BibleData-Person.csv
Baruch,Baruch_2,Baruch,,male,Levi,named on the sealed document of NEH 10:1-27 (NEH 10:6),BibleData-Person.csv
Baruch,Baruch_3,Baruch,,male,Judah,,BibleData-Person.csv
Baruch,Baruch_4,Baruch,,male,,,BibleData-Person.csv
Barzillai,Barzillai_1,Barzillai,,male,,,BibleData-Person.csv
Barzillai,Barzillai_2,Barzillai,,male,,,BibleData-Person.csv
Barzillai,Barzillai_3,Barzillai,,male,,,BibleData-Person.csv
Basemath,Basemath_1,Basemath,,female,Hittite,also called Adah (GEN 36:2),BibleData-Person.csv
Basemath,Basemath_2,Basemath,,female,,,BibleData-Person.csv
Bath-shua,Bath-shua_1,Bath-shua,,female,,,BibleData-Person.csv
Bathsheba,Bathsheba_1,Bathsheba,,female,,,BibleData-Person.csv
Bavvai,Bavvai_1,Bavvai,,male,,,BibleData-Person.csv
Bazluth,Bazluth_1,Bazluth,,male,Levi,,BibleData-Person.csv
Bealiah,Bealiah_1,Bealiah,,male,,came to David at Ziklag (1CH 12:1),BibleData-Person.csv
Bebai,Bebai_1,Bebai,,male,,"father of Zechariah who went up with Ezra (EZR 8:11), named on the sealed document of NEH 10:1-27 (NEH 10:15)",BibleData-Person.csv
Becher,Becher_1,Becher,,male,Benjamin,"from the list of ""sons of Israel"" who ""went to Egypt"" (GEN 46:8-27)",BibleData-Person.csv
Becher,Becher_2,Becher,,male,Ephraim,the Becherites (NUM 26:35),BibleData-Person.csv
Becorath,Becorath_1,Becorath,,male,Benjamin,,BibleData-Person.csv
Bedad,Bedad_1,Bedad,,male,Edomite,,BibleData-Person.csv
Bedan,Bedan_1,Bedan,,male,Manasseh,,BibleData-Person.csv
Bedeiah,Bedeiah_1,Bedeiah,,male,,,BibleData-Person.csv
Beera,Beera_1,Beera,,male,Asher,,BibleData-Person.csv
Beerah,Beerah_1,Beerah,,male,Reuben,,BibleData-Person.csv
Beeri,Beeri_1,Beeri,,male,Hittite,,BibleData-Person.csv
Beeri,Beeri_2,Beeri,,male,,,BibleData-Person.csv
Bela,Bela_1,Bela,,male,Edomite,,BibleData-Person.csv
Bela,Bela_2,Bela,,male,Benjamin,"from the list of ""sons of Israel"" who ""went to Egypt"" (GEN 46:8-27), the Belaites (NUM 26:38)",BibleData-Person.csv
Bela,Bela_3,Bela,,male,Reuben,,BibleData-Person.csv
Belshazzar,Belshazzar_1,Belshazzar,,male,,,BibleData-Person.csv
Ben,Ben_1,Ben,,male,Levi,,BibleData-Person.csv
Ben-abinadab,Ben-abinadab_1,Ben-abinadab,,male,,,BibleData-Person.csv
Ben-ammi,Ben-ammi_1,Ben-ammi,,male,Ammonite,,BibleData-Person.csv
Ben-deker,Ben-deker_1,Ben-deker,,male,,,BibleData-Person.csv
Ben-geber,Ben-geber_1,Ben-geber,,male,,,BibleData-Person.csv
Ben-hadad,Ben-hadad_1,Ben-hadad,,male,,"the king whom Naaman served (2KI 5:1), King Asa supported (1KI 15:18), and who warred against Ahab (1KI 20:12)",BibleData-Person.csv
Ben-hadad,Ben-hadad_2,Ben-hadad,,male,,,BibleData-Person.csv
Ben-hail,Ben-hail_1,Ben-hail,,male,,,BibleData-Person.csv
Ben-hesed,Ben-hesed_1,Ben-hesed,,male,,,BibleData-Person.csv
Ben-hur,Ben-hur_1,Ben-hur,,male,,,BibleData-Person.csv
Ben-zoheth,Ben-zoheth_1,Ben-zoheth,,male,Judah,,BibleData-Person.csv
Benaiah,Benaiah_1,Benaiah,,male,Levi,commander of the third division (1CH 27:5),BibleData-Person.csv
Benaiah,Benaiah_2,Benaiah,,male,Ephraim,"Ephraimite, over the eleventh division (1CH 27:14)",BibleData-Person.csv
Benaiah,Benaiah_3,Benaiah,,male,Simeon,,BibleData-Person.csv
Benaiah,Benaiah_4,Benaiah,,male,Levi,,BibleData-Person.csv
Benaiah,Benaiah_5,Benaiah,,male,Levi,,BibleData-Person.csv
Benaiah,Benaiah_6,Benaiah,,male,Levi,,BibleData-Person.csv
Benaiah,Benaiah_7,Benaiah,,male,,,BibleData-Person.csv
Benaiah,Benaiah_8,Benaiah,,male,,,BibleData-Person.csv
Benaiah,Benaiah_9,Benaiah,,male,,,BibleData-Person.csv
Benaiah,Benaiah_10,Benaiah,,male,,,BibleData-Person.csv
Benaiah,Benaiah_11,Benaiah,,male,,,BibleData-Person.csv
Benhanan,Benhanan_1,Benhanan,,male,Judah,,BibleData-Person.csv
Beninu,Beninu_1,Beninu,,male,Levi,named on the sealed document of NEH 10:1-27 (NEH 10:13),BibleData-Person.csv
Benjamin,Benjamin_1,Benjamin,,male,Benjamin,,BibleData-Person.csv
Benjamin,Benjamin_2,Benjamin,,male,Benjamin,,BibleData-Person.csv
Benjamin,Benjamin_3,Benjamin,,male,,,BibleData-Person.csv
Benjamin,Benjamin_4,Benjamin,,male,,,BibleData-Person.csv
Beno,Beno_1,Beno,,male,Levi,Merarites (from Merari son of Levi),BibleData-Person.csv
Beor,Beor_1,Beor,,male,Edomite,,BibleData-Person.csv
Beor,Beor_2,Beor,,male,,,BibleData-Person.csv
Bera,Bera_1,Bera,,male,,,BibleData-Person.csv
Beracah,Beracah_1,Beracah,,male,Benjamin,came to David at Ziklag (1CH 12:1),BibleData-Person.csv
Beraiah,Beraiah_1,Beraiah,,male,Benjamin,,BibleData-Person.csv
Berechiah,Berechiah_1,Berechiah,,male,Judah,,BibleData-Person.csv
Berechiah,Berechiah_2,Berechiah,,male,Levi,"Gershonites (Gershomites), from Gershon, son of Levi",BibleData-Person.csv
Berechiah,Berechiah_3,Berechiah,,male,Levi,,BibleData-Person.csv
Berechiah,Berechiah_4,Berechiah,,male,Ephraim,,BibleData-Person.csv
Berechiah,Berechiah_5,Berechiah,,male,,,BibleData-Person.csv
Berechiah,Berechiah_6,Berechiah,,male,,,BibleData-Person.csv
Beri,Beri_1,Beri,,male,Asher,,BibleData-Person.csv
Beriah,Beriah_1,Beriah,,male,Asher,"from the list of ""sons of Israel"" who ""went to Egypt"" (GEN 46:8-27), the Beriites (NUM 26:44)",BibleData-Person.csv
Beriah,Beriah_2,Beriah,,male,Ephraim,,BibleData-Person.csv
Beriah,Beriah_3,Beriah,,male,Benjamin,,BibleData-Person.csv
Beriah,Beriah_4,Beriah,,male,Levi,,BibleData-Person.csv
Bernice,Bernice_1,Bernice,,female,,the sister and wife of Agrippa,BibleData-Person.csv
Berodach-baladan,Berodach-baladan_1,Berodach-baladan,,male,,,BibleData-Person.csv
Besai,Besai_1,Besai,,male,Levi,,BibleData-Person.csv
Besodeiah,Besodeiah_1,Besodeiah,,male,,,BibleData-Person.csv
Beth-rapha,Beth-rapha_1,Beth-rapha,,male,Judah,,BibleData-Person.csv
Bethuel,Bethuel_1,Bethuel,,male,,,BibleData-Person.csv
Bethzur,Bethzur_1,Bethzur,,male,Judah,,BibleData-Person.csv
Bezai,Bezai_1,Bezai,,male,,,BibleData-Person.csv
Bezalel,Bezalel_1,Bezalel,,male,Judah,craftsman who built the tabernacle,BibleData-Person.csv
Bezalel,Bezalel_2,Bezalel,,male,,,BibleData-Person.csv
Bezer,Bezer_1,Bezer,,male,Asher,,BibleData-Person.csv
Bichri,Bichri_1,Bichri,,male,,,BibleData-Person.csv
Bidkar,Bidkar_1,Bidkar,,male,,,BibleData-Person.csv
Bigtha,Bigtha_1,Bigtha,,male,,,BibleData-Person.csv
Bigthan,Bigthan_1,Bigthan,,male,,,BibleData-Person.csv
Bigvai,Bigvai_1,Bigvai,,male,,named on the sealed document of NEH 10:1-27 (NEH 10:16),BibleData-Person.csv
Bildad,Bildad_1,Bildad,,male,,,BibleData-Person.csv
Bilgah,Bilgah_1,Bilgah,,male,Levi,"In the line of Eleazar (1CH 24:6, 14)",BibleData-Person.csv
Bilgah,Bilgah_2,Bilgah,,male,Levi,"as ""priest"", a descendant of Aaron ",BibleData-Person.csv
Bilgai,Bilgai_1,Bilgai,,male,Levi,named on the sealed document of NEH 10:1-27 (NEH 10:8),BibleData-Person.csv
Bilhah,Bilhah_1,Bilhah,,female,,,BibleData-Person.csv
Bilhan,Bilhan_1,Bilhan,,male,Edomite,,BibleData-Person.csv
Bilhan,Bilhan_2,Bilhan,,male,Benjamin,,BibleData-Person.csv
Bilshan,Bilshan_1,Bilshan,,male,,,BibleData-Person.csv
Bimhal,Bimhal_1,Bimhal,,male,Asher,,BibleData-Person.csv
Binea,Binea_1,Binea,,male,Benjamin,,BibleData-Person.csv
Binnui,Binnui_1,Binnui,,male,Levi,,BibleData-Person.csv
Binnui,Binnui_2,Binnui,,male,,,BibleData-Person.csv
Binnui,Binnui_3,Binnui,,male,,,BibleData-Person.csv
Binnui,Binnui_4,Binnui,,male,Levi,a Levite named on the sealed document of NEH 10:1-27 (NEH 10:9),BibleData-Person.csv
Birsha,Birsha_1,Birsha,,male,,,BibleData-Person.csv
Birzaith,Birzaith_1,Birzaith,,male,Asher,,BibleData-Person.csv
Bishlam,Bishlam_1,Bishlam,,male,,,BibleData-Person.csv
Bithia,Bithia_1,Bithia,,female,,,BibleData-Person.csv
Biztha,Biztha_1,Biztha,,male,,,BibleData-Person.csv
Blastus,Blastus_1,Blastus,,male,,,BibleData-Person.csv
Boaz,Boaz_1,Boaz,,male,Judah,,BibleData-Person.csv
Bocheru,Bocheru_1,Bocheru,,male,Benjamin,,BibleData-Person.csv
Bohan,Bohan_1,Bohan,,male,Reuben,,BibleData-Person.csv
Bukki,Bukki_1,Bukki,,male,Dan,leader of Dan apportioning the Land (NUM 34:22),BibleData-Person.csv
Bukki,Bukki_2,Bukki,,male,Levi,Aaronic priest through Eleazar,BibleData-Person.csv
Bukkiah,Bukkiah_1,Bukkiah,,male,Levi,"set apart to prophesy with lyres, harps, and cymbals (1CH 25:1), sixth chosen of the singers (1CH 25:13)",BibleData-Person.csv
Bunah,Bunah_1,Bunah,,male,Judah,,BibleData-Person.csv
Bunni,Bunni_1,Bunni,,male,Levi,,BibleData-Person.csv
Bunni,Bunni_2,Bunni,,male,Levi,descendant of Merari (1CH 9:14),BibleData-Person.csv
Buz,Buz_1,Buz,,male,,,BibleData-Person.csv
Buz,Buz_2,Buz,,male,Gad,,BibleData-Person.csv
Buzi,Buzi_1,Buzi,,male,Levi,,BibleData-Person.csv
Caesar,Caesar_1,Caesar,,male,,Tiberius Caesar,BibleData-Person.csv
Caesar,Caesar_2,Caesar,,male,,The Caesar to whom Paul appealed (ACT 25:11).  Likely Nero.,BibleData-Person.csv
Caesar Augustus,Caesar Augustus_1,Caesar Augustus,,male,,,BibleData-Person.csv
Caiaphas,Caiaphas_1,Caiaphas,,male,Levi,,BibleData-Person.csv
Cain,Cain_1,Cain,,male,,,BibleData-Person.csv
Cainan,Cainan_1,Cainan,,male,,Kenan or Kainan in some English texts,BibleData-Person.csv
Calcol,Calcol_1,Calcol,,male,,,BibleData-Person.csv
Caleb,Caleb_1,Caleb,,male,Judah,1 of 12 spies- from Judah,BibleData-Person.csv
Canaan,Canaan_1,Canaan,,male,,,BibleData-Person.csv
Candace,Candace_1,Candace,,female,,,BibleData-Person.csv
Caphtor,Caphtor_1,Caphtor,,male,,,BibleData-Person.csv
Carkas,Carkas_1,Carkas,,male,,,BibleData-Person.csv
Carmi,Carmi_1,Carmi,,male,Reuben,"from the list of ""sons of Israel"" who ""went to Egypt"" (GEN 46:8-27), the Carmites (NUM 26:6)",BibleData-Person.csv
Carmi,Carmi_2,Carmi,,male,Judah,,BibleData-Person.csv
Carshena,Carshena_1,Carshena,,male,,,BibleData-Person.csv
Casluh,Casluh_1,Casluh,,male,,,BibleData-Person.csv
Chedorlaomer,Chedorlaomer_1,Chedorlaomer,,male,,,BibleData-Person.csv
Chelal,Chelal_1,Chelal,,male,,,BibleData-Person.csv
Chelub,Chelub_1,Chelub,,male,Judah,,BibleData-Person.csv
Chelubai,Chelubai_1,Chelubai,,male,Judah,,BibleData-Person.csv
Cheluhi,Cheluhi_1,Cheluhi,,male,,,BibleData-Person.csv
Chenaanah,Chenaanah_1,Chenaanah,,male,,,BibleData-Person.csv
Chenaanah,Chenaanah_2,Chenaanah,,male,Benjamin,,BibleData-Person.csv
Chenani,Chenani_1,Chenani,,male,Levi,,BibleData-Person.csv
Chenaniah,Chenaniah_1,Chenaniah,,male,Levi,"Izharites (from Kohath, son of Levi)",BibleData-Person.csv
Cheran,Cheran_1,Cheran,,male,Edomite,,BibleData-Person.csv
Chesed,Chesed_1,Chesed,,male,,,BibleData-Person.csv
Chileab,Chileab_1,Chileab,,male,Judah,,BibleData-Person.csv
Chilion,Chilion_1,Chilion,,male,Judah,,BibleData-Person.csv
Chimham,Chimham_1,Chimham,,male,,,BibleData-Person.csv
Chislon,Chislon_1,Chislon,,male,Benjamin,,BibleData-Person.csv
Chloe,Chloe_1,Chloe,,female,,,BibleData-Person.csv
Chuza,Chuza_1,Chuza,,male,,,BibleData-Person.csv
Claudia,Claudia_1,Claudia,,female,,,BibleData-Person.csv
Claudius,Claudius_1,Claudius,,male,,Tiberius Claudius Caesar Augustus Germanicus,BibleData-Person.csv
Claudius,Claudius_2,Claudius,Lysias,male,,,BibleData-Person.csv
Clement,Clement_1,Clement,,male,,,BibleData-Person.csv
Cleopas,Cleopas_1,Cleopas,,male,,,BibleData-Person.csv
Clopas,Clopas_1,Clopas,,male,,same person as Cleopas_1?,BibleData-Person.csv
Col-hozeh,Col-hozeh_1,Col-hozeh,,male,Judah,tribe of Judah (NEH 11:4-5),BibleData-Person.csv
Conaniah,Conaniah_1,Conaniah,,male,Levi,,BibleData-Person.csv
Cornelius,Cornelius_1,Cornelius,,male,,,BibleData-Person.csv
Cosam,Cosam_1,Cosam,,male,,,BibleData-Person.csv
Cozbi,Cozbi_1,Cozbi,,female,Midianite,,BibleData-Person.csv
Crescens,Crescens_1,Crescens,,male,,,BibleData-Person.csv
Crispus,Crispus_1,Crispus,,male,,,BibleData-Person.csv
Cush,Cush_1,Cush,,male,,,BibleData-Person.csv
Cush,Cush_2,Cush,,male,,,BibleData-Person.csv
Cushan-rishathaim,Cushan-rishathaim_1,Cushan-rishathaim,,male,,King of Mesopotamia,BibleData-Person.csv
Cushi,Cushi_1,Cushi,,male,,,BibleData-Person.csv
Cushi,Cushi_2,Cushi,,male,,,BibleData-Person.csv
Cyrus,Cyrus_1,Cyrus,,male,,,BibleData-Person.csv
Dalphon,Dalphon_1,Dalphon,,male,,,BibleData-Person.csv
Damaris,Damaris_1,Damaris,,female,,,BibleData-Person.csv
Dan,Dan_1,Dan,,male,Dan,,BibleData-Person.csv
Daniel,Daniel_1,Daniel,,male,Levi,"named on the sealed document of Neh 10:1-27 (NEH 10:6), Aaronic priest (NEH 10:8)",BibleData-Person.csv
Daniel,Daniel_2,Daniel,,male,,,BibleData-Person.csv
Darda,Darda_1,Darda,,male,,,BibleData-Person.csv
Darius,Darius_1,Darius,,male,,"likely Darius III, the last King of Persia, conquered by Alexander the Great",BibleData-Person.csv
Darius,Darius_2,Darius,,male,,"likely Darius I, son of Xerxes",BibleData-Person.csv
Darkon,Darkon_1,Darkon,,male,,,BibleData-Person.csv
Dathan,Dathan_1,Dathan,,male,Reuben,,BibleData-Person.csv
David,David_1,David,,male,Judah,,BibleData-Person.csv
Debir,Debir_1,Debir,,male,,King of Eglon,BibleData-Person.csv
Deborah,Deborah_1,Deborah,,female,,,BibleData-Person.csv
Deborah,Deborah_2,Deborah,,female,,,BibleData-Person.csv
Dedan,Dedan_1,Dedan,,male,,,BibleData-Person.csv
Dedan,Dedan_2,Dedan,,male,,,BibleData-Person.csv
Delaiah,Delaiah_1,Delaiah,,male,Judah,,BibleData-Person.csv
Delaiah,Delaiah_2,Delaiah,,male,Levi,"In the line of Eleazar (1CH 24:6, 18)",BibleData-Person.csv
Delaiah,Delaiah_3,Delaiah,,male,,,BibleData-Person.csv
Delaiah,Delaiah_4,Delaiah,,male,,,BibleData-Person.csv
Delaiah,Delaiah_5,Delaiah,,male,,,BibleData-Person.csv
Delilah,Delilah_1,Delilah,,female,,,BibleData-Person.csv
Demas,Demas_1,Demas,,male,,,BibleData-Person.csv
Demetrius,Demetrius_1,Demetrius,,male,,,BibleData-Person.csv
Demetrius,Demetrius_2,Demetrius,,male,,,BibleData-Person.csv
Deuel,Deuel_1,Deuel,,male,Gad,,BibleData-Person.csv
Diblaim,Diblaim_1,Diblaim,,male,,,BibleData-Person.csv
Dibri,Dibri_1,Dibri,,male,Dan,,BibleData-Person.csv
Diklah,Diklah_1,Diklah,,male,,,BibleData-Person.csv
Dinah,Dinah_1,Dinah,,female,,,BibleData-Person.csv
Dionysius,Dionysius_1,Dionysius,,male,,,BibleData-Person.csv
Diotrephes,Diotrephes_1,Diotrephes,,male,,,BibleData-Person.csv
Dishan,Dishan_1,Dishan,,male,Edomite,,BibleData-Person.csv
Dishon,Dishon_1,Dishon,,male,Edomite,,BibleData-Person.csv
Dishon,Dishon_2,Dishon,,male,Edomite,,BibleData-Person.csv
Dodai,Dodai_1,Dodai,,male,,had charge of the second division for the second month (1CH 27:4),BibleData-Person.csv
Dodanim,Dodanim_1,Dodanim,,male,,,BibleData-Person.csv
Dodavahu,Dodavahu_1,Dodavahu,,male,,,BibleData-Person.csv
Dodo,Dodo_1,Dodo,,male,Issachar,,BibleData-Person.csv
Dodo,Dodo_2,Dodo,,male,,,BibleData-Person.csv
Doeg,Doeg_1,Doeg,,male,,,BibleData-Person.csv
Drusilla,Drusilla_1,Drusilla,,female,,,BibleData-Person.csv
Dumah,Dumah_1,Dumah,,male,Dumah,,BibleData-Person.csv
Ebal,Ebal_1,Ebal,,male,Edomite,,BibleData-Person.csv
Ebed,Ebed_1,Ebed,,male,,,BibleData-Person.csv
Ebed,Ebed_2,Ebed,,male,,,BibleData-Person.csv
Ebed-melech,Ebed-melech_1,Ebed-melech,,male,,,BibleData-Person.csv
Eber,Eber_1,Eber,,male,,,BibleData-Person.csv
Eber,Eber_2,Eber,,male,Gad,,BibleData-Person.csv
Eber,Eber_3,Eber,,male,Benjamin,,BibleData-Person.csv
Eber,Eber_4,Eber,,male,Benjamin,,BibleData-Person.csv
Eber,Eber_5,Eber,,male,Levi,"As ""priests"" (NEH 12:12), descendants of Aaron",BibleData-Person.csv
Ebiasaph,Ebiasaph_1,Ebiasaph,,male,Levi,Kohathite,BibleData-Person.csv
Eden,Eden_1,Eden,,male,Levi,"Gershonites (Gershomites), from Gershon, son of Levi",BibleData-Person.csv
Eder,Eder_1,Eder,,male,Benjamin,,BibleData-Person.csv
Eder,Eder_2,Eder,,male,Levi,"Mushites (from Mushi, from Merari, son of Levi)",BibleData-Person.csv
Eglah,Eglah_1,Eglah,,female,,,BibleData-Person.csv
Eglon,Eglon_1,Eglon,,male,,King of Moab,BibleData-Person.csv
Ehi,Ehi_1,Ehi,,male,Benjamin,"from the list of ""sons of Israel"" who ""went to Egypt"" (GEN 46:8-27), the Ahiramites (NUM 26:38) [Ehi is also called Ahiram]",BibleData-Person.csv
Ehud,Ehud_1,Ehud,,male,Benjamin,,BibleData-Person.csv
Ehud,Ehud_2,Ehud,,male,Benjamin,,BibleData-Person.csv
Eker,Eker_1,Eker,,male,Judah,,BibleData-Person.csv
Ela,Ela_1,Ela,,male,,,BibleData-Person.csv
Elah,Elah_1,Elah,,male,Edomite,,BibleData-Person.csv
Elah,Elah_2,Elah,,male,,,BibleData-Person.csv
Elah,Elah_3,Elah,,male,,,BibleData-Person.csv
Elah,Elah_4,Elah,,male,Judah,,BibleData-Person.csv
Elah,Elah_5,Elah,,male,Benjamin,,BibleData-Person.csv
Elam,Elam_1,Elam,,male,,,BibleData-Person.csv
Elam,Elam_2,Elam,,male,Benjamin,,BibleData-Person.csv
Elam,Elam_3,Elam,,male,Levi,,BibleData-Person.csv
Elam,Elam_4,Elam,,male,,"father of Jehiel_6 (EZR 10:2), named on the sealed document of NEH 10:1-27 (NEH 10:14)",BibleData-Person.csv
Elam,Elam_5,Elam,,male,,,BibleData-Person.csv
Elasah,Elasah_1,Elasah,,male,Levi,,BibleData-Person.csv
Elasah,Elasah_2,Elasah,,male,,,BibleData-Person.csv
Eldaah,Eldaah_1,Eldaah,,male,,,BibleData-Person.csv
Eldad,Eldad_1,Eldad,,male,,,BibleData-Person.csv
Elead,Elead_1,Elead,,male,Ephraim,Killed by the men of Gath.,BibleData-Person.csv
Eleadah,Eleadah_1,Eleadah,,male,Ephraim,Killed by the men of Gath.,BibleData-Person.csv
Eleasah,Eleasah_1,Eleasah,,male,Judah,,BibleData-Person.csv
Eleasah,Eleasah_2,Eleasah,,male,Benjamin,,BibleData-Person.csv
Eleazar,Eleazar_1,Eleazar,,male,Levi,High Priest,BibleData-Person.csv
Eleazar,Eleazar_2,Eleazar,,male,,,BibleData-Person.csv
Eleazar,Eleazar_3,Eleazar,,male,,,BibleData-Person.csv
Eleazar,Eleazar_4,Eleazar,,male,Levi,"Mahlites (from Merari, son of Levi)",BibleData-Person.csv
Eleazar,Eleazar_5,Eleazar,,male,Levi,,BibleData-Person.csv
Eleazar,Eleazar_6,Eleazar,,male,Levi,,BibleData-Person.csv
Eleazar,Eleazar_7,Eleazar,,male,,,BibleData-Person.csv
Eleazar,Eleazar_8,Eleazar,,male,,,BibleData-Person.csv
Eleazar,Eleazar_9,Eleazar,,male,Judah,,BibleData-Person.csv
Elhanan,Elhanan_1,Elhanan,,male,,,BibleData-Person.csv
Eli,Eli_1,Eli,,male,Levi,,BibleData-Person.csv
Eli,Eli_2,Eli,,male,,,BibleData-Person.csv
Eliab,Eliab_1,Eliab,,male,Zebulun,leader of Zebulun during the Exodus (NUM 1:9),BibleData-Person.csv
Eliab,Eliab_2,Eliab,,male,Reuben,Not the same person as mentioned in NUM 1:9 (from Zebulun).  This Eliab is from Reuben (NUM 16:1).,BibleData-Person.csv
Eliab,Eliab_3,Eliab,,male,Judah,,BibleData-Person.csv
Eliab,Eliab_4,Eliab,,male,Gad,came to David at Ziklag (1CH 12:1),BibleData-Person.csv
Eliab,Eliab_5,Eliab,,male,Levi,,BibleData-Person.csv
Eliada,Eliada_1,Eliada,,male,Judah,,BibleData-Person.csv
Eliada,Eliada_2,Eliada,,male,,,BibleData-Person.csv
Eliada,Eliada_3,Eliada,,male,Benjamin,,BibleData-Person.csv
Eliahba,Eliahba_1,Eliahba,,male,,,BibleData-Person.csv
Eliakim,Eliakim_1,Eliakim,,male,,,BibleData-Person.csv
Eliakim,Eliakim_2,Eliakim,,male,,He did evil in the sight of the LORD (2KI 23:37),BibleData-Person.csv
Eliakim,Eliakim_3,Eliakim,,male,Levi,"As ""priest"", a descendant of Aaron",BibleData-Person.csv
Eliakim,Eliakim_4,Eliakim,,male,Judah,,BibleData-Person.csv
Eliakim,Eliakim_5,Eliakim,,male,,,BibleData-Person.csv
Eliam,Eliam_1,Eliam,,male,,,BibleData-Person.csv
Eliam,Eliam_2,Eliam,,male,,,BibleData-Person.csv
Eliasaph,Eliasaph_1,Eliasaph,,male,Gad,leader of Gad during the Exodus (NUM 1:14),BibleData-Person.csv
Eliasaph,Eliasaph_2,Eliasaph,,male,Levi,,BibleData-Person.csv
Eliashib,Eliashib_1,Eliashib,,male,Judah,,BibleData-Person.csv
Eliashib,Eliashib_2,Eliashib,,male,Levi,"In the line of Eleazar (1CH 24:6, 12)",BibleData-Person.csv
Eliashib,Eliashib_3,Eliashib,,male,Levi,Levite based on NEH 12:23,BibleData-Person.csv
Eliashib,Eliashib_4,Eliashib,,male,Levi,,BibleData-Person.csv
Eliashib,Eliashib_5,Eliashib,,male,,,BibleData-Person.csv
Eliashib,Eliashib_6,Eliashib,,male,,,BibleData-Person.csv
Eliashib,Eliashib_7,Eliashib,,male,Levi,,BibleData-Person.csv
Eliashib,Eliashib_8,Eliashib,,male,Levi,,BibleData-Person.csv
Eliathah,Eliathah_1,Eliathah,,male,Levi,"set apart to prophesy with lyres, harps, and cymbals (1CH 25:1), twentieth chosen of the singers (1CH 25:27)",BibleData-Person.csv
Elidad,Elidad_1,Elidad,,male,Benjamin,leader of Benjamin apportioning the Land (NUM 34:21),BibleData-Person.csv
Eliehoenai,Eliehoenai_1,Eliehoenai,,male,Levi,,BibleData-Person.csv
Eliehoenai,Eliehoenai_2,Eliehoenai,,male,,,BibleData-Person.csv
Eliel,Eliel_1,Eliel,,male,Manasseh,,BibleData-Person.csv
Eliel,Eliel_2,Eliel,,male,Benjamin,,BibleData-Person.csv
Eliel,Eliel_3,Eliel,,male,Benjamin,,BibleData-Person.csv
Eliel,Eliel_4,Eliel,,male,,,BibleData-Person.csv
Eliel,Eliel_5,Eliel,,male,,,BibleData-Person.csv
Eliel,Eliel_6,Eliel,,male,Gad,came to David at Ziklag (1CH 12:1),BibleData-Person.csv
Eliel,Eliel_7,Eliel,,male,Levi,,BibleData-Person.csv
Eliel,Eliel_8,Eliel,,male,Levi,,BibleData-Person.csv
Elienai,Elienai_1,Elienai,,male,Benjamin,,BibleData-Person.csv
Eliezer,Eliezer_1,Eliezer,,male,,"Possibly the ""servant"" who went to find Isaac a wife in Genesis 24?",BibleData-Person.csv
Eliezer,Eliezer_2,Eliezer,,male,Levi,Both Gershom and Eliezer were born to Moses in Midian since he left Midian with sons (plural)- EXO 4:20,BibleData-Person.csv
Eliezer,Eliezer_3,Eliezer,,male,Benjamin,,BibleData-Person.csv
Eliezer,Eliezer_4,Eliezer,,male,Levi,,BibleData-Person.csv
Eliezer,Eliezer_5,Eliezer,,male,Reuben,,BibleData-Person.csv
Eliezer,Eliezer_6,Eliezer,,male,,,BibleData-Person.csv
Eliezer,Eliezer_7,Eliezer,,male,Levi,Aaronic priest (EZR 10:18),BibleData-Person.csv
Eliezer,Eliezer_8,Eliezer,,male,,,BibleData-Person.csv
Eliezer,Eliezer_9,Eliezer,,male,,,BibleData-Person.csv
Elihoreph,Elihoreph_1,Elihoreph,,male,,,BibleData-Person.csv
Elihu,Elihu_1,Elihu,,male,Levi,,BibleData-Person.csv
Elihu,Elihu_2,Elihu,,male,Manasseh,came to David at Ziklag (1CH 12:1),BibleData-Person.csv
Elihu,Elihu_3,Elihu,,male,Levi,,BibleData-Person.csv
Elihu,Elihu_4,Elihu,,male,Judah,,BibleData-Person.csv
Elihu,Elihu_5,Elihu,,male,,,BibleData-Person.csv
Elijah,Elijah_1,Elijah,,male,,,BibleData-Person.csv
Elijah,Elijah_2,Elijah,,male,Benjamin,,BibleData-Person.csv
Elijah,Elijah_3,Elijah,,male,Levi,,BibleData-Person.csv
Elijah,Elijah_4,Elijah,,male,,,BibleData-Person.csv
Elika,Elika_1,Elika,,male,,,BibleData-Person.csv
Elimelech,Elimelech_1,Elimelech,,male,Judah,,BibleData-Person.csv
Elioenai,Elioenai_1,Elioenai,,male,Judah,,BibleData-Person.csv
Elioenai,Elioenai_2,Elioenai,,male,Simeon,,BibleData-Person.csv
Elioenai,Elioenai_3,Elioenai,,male,Benjamin,,BibleData-Person.csv
Elioenai,Elioenai_4,Elioenai,,male,Levi,,BibleData-Person.csv
Elioenai,Elioenai_5,Elioenai,,male,,,BibleData-Person.csv
Elioenai,Elioenai_6,Elioenai,,male,Levi,"As ""priest"", a descendant of Aaron",BibleData-Person.csv
Eliphaz,Eliphaz_1,Eliphaz,,male,Edomite,,BibleData-Person.csv
Eliphaz,Eliphaz_2,Eliphaz,,male,,,BibleData-Person.csv
Eliphelehu,Eliphelehu_1,Eliphelehu,,male,Levi,,BibleData-Person.csv
Eliphelet,Eliphelet_1,Eliphelet,,male,Judah,,BibleData-Person.csv
Eliphelet,Eliphelet_2,Eliphelet,,male,,,BibleData-Person.csv
Eliphelet,Eliphelet_3,Eliphelet,,male,Judah,Also called Elpelet (1CH 14:5),BibleData-Person.csv
Eliphelet,Eliphelet_4,Eliphelet,,male,Benjamin,,BibleData-Person.csv
Eliphelet,Eliphelet_5,Eliphelet,,male,,,BibleData-Person.csv
Eliphelet,Eliphelet_6,Eliphelet,,male,,,BibleData-Person.csv
Elisha,Elisha_1,Elisha,,male,,,BibleData-Person.csv
Elishah,Elishah_1,Elishah,,male,,,BibleData-Person.csv
Elishah,Elishah_2,Elishah,,male,,** This name is not present in the BHS Hebrew text but is present in Rahlfs Septuaginta,BibleData-Person.csv
Elishama,Elishama_1,Elishama,,male,Ephraim,leader of Ephraim during the Exodus (NUM 1:10),BibleData-Person.csv
Elishama,Elishama_2,Elishama,,male,Judah,,BibleData-Person.csv
Elishama,Elishama_3,Elishama,,male,,"From Judah? 2KI 25:25 says he was ""of the royal family [literally: seed]""",BibleData-Person.csv
Elishama,Elishama_4,Elishama,,male,Judah,,BibleData-Person.csv
Elishama,Elishama_5,Elishama,,male,Levi,,BibleData-Person.csv
Elishama,Elishama_6,Elishama,,male,,,BibleData-Person.csv
Elishaphat,Elishaphat_1,Elishaphat,,male,,,BibleData-Person.csv
Elisheba,Elisheba_1,Elisheba,,female,Judah,,BibleData-Person.csv
Elishua,Elishua_1,Elishua,,male,Judah,,BibleData-Person.csv
Eliud,Eliud_1,Eliud,,male,Judah,,BibleData-Person.csv
Elizabeth,Elizabeth_1,Elizabeth,,female,Levi,,BibleData-Person.csv
Elizaphan,Elizaphan_1,Elizaphan,,male,Zebulun,leader of Zebulun apportioning the Land (NUM 34:25),BibleData-Person.csv
Elizur,Elizur_1,Elizur,,male,Reuben,leader of Reuben during the Exodus (NUM 1:5),BibleData-Person.csv
Elkanah,Elkanah_1,Elkanah,,male,Levi,Son of Korah.  Did not die in the rebellion (NUM 26:11),BibleData-Person.csv
Elkanah,Elkanah_2,Elkanah,,male,Levi,He lived in the hill-country of Ephraim (1SA 1:1) but was a Levite (1CH 6:22-28).,BibleData-Person.csv
Elkanah,Elkanah_3,Elkanah,,male,Levi,Kohathite,BibleData-Person.csv
Elkanah,Elkanah_4,Elkanah,,male,Levi,Kohathite,BibleData-Person.csv
Elkanah,Elkanah_5,Elkanah,,male,Levi,Kohathite,BibleData-Person.csv
Elkanah,Elkanah_6,Elkanah,,male,Levi,,BibleData-Person.csv
Elkanah,Elkanah_7,Elkanah,,male,Levi,Korahites,BibleData-Person.csv
Elkanah,Elkanah_8,Elkanah,,male,,,BibleData-Person.csv
Elmadam,Elmadam_1,Elmadam,,male,,,BibleData-Person.csv
Elnaam,Elnaam_1,Elnaam,,male,,,BibleData-Person.csv
Elnathan,Elnathan_1,Elnathan,,male,,,BibleData-Person.csv
Elnathan,Elnathan_2,Elnathan,,male,Levi,,BibleData-Person.csv
Elnathan,Elnathan_3,Elnathan,,male,Levi,,BibleData-Person.csv
Elnathan,Elnathan_4,Elnathan,,male,Levi,,BibleData-Person.csv
Elon,Elon_1,Elon,,male,Hittite,,BibleData-Person.csv
Elon,Elon_2,Elon,,male,Zebulun,"from the list of ""sons of Israel"" who ""went to Egypt"" (GEN 46:8-27), the Elonites (NUM 26:26)",BibleData-Person.csv
Elon,Elon_3,Elon,,male,Zebulun,judge of Israel,BibleData-Person.csv
Elpaal,Elpaal_1,Elpaal,,male,Benjamin,,BibleData-Person.csv
Eluzai,Eluzai_1,Eluzai,,male,,came to David at Ziklag (1CH 12:1),BibleData-Person.csv
Elzabad,Elzabad_1,Elzabad,,male,Gad,came to David at Ziklag (1CH 12:1),BibleData-Person.csv
Elzabad,Elzabad_2,Elzabad,,male,Levi,,BibleData-Person.csv
Elzaphan,Elzaphan_1,Elzaphan,,male,Levi,,BibleData-Person.csv
Enan,Enan_1,Enan,,male,Naphtali,,BibleData-Person.csv
Enoch,Enoch_1,Enoch,,male,,,BibleData-Person.csv
Enoch,Enoch_2,Enoch,,male,,,BibleData-Person.csv
Enosh,Enosh_1,Enosh,,male,,,BibleData-Person.csv
Epanetus,Epanetus_1,Epanetus,,male,,,BibleData-Person.csv
Epaphroditus,Epaphroditus_1,Epaphroditus,,male,,,BibleData-Person.csv
Ephah,Ephah_1,Ephah,,male,,,BibleData-Person.csv
Ephah,Ephah_2,Ephah,,female,,,BibleData-Person.csv
Ephah,Ephah_3,Ephah,,male,Judah,,BibleData-Person.csv
Ephai,Ephai_1,Ephai,,male,,,BibleData-Person.csv
Epher,Epher_1,Epher,,male,,,BibleData-Person.csv
Epher,Epher_2,Epher,,male,Judah,,BibleData-Person.csv
Epher,Epher_3,Epher,,male,Manasseh,,BibleData-Person.csv
Ephlal,Ephlal_1,Ephlal,,male,Judah,,BibleData-Person.csv
Ephod,Ephod_1,Ephod,,male,Manasseh,,BibleData-Person.csv
Ephraim,Ephraim_1,Ephraim,,male,Ephraim,,BibleData-Person.csv
Ephrath,Ephrath_1,Ephrath,,female,,,BibleData-Person.csv
Ephron,Ephron_1,Ephron,,male,Hittite,,BibleData-Person.csv
Er,Er_1,Er,,male,Judah,,BibleData-Person.csv
Er,Er_2,Er,,male,Judah,,BibleData-Person.csv
Er,Er_3,Er,,male,,,BibleData-Person.csv
Eran,Eran_1,Eran,,male,Ephraim,the Eranites (NUM 26:36),BibleData-Person.csv
Erastus,Erastus_1,Erastus,,male,,,BibleData-Person.csv
Erastus,Erastus_2,Erastus,,male,,,BibleData-Person.csv
Eri,Eri_1,Eri,,male,Gad,"from the list of ""sons of Israel"" who ""went to Egypt"" (GEN 46:8-27), the Erites (NUM 26:16)",BibleData-Person.csv
Esarhaddon,Esarhaddon_1,Esarhaddon,,male,,,BibleData-Person.csv
Esau,Esau_1,Esau,,male,,,BibleData-Person.csv
Eshban,Eshban_1,Eshban,,male,Edomite,,BibleData-Person.csv
Eshcol,Eshcol_1,Eshcol,,male,Amorite,,BibleData-Person.csv
Eshek,Eshek_1,Eshek,,male,Benjamin,,BibleData-Person.csv
Eshtemoa,Eshtemoa_1,Eshtemoa,,male,Judah,possibly a location rather than a person?,BibleData-Person.csv
Eshtemoa,Eshtemoa_2,Eshtemoa,,male,Judah,,BibleData-Person.csv
Eshton,Eshton_1,Eshton,,male,Judah,,BibleData-Person.csv
Etam,Etam_1,Etam,,male,Judah,,BibleData-Person.csv
Ethan,Ethan_1,Ethan,,male,,"This Ethan is likely the same person as the son of Zerah, son of Judah (1CH 2:6) given the matching names of his brothers.  Ethan the ""EZrahite"" may be a scribal transposition of ""ZErahite"". Ethan the Ezrahite is also named as the author of Psalm 89.  Jamieson, Fausset, and Brown Commentary (1871) says they are the same individuals.  Sons of Mahol is an appelative for ""sons of dancing"".",BibleData-Person.csv
Ethan,Ethan_2,Ethan,,male,Levi,"Gershonites (Gershomites), from Gershon, son of Levi",BibleData-Person.csv
Ethan,Ethan_3,Ethan,,male,Levi,"Merarites (from Mushi, from Merari, son of Levi)",BibleData-Person.csv
Ethbaal,Ethbaal_1,Ethbaal,,male,,,BibleData-Person.csv
Ethnan,Ethnan_1,Ethnan,,male,Judah,,BibleData-Person.csv
Ethni,Ethni_1,Ethni,,male,Levi,"Gershonites (Gershomites), from Gershon, son of Levi",BibleData-Person.csv
Eubulus,Eubulus_1,Eubulus,,male,,,BibleData-Person.csv
Eunice,Eunice_1,Eunice,,female,,,BibleData-Person.csv
Euodia,Euodia_1,Euodia,,female,,,BibleData-Person.csv
Eutychus,Eutychus_1,Eutychus,,male,,,BibleData-Person.csv
Eve,Eve_1,Eve,,female,,,BibleData-Person.csv
Evi,Evi_1,Evi,,male,,,BibleData-Person.csv
Evil-merodach,Evil-merodach_1,Evil-merodach,,male,,,BibleData-Person.csv
Ezbai,Ezbai_1,Ezbai,,male,,,BibleData-Person.csv
Ezbon,Ezbon_1,Ezbon,,male,Gad,"from the list of ""sons of Israel"" who ""went to Egypt"" (GEN 46:8-27), the Oznites (NUM 26:16) [Ezbon is also called Ezni]",BibleData-Person.csv
Ezbon,Ezbon_2,Ezbon,,male,Benjamin,,BibleData-Person.csv
Ezekiel,Ezekiel_1,Ezekiel,,male,Levi,,BibleData-Person.csv
Ezer,Ezer_1,Ezer,,male,Edomite,,BibleData-Person.csv
Ezer,Ezer_2,Ezer,,male,Judah,,BibleData-Person.csv
Ezer,Ezer_3,Ezer,,male,Ephraim,Killed by the men of Gath.,BibleData-Person.csv
Ezer,Ezer_4,Ezer,,male,Gad,came to David at Ziklag (1CH 12:1),BibleData-Person.csv
Ezer,Ezer_5,Ezer,,male,,,BibleData-Person.csv
Ezra,Ezra_1,Ezra,,male,Levi,"as ""priest"" would be a descendant of Aaron",BibleData-Person.csv
Ezra,Ezra_2,Ezra,,male,,** This name is not present in the BHS Hebrew text but is present in Rahlfs Septuaginta,BibleData-Person.csv
Ezrah,Ezrah_1,Ezrah,,male,Judah,,BibleData-Person.csv
Ezri,Ezri_1,Ezri,,male,Judah,Judah assuming Chelub_1 is his father,BibleData-Person.csv
Felix,Felix_1,Felix,,male,,,BibleData-Person.csv
Forunatus,Forunatus_1,Forunatus,,male,,,BibleData-Person.csv
Gaal,Gaal_1,Gaal,,male,,,BibleData-Person.csv
Gabbai,Gabbai_1,Gabbai,,male,Benjamin,Lived in Jerusalem (NEH 11:4),BibleData-Person.csv
Gad,Gad_1,Gad,,male,Gad,,BibleData-Person.csv
Gad,Gad_2,Gad,,male,,,BibleData-Person.csv
Gaddi,Gaddi_1,Gaddi,,male,Manasseh,1 of 12 spies- from Manasseh,BibleData-Person.csv
Gaddiel,Gaddiel_1,Gaddiel,,male,Zebulun,1 of 12 spies- from Zebulun,BibleData-Person.csv
Gadi,Gadi_1,Gadi,,male,,,BibleData-Person.csv
Gaham,Gaham_1,Gaham,,male,,,BibleData-Person.csv
Gahar,Gahar_1,Gahar,,male,Levi,,BibleData-Person.csv
Gaius,Gaius_1,Gaius,,male,,,BibleData-Person.csv
Gaius,Gaius_2,Gaius,,male,,,BibleData-Person.csv
Galal,Galal_1,Galal,,male,Levi,,BibleData-Person.csv
Gallio,Gallio_1,Gallio,,male,,,BibleData-Person.csv
Gamaliel,Gamaliel_1,Gamaliel,,male,Manasseh,leader of Manasseh during the Exodus (NUM 1:10),BibleData-Person.csv
Gamaliel,Gamaliel_2,Gamaliel,,male,,,BibleData-Person.csv
Gamul,Gamul_1,Gamul,,male,Levi,"In the line of Ithamar (1CH 24:6, 17)",BibleData-Person.csv
Gareb,Gareb_1,Gareb,,male,,,BibleData-Person.csv
Gatam,Gatam_1,Gatam,,male,Edomite,,BibleData-Person.csv
Gazez,Gazez_1,Gazez,,male,Judah,,BibleData-Person.csv
Gazez,Gazez_2,Gazez,,male,Judah,,BibleData-Person.csv
Gazzam,Gazzam_1,Gazzam,,male,Levi,,BibleData-Person.csv
Geber,Geber_1,Geber,,male,,,BibleData-Person.csv
Gedaliah,Gedaliah_1,Gedaliah,,male,,,BibleData-Person.csv
Gedaliah,Gedaliah_2,Gedaliah,,male,Levi,"set apart to prophesy with lyres, harps, and cymbals (1CH 25:1), second chosen of the singers (1CH 25:9)",BibleData-Person.csv
Gedaliah,Gedaliah_3,Gedaliah,,male,Levi,,BibleData-Person.csv
Gedaliah,Gedaliah_4,Gedaliah,,male,,,BibleData-Person.csv
Gedaliah,Gedaliah_5,Gedaliah,,male,,,BibleData-Person.csv
Gedor,Gedor_1,Gedor,,male,Judah,,BibleData-Person.csv
Gedor,Gedor_2,Gedor,,male,Judah,,BibleData-Person.csv
Gedor,Gedor_3,Gedor,,male,Benjamin,,BibleData-Person.csv
Gehazi,Gehazi_1,Gehazi,,male,,,BibleData-Person.csv
Gemalli,Gemalli_1,Gemalli,,male,Dan,,BibleData-Person.csv
Gemariah,Gemariah_1,Gemariah,,male,,,BibleData-Person.csv
Gemariah,Gemariah_2,Gemariah,,male,,,BibleData-Person.csv
Genubath,Genubath_1,Genubath,,male,,,BibleData-Person.csv
Gera,Gera_1,Gera,,male,Benjamin,"from the list of ""sons of Israel"" who ""went to Egypt"" (GEN 46:8-27)",BibleData-Person.csv
Gera,Gera_2,Gera,,male,Benjamin,,BibleData-Person.csv
Gera,Gera_3,Gera,,male,Benjamin,,BibleData-Person.csv
Gera,Gera_4,Gera,,male,Benjamin,,BibleData-Person.csv
Gershom,Gershom_1,Gershom,,male,Levi,Both Gershom and Eliezer were born to Moses in Midian since he left Midian with sons (plural)- Exodus 4:20,BibleData-Person.csv
Gershom,Gershom_2,Gershom,,male,,,BibleData-Person.csv
Gershom,Gershom_3,Gershom,,male,Levi,,BibleData-Person.csv
Gershon,Gershon_1,Gershon,,male,Levi,"from the list of ""sons of Israel"" who ""went to Egypt"" (GEN 46:8-27), the Gershonites (NUM 26:57)",BibleData-Person.csv
Geshan,Geshan_1,Geshan,,male,Judah,,BibleData-Person.csv
Geshem,Geshem_1,Geshem,,male,,,BibleData-Person.csv
Gether,Gether_1,Gether,,male,,,BibleData-Person.csv
Geuel,Geuel_1,Geuel,,male,Gad,1 of 12 spies- from Gad,BibleData-Person.csv
Gibbar,Gibbar_1,Gibbar,,male,,Gibeon in NEH 7:25,BibleData-Person.csv
Gibea,Gibea_1,Gibea,,male,Judah,,BibleData-Person.csv
Giddalti,Giddalti_1,Giddalti,,male,Levi,"set apart to prophesy with lyres, harps, and cymbals (1CH 25:1), twenty-second chosen of the singers (1CH 25:29)",BibleData-Person.csv
Giddel,Giddel_1,Giddel,,male,Levi,,BibleData-Person.csv
Giddel,Giddel_2,Giddel,,male,,,BibleData-Person.csv
Gideon,Gideon_1,Gideon,,male,Manasseh,judge of Israel,BibleData-Person.csv
Gideoni,Gideoni_1,Gideoni,,male,Benjamin,,BibleData-Person.csv
Gilalai,Gilalai_1,Gilalai,,male,Levi,,BibleData-Person.csv
Gilead,Gilead_1,Gilead,,male,Reuben,the Gileadites (NUM 26:29),BibleData-Person.csv
Gilead,Gilead_2,Gilead,,male,,,BibleData-Person.csv
Gilead,Gilead_3,Gilead,,male,Gad,,BibleData-Person.csv
Ginath,Ginath_1,Ginath,,male,,,BibleData-Person.csv
Ginnethon,Ginnethon_1,Ginnethon,,male,Levi,named on the sealed document of NEH 10:1-27 (NEH 10:6),BibleData-Person.csv
Girgash,Girgash_1,Girgash,,male,Girgashite,,BibleData-Person.csv
Gishpa,Gishpa_1,Gishpa,,male,Levi,,BibleData-Person.csv
Gog,Gog_1,Gog,,male,Reuben,,BibleData-Person.csv
Gog,Gog_2,Gog,,male,,,BibleData-Person.csv
Goliath,Goliath_1,Goliath,,male,,,BibleData-Person.csv
Gomer,Gomer_1,Gomer,,male,,,BibleData-Person.csv
Gomer,Gomer_2,Gomer,,female,,,BibleData-Person.csv
Guni,Guni_1,Guni,,male,Naphtali,"from the list of ""sons of Israel"" who ""went to Egypt"" (GEN 46:8-27), the Gunites (NUM 26:48)",BibleData-Person.csv
Guni,Guni_2,Guni,,male,Gad,,BibleData-Person.csv
Haahashtari,Haahashtari_1,Haahashtari,,male,Judah,,BibleData-Person.csv
Habaiah,Habaiah_1,Habaiah,,male,,,BibleData-Person.csv
Habakkuk,Habakkuk_1,Habakkuk,,male,,,BibleData-Person.csv
Habazziniah,Habazziniah_1,Habazziniah,,male,,,BibleData-Person.csv
Hacaliah,Hacaliah_1,Hacaliah,,male,,,BibleData-Person.csv
Hachmoni,Hachmoni_1,Hachmoni,,male,,,BibleData-Person.csv
Hadad,Hadad_1,Hadad,,male,Hadad,,BibleData-Person.csv
Hadad,Hadad_2,Hadad,,male,Edomite,,BibleData-Person.csv
Hadad,Hadad_3,Hadad,,male,,,BibleData-Person.csv
Hadadezer,Hadadezer_1,Hadadezer,,male,,,BibleData-Person.csv
Hadar,Hadar_1,Hadar,,male,Edomite,,BibleData-Person.csv
Hadassah,Hadassah_1,Hadassah,,female,,,BibleData-Person.csv
Hadlai,Hadlai_1,Hadlai,,male,Ephraim,,BibleData-Person.csv
Hadoram,Hadoram_1,Hadoram,,male,,,BibleData-Person.csv
Hagab,Hagab_1,Hagab,,male,Levi,,BibleData-Person.csv
Hagabah,Hagabah_1,Hagabah,,male,Levi,,BibleData-Person.csv
Hagar,Hagar_1,Hagar,,female,,,BibleData-Person.csv
Haggai,Haggai_1,Haggai,,male,,,BibleData-Person.csv
Haggedolim,Haggedolim_1,Haggedolim,,male,Levi,,BibleData-Person.csv
Haggi,Haggi_1,Haggi,,male,Gad,"from the list of ""sons of Israel"" who ""went to Egypt"" (GEN 46:8-27), the Haggites (NUM 26:15)",BibleData-Person.csv
Haggiah,Haggiah_1,Haggiah,,male,Levi,"Mahlites (from Merari, son of Levi)",BibleData-Person.csv
Haggith,Haggith_1,Haggith,,female,,,BibleData-Person.csv
Hagri,Hagri_1,Hagri,,male,,,BibleData-Person.csv
Hakkatan,Hakkatan_1,Hakkatan,,male,,,BibleData-Person.csv
Hakkoz,Hakkoz_1,Hakkoz,,male,Levi,"In the line of Eleazar (1CH 24:6, 10)",BibleData-Person.csv
Hakkoz,Hakkoz_2,Hakkoz,,male,,,BibleData-Person.csv
Hakupha,Hakupha_1,Hakupha,,male,Levi,,BibleData-Person.csv
Hallohesh,Hallohesh_1,Hallohesh,,male,,,BibleData-Person.csv
Ham,Ham_1,Ham,,male,,,BibleData-Person.csv
Haman,Haman_1,Haman,,male,,יִמַּח שְׁמוֹ [may his name be erased],BibleData-Person.csv
Hammedatha,Hammedatha_1,Hammedatha,,male,,,BibleData-Person.csv
Hammolecheth,Hammolecheth_1,Hammolecheth,,female,Manasseh,,BibleData-Person.csv
Hammuel,Hammuel_1,Hammuel,,male,Simeon,,BibleData-Person.csv
Hamor,Hamor_1,Hamor,,male,Hivite,,BibleData-Person.csv
Hamul,Hamul_1,Hamul,,male,Judah,"from the list of ""sons of Israel"" who ""went to Egypt"" (GEN 46:8-27), the Hamulites (NUM 26:21)",BibleData-Person.csv
Hamutal,Hamutal_1,Hamutal,,female,,,BibleData-Person.csv
Hanamel,Hanamel_1,Hanamel,,male,,,BibleData-Person.csv
Hanan,Hanan_1,Hanan,,male,Benjamin,,BibleData-Person.csv
Hanan,Hanan_2,Hanan,,male,Benjamin,,BibleData-Person.csv
Hanan,Hanan_3,Hanan,,male,,,BibleData-Person.csv
Hanan,Hanan_4,Hanan,,male,Levi,named on the sealed document of Neh 10:1-27 (NEH 10:10),BibleData-Person.csv
Hanan,Hanan_5,Hanan,,male,,named on the sealed document of NEH 10:1-27 (NEH 10:22),BibleData-Person.csv
Hanan,Hanan_6,Hanan,,male,,named on the sealed document of NEH 10:1-27 (NEH 10:26),BibleData-Person.csv
Hanan,Hanan_7,Hanan,,male,Levi,,BibleData-Person.csv
Hanan,Hanan_8,Hanan,,male,,,BibleData-Person.csv
Hanani,Hanani_1,Hanani,,male,,,BibleData-Person.csv
Hanani,Hanani_2,Hanani,,male,Levi,"set apart to prophesy with lyres, harps, and cymbals (1CH 25:1), eighteenth chosen of the singers (1CH 25:25)",BibleData-Person.csv
Hanani,Hanani_3,Hanani,,male,Levi,,BibleData-Person.csv
Hanani,Hanani_4,Hanani,,male,,,BibleData-Person.csv
Hananiah,Hananiah_1,Hananiah,,male,Judah,,BibleData-Person.csv
Hananiah,Hananiah_2,Hananiah,,male,Benjamin,,BibleData-Person.csv
Hananiah,Hananiah_3,Hananiah,,male,Levi,"set apart to prophesy with lyres, harps, and cymbals (1CH 25:1), sixteenth chosen of the singers (1CH 25:23)",BibleData-Person.csv
Hananiah,Hananiah_4,Hananiah,,male,,,BibleData-Person.csv
Hananiah,Hananiah_5,Hananiah,,male,,,BibleData-Person.csv
Hananiah,Hananiah_6,Hananiah,,male,,,BibleData-Person.csv
Hananiah,Hananiah_7,Hananiah,,male,,named on the sealed document of NEH 10:1-27 (NEH 10:23),BibleData-Person.csv
Hananiah,Hananiah_8,Hananiah,,male,,,BibleData-Person.csv
Hananiah,Hananiah_9,Hananiah,,male,Levi,"As ""priests"" (NEH 12:12), descendants of Aaron",BibleData-Person.csv
Hananiah,Hananiah_10,Hananiah,,male,,,BibleData-Person.csv
Hananiah,Hananiah_11,Hananiah,,male,,,BibleData-Person.csv
Hananiah,Hananiah_12,Hananiah,,male,,,BibleData-Person.csv
Hannah,Hannah_1,Hannah,,female,,,BibleData-Person.csv
Hanniel,Hanniel_1,Hanniel,,male,Manasseh,leader of Manasseh apportioning the Land (NUM 34:23),BibleData-Person.csv
Hanniel,Hanniel_2,Hanniel,,male,Asher,,BibleData-Person.csv
Hanoch,Hanoch_1,Hanoch,,male,,,BibleData-Person.csv
Hanoch,Hanoch_2,Hanoch,,male,Reuben,"from the list of ""sons of Israel"" who ""went to Egypt"" (GEN 46:8-27), the Hanochites (NUM 26:5)",BibleData-Person.csv
Hanun,Hanun_1,Hanun,,male,Ammonite,,BibleData-Person.csv
Hanun,Hanun_2,Hanun,,male,,,BibleData-Person.csv
Hanun,Hanun_3,Hanun,,male,,,BibleData-Person.csv
Happizzez,Happizzez_1,Happizzez,,male,Levi,"In the line of Ithamar (1CH 24:6, 15)",BibleData-Person.csv
Haran,Haran_1,Haran,,male,,,BibleData-Person.csv
Haran,Haran_2,Haran,,male,Judah,,BibleData-Person.csv
Haran,Haran_3,Haran,,male,Levi,,BibleData-Person.csv
Harbona,Harbona_1,Harbona,,male,,,BibleData-Person.csv
Hareph,Hareph_1,Hareph,,male,Judah,,BibleData-Person.csv
Harhaiah,Harhaiah_1,Harhaiah,,male,,,BibleData-Person.csv
Harhas,Harhas_1,Harhas,,male,,,BibleData-Person.csv
Harhur,Harhur_1,Harhur,,male,Levi,,BibleData-Person.csv
Harim,Harim_1,Harim,,male,Levi,"In the line of Eleazar (1CH 24:6, 8)",BibleData-Person.csv
Harim,Harim_2,Harim,,male,,named on the sealed document of NEH 10:1-27 (NEH 10:27),BibleData-Person.csv
Harim,Harim_3,Harim,,male,Levi,"Aaronic priest, named on the sealed document of NEH 10:1-27 (NEH 10:5), Aaronic priest (NEH 10:8)",BibleData-Person.csv
Harim,Harim_4,Harim,,male,,,BibleData-Person.csv
Hariph,Hariph_1,Hariph,,male,,named on the sealed document of NEH 10:1-27 (NEH 10:19),BibleData-Person.csv
Harnepher,Harnepher_1,Harnepher,,male,Asher,,BibleData-Person.csv
Haroeh,Haroeh_1,Haroeh,,male,Judah,,BibleData-Person.csv
Harsha,Harsha_1,Harsha,,male,Levi,,BibleData-Person.csv
Harum,Harum_1,Harum,,male,Judah,,BibleData-Person.csv
Harumaph,Harumaph_1,Harumaph,,male,,,BibleData-Person.csv
Haruz,Haruz_1,Haruz,,male,,,BibleData-Person.csv
Hasadiah,Hasadiah_1,Hasadiah,,male,Judah,,BibleData-Person.csv
Hashabiah,Hashabiah_1,Hashabiah,,male,Levi,"Merarites (from Mushi, from Merari, son of Levi)",BibleData-Person.csv
Hashabiah,Hashabiah_2,Hashabiah,,male,Levi,"set apart to prophesy with lyres, harps, and cymbals (1CH 25:1), twelfth chosen of the singers (1CH 25:19)",BibleData-Person.csv
Hashabiah,Hashabiah_3,Hashabiah,,male,Levi,"as ""chief officer"" for the Levites, likely a descendant of Aaron",BibleData-Person.csv
Hashabiah,Hashabiah_4,Hashabiah,,male,Levi,"descendant of Merari, named on the sealed document of Neh 10:1-27 (NEH 10:11)",BibleData-Person.csv
Hashabiah,Hashabiah_5,Hashabiah,,male,,,BibleData-Person.csv
Hashabiah,Hashabiah_6,Hashabiah,,male,Levi,named on the sealed document of NEH 10:1-27 (NEH 10:11),BibleData-Person.csv
Hashabiah,Hashabiah_7,Hashabiah,,male,Levi,,BibleData-Person.csv
Hashabiah,Hashabiah_8,Hashabiah,,male,Levi,"As ""priests"" (NEH 12:12), descendants of Aaron",BibleData-Person.csv
Hashabnah,Hashabnah_1,Hashabnah,,male,,named on the sealed document of NEH 10:1-27 (NEH 10:25),BibleData-Person.csv
Hashabneiah,Hashabneiah_1,Hashabneiah,,male,,,BibleData-Person.csv
Hashabneiah,Hashabneiah_2,Hashabneiah,,male,Levi,,BibleData-Person.csv
Hashbaddanah,Hashbaddanah_1,Hashbaddanah,,male,Levi,*assumed Levite given this event,BibleData-Person.csv
Hashubah,Hashubah_1,Hashubah,,male,Judah,,BibleData-Person.csv
Hashum,Hashum_1,Hashum,,male,,,BibleData-Person.csv
Hashum,Hashum_2,Hashum,,male,,named on the sealed document of NEH 10:1-27 (NEH 10:18),BibleData-Person.csv
Hassenaah,Hassenaah_1,Hassenaah,,male,,,BibleData-Person.csv
Hassenuah,Hassenuah_1,Hassenuah,,male,Benjamin,,BibleData-Person.csv
Hassenuah,Hassenuah_2,Hassenuah,,male,Benjamin,,BibleData-Person.csv
Hasshub,Hasshub_1,Hasshub,,male,Levi,Merarites (from Merari son of Levi),BibleData-Person.csv
Hasshub,Hasshub_2,Hasshub,,male,,,BibleData-Person.csv
Hasshub,Hasshub_3,Hasshub,,male,,,BibleData-Person.csv
Hassophereth,Hassophereth_1,Hassophereth,,male,,,BibleData-Person.csv
Hasupha,Hasupha_1,Hasupha,,male,Levi,,BibleData-Person.csv
Hathach,Hathach_1,Hathach,,male,,,BibleData-Person.csv
Hathath,Hathath_1,Hathath,,male,Judah,,BibleData-Person.csv
Hatipha,Hatipha_1,Hatipha,,male,Levi,,BibleData-Person.csv
Hatita,Hatita_1,Hatita,,male,Levi,,BibleData-Person.csv
Hattil,Hattil_1,Hattil,,male,,,BibleData-Person.csv
Hattush,Hattush_1,Hattush,,male,Judah,He went up with Ezra (EZR 8:2),BibleData-Person.csv
Hattush,Hattush_2,Hattush,,male,,,BibleData-Person.csv
Hattush,Hattush_3,Hattush,,male,Levi,named on the sealed document of NEH 10:1-27 (NEH 10:4),BibleData-Person.csv
Havilah,Havilah_1,Havilah,,male,,,BibleData-Person.csv
Havilah,Havilah_2,Havilah,,male,,,BibleData-Person.csv
Hazael,Hazael_1,Hazael,,male,,,BibleData-Person.csv
Hazaiah,Hazaiah_1,Hazaiah,,male,Judah,,BibleData-Person.csv
Hazarmaveth,Hazarmaveth_1,Hazarmaveth,,male,,,BibleData-Person.csv
Haziel,Haziel_1,Haziel,,male,Levi,,BibleData-Person.csv
Hazo,Hazo_1,Hazo,,male,,,BibleData-Person.csv
Hazzelelponi,Hazzelelponi_1,Hazzelelponi,,female,Judah,,BibleData-Person.csv
Heber,Heber_1,Heber,,male,Asher,"from the list of ""sons of Israel"" who ""went to Egypt"" (GEN 46:8-27), the Heberites (NUM 26:45)",BibleData-Person.csv
Heber,Heber_2,Heber,,male,,,BibleData-Person.csv
Heber,Heber_3,Heber,,male,Judah,,BibleData-Person.csv
Heber,Heber_4,Heber,,male,Benjamin,,BibleData-Person.csv
Hebron,Hebron_1,Hebron,,male,Levi,the Hebronites (NUM 26:58),BibleData-Person.csv
Hebron,Hebron_2,Hebron,,male,Judah,,BibleData-Person.csv
Hegai,Hegai_1,Hegai,,male,,,BibleData-Person.csv
Helah,Helah_1,Helah,,female,,,BibleData-Person.csv
Heldai,Heldai_1,Heldai,,male,Judah,over the twelfth division (1CH 27:15),BibleData-Person.csv
Heldai,Heldai_2,Heldai,,male,,,BibleData-Person.csv
Heleb,Heleb_1,Heleb,,male,,,BibleData-Person.csv
Helek,Helek_1,Helek,,male,Manasseh,the Helekites (NUM 26:30),BibleData-Person.csv
Helez,Helez_1,Helez,,male,,,BibleData-Person.csv
Helez,Helez_2,Helez,,male,Judah,,BibleData-Person.csv
Helkai,Helkai_1,Helkai,,male,Levi,"As ""priests"" (NEH 12:12), descendants of Aaron",BibleData-Person.csv
Helon,Helon_1,Helon,,male,Zebulun,,BibleData-Person.csv
Hemam,Hemam_1,Hemam,,male,Edomite,,BibleData-Person.csv
Heman,Heman_1,Heman,,male,,Author of Psalm 88?,BibleData-Person.csv
Heman,Heman_2,Heman,,male,Levi,Kohathite,BibleData-Person.csv
Hemdan,Hemdan_1,Hemdan,,male,Edomite,,BibleData-Person.csv
Henadad,Henadad_1,Henadad,,male,,,BibleData-Person.csv
Henadad,Henadad_2,Henadad,,male,Levi,named on the sealed document of NEH 10:1-27 (NEH 10:9),BibleData-Person.csv
Hepher,Hepher_1,Hepher,,male,Manasseh,the Hepherites (NUM 26:32),BibleData-Person.csv
Hepher,Hepher_2,Hepher,,male,Judah,,BibleData-Person.csv
Hephzibah,Hephzibah_1,Hephzibah,,female,,,BibleData-Person.csv
Heresh,Heresh_1,Heresh,,male,Levi,,BibleData-Person.csv
Hermas,Hermas_1,Hermas,,male,,,BibleData-Person.csv
Hermes,Hermes_1,Hermes,,male,,,BibleData-Person.csv
Hermogenes,Hermogenes_1,Hermogenes,,male,,,BibleData-Person.csv
Herod,Herod_1,Herod,,male,Edom,"Herod I, founder of the Herodian dynasty, son of Antipater",BibleData-Person.csv
Herod,Herod_2,Herod,,male,Edom,"Herod Antipas, tetrarch of Gailiea and Perea",BibleData-Person.csv
Herod,Herod_3,Herod,,male,,Herod Agrippa I,BibleData-Person.csv
Herodias,Herodias_1,Herodias,,female,,daughter of Herod and half-sister to Philp,BibleData-Person.csv
Hesli,Hesli_1,Hesli,,male,,,BibleData-Person.csv
Heth,Heth_1,Heth,,male,Hittite,,BibleData-Person.csv
Hezekiah,Hezekiah_1,Hezekiah,,male,,"He trusted in the LORD, the God of israel (2KI 18:5)",BibleData-Person.csv
Hezekiah,Hezekiah_2,Hezekiah,,male,,,BibleData-Person.csv
Hezekiah,Hezekiah_3,Hezekiah,,male,,,BibleData-Person.csv
Hezion,Hezion_1,Hezion,,male,,,BibleData-Person.csv
Hezir,Hezir_1,Hezir,,male,Levi,"In the line of Eleazar (1CH 24:6, 15)",BibleData-Person.csv
Hezir,Hezir_2,Hezir,,male,,named on the sealed document of NEH 10:1-27 (NEH 10:20),BibleData-Person.csv
Hezro,Hezro_1,Hezro,,male,,,BibleData-Person.csv
Hezron,Hezron_1,Hezron,,male,Reuben,"from the list of ""sons of Israel"" who ""went to Egypt"" (GEN 46:8-27), the Hezronites (NUM 26:6)",BibleData-Person.csv
Hezron,Hezron_2,Hezron,,male,Judah,"from the list of ""sons of Israel"" who ""went to Egypt"" (GEN 46:8-27), the (other) Hezronites (NUM 26:21) [see NUM 26:6 for the Reubenite clan]",BibleData-Person.csv
Hiddai,Hiddai_1,Hiddai,,male,,,BibleData-Person.csv
Hiel,Hiel_1,Hiel,,male,,,BibleData-Person.csv
Hilkiah,Hilkiah_1,Hilkiah,,male,,,BibleData-Person.csv
Hilkiah,Hilkiah_2,Hilkiah,,male,Levi,"as high priest, a descendant of Aaron",BibleData-Person.csv
Hilkiah,Hilkiah_3,Hilkiah,,male,Levi,Aaronic priest through Eleazar,BibleData-Person.csv
Hilkiah,Hilkiah_4,Hilkiah,,male,Levi,"Merarites (from Mushi, from Merari, son of Levi)",BibleData-Person.csv
Hilkiah,Hilkiah_5,Hilkiah,,male,Levi,,BibleData-Person.csv
Hilkiah,Hilkiah_6,Hilkiah,,male,Levi,,BibleData-Person.csv
Hillel,Hillel_1,Hillel,,male,,,BibleData-Person.csv
Hirah,Hirah_1,Hirah,,male,,,BibleData-Person.csv
Hiram,Hiram_1,Hiram,,male,,,BibleData-Person.csv
Hiram,Hiram_2,Hiram,,male,,,BibleData-Person.csv
Hivi,Hivi_1,Hivi,,male,Hivites,,BibleData-Person.csv
Hizki,Hizki_1,Hizki,,male,Benjamin,,BibleData-Person.csv
Hizkiah,Hizkiah_1,Hizkiah,,male,Judah,,BibleData-Person.csv
Hobab,Hobab_1,Hobab,,male,,,BibleData-Person.csv
Hodaviah,Hodaviah_1,Hodaviah,,male,Judah,,BibleData-Person.csv
Hodaviah,Hodaviah_2,Hodaviah,,male,Manasseh,,BibleData-Person.csv
Hodaviah,Hodaviah_3,Hodaviah,,male,Asher,,BibleData-Person.csv
Hodaviah,Hodaviah_4,Hodaviah,,male,Benjamin,,BibleData-Person.csv
Hodaviah,Hodaviah_5,Hodaviah,,male,Levi,,BibleData-Person.csv
Hodesh,Hodesh_1,Hodesh,,female,Benjamin,,BibleData-Person.csv
Hodiah,Hodiah_1,Hodiah,,male,Judah,,BibleData-Person.csv
Hodiah,Hodiah_2,Hodiah,,male,Levi,named on the sealed document of NEH 10:1-27 (NEH 10:10),BibleData-Person.csv
Hodiah,Hodiah_3,Hodiah,,male,Levi,named on the sealed document of NEH 10:1-27 (NEH 10:13),BibleData-Person.csv
Hodiah,Hodiah_4,Hodiah,,male,,named on the sealed document of NEH 10:1-27 (NEH 10:18),BibleData-Person.csv
Hoglah,Hoglah_1,Hoglah,,female,Manasseh,,BibleData-Person.csv
Hoham,Hoham_1,Hoham,,male,,King of Hebron,BibleData-Person.csv
Hophni,Hophni_1,Hophni,,male,Levi,,BibleData-Person.csv
Horam,Horam_1,Horam,,male,,King of Gezer,BibleData-Person.csv
Hori,Hori_1,Hori,,male,Edomite,,BibleData-Person.csv
Hori,Hori_2,Hori,,male,Simeon,,BibleData-Person.csv
Hosah,Hosah_1,Hosah,,male,Levi,a descendant of Merari (1CH 26:10),BibleData-Person.csv
Hosea,Hosea_1,Hosea,,male,,,BibleData-Person.csv
Hoshaiah,Hoshaiah_1,Hoshaiah,,male,,,BibleData-Person.csv
Hoshaiah,Hoshaiah_2,Hoshaiah,,male,,,BibleData-Person.csv
Hoshama,Hoshama_1,Hoshama,,male,Judah,,BibleData-Person.csv
Hoshea,Hoshea_1,Hoshea,,male,,,BibleData-Person.csv
Hoshea,Hoshea_2,Hoshea,,male,Ephraim,,BibleData-Person.csv
Hoshea,Hoshea_3,Hoshea,,male,,named on the sealed document of NEH 10:1-27 (NEH 10:23),BibleData-Person.csv
Hotham,Hotham_1,Hotham,,male,Asher,,BibleData-Person.csv
Hotham,Hotham_2,Hotham,,male,,,BibleData-Person.csv
Hothir,Hothir_1,Hothir,,male,Levi,"set apart to prophesy with lyres, harps, and cymbals (1CH 25:1), twenty-first chosen of the singers (1CH 25:28)",BibleData-Person.csv
Hul,Hul_1,Hul,,male,,,BibleData-Person.csv
Huldah,Huldah_1,Huldah,,female,,,BibleData-Person.csv
Huppah,Huppah_1,Huppah,,male,Levi,"In the line of Eleazar (1CH 24:6, 13)",BibleData-Person.csv
Huppim,Huppim_1,Huppim,,male,Benjamin,"from the list of ""sons of Israel"" who ""went to Egypt"" (GEN 46:8-27), the Huphamites (NUM 26:39) [Huppim is also called Hupham]",BibleData-Person.csv
Hur,Hur_1,Hur,,male,Judah,held up Moses hands in battle with Amalek (EXO 17:12),BibleData-Person.csv
Hur,Hur_2,Hur,,male,,,BibleData-Person.csv
Hur,Hur_3,Hur,,male,,,BibleData-Person.csv
Huram-abi,Huram-abi_1,Huram-abi,,male,,,BibleData-Person.csv
Huri,Huri_1,Huri,,male,Gad,,BibleData-Person.csv
Hushah,Hushah_1,Hushah,,male,Judah,,BibleData-Person.csv
Hushai,Hushai_1,Hushai,,male,,,BibleData-Person.csv
Hushai,Hushai_2,Hushai,,male,,,BibleData-Person.csv
Husham,Husham_1,Husham,,male,Edomite,,BibleData-Person.csv
Hushim,Hushim_1,Hushim,,male,Dan,"from the list of ""sons of Israel"" who ""went to Egypt"" (GEN 46:8-27), the Shuhamites (NUM 26:42) [Hushim is also called Shuham]",BibleData-Person.csv
Hushim,Hushim_2,Hushim,,male,Benjamin,,BibleData-Person.csv
Hushim,Hushim_3,Hushim,,female,Benjamin,,BibleData-Person.csv
Hymenaeus,Hymenaeus_1,Hymenaeus,,male,,,BibleData-Person.csv
Ibhar,Ibhar_1,Ibhar,,male,Judah,,BibleData-Person.csv
Ibneiah,Ibneiah_1,Ibneiah,,male,Benjamin,,BibleData-Person.csv
Ibnijah,Ibnijah_1,Ibnijah,,male,Benjamin,,BibleData-Person.csv
Ibri,Ibri_1,Ibri,,male,Levi,Merarites (from Merari son of Levi),BibleData-Person.csv
Ibsam,Ibsam_1,Ibsam,,male,Issachar,,BibleData-Person.csv
Ibzan,Ibzan_1,Ibzan,,male,,judge of Israel,BibleData-Person.csv
Ichabod,Ichabod_1,Ichabod,,male,Levi,,BibleData-Person.csv
Idbash,Idbash_1,Idbash,,male,Judah,,BibleData-Person.csv
Iddo,Iddo_1,Iddo,,male,,,BibleData-Person.csv
Iddo,Iddo_2,Iddo,,male,Levi,"Gershonites (Gershomites), from Gershon, son of Levi",BibleData-Person.csv
Iddo,Iddo_3,Iddo,,male,Manasseh,,BibleData-Person.csv
Iddo,Iddo_4,Iddo,,male,,,BibleData-Person.csv
Iddo,Iddo_5,Iddo,,male,Levi,"listed among the priests of NEH 12:1-4, and was father of Zechariah (NEH 12:16)",BibleData-Person.csv
Iddo,Iddo_6,Iddo,,male,Levi,,BibleData-Person.csv
Iezer,Iezer_1,Iezer,,male,Manasseh,the Iezerites (NUM 26:30),BibleData-Person.csv
Igal,Igal_1,Igal,,male,Issachar,1 of 12 spies- from Issachar,BibleData-Person.csv
Igal,Igal_2,Igal,,male,,,BibleData-Person.csv
Igal,Igal_3,Igal,,male,Judah,,BibleData-Person.csv
Igdaliah,Igdaliah_1,Igdaliah,,male,,,BibleData-Person.csv
Ikkesh,Ikkesh_1,Ikkesh,,male,,,BibleData-Person.csv
Imlah,Imlah_1,Imlah,,male,,,BibleData-Person.csv
Immanuel,Immanuel_1,Immanuel,,male,,,BibleData-Person.csv
Immer,Immer_1,Immer,,male,Levi,,BibleData-Person.csv
Immer,Immer_2,Immer,,male,Levi,"In the line of Ithamar (1CH 24:6, 14)",BibleData-Person.csv
Immer,Immer_3,Immer,,male,,,BibleData-Person.csv
Imna,Imna_1,Imna,,male,Asher,,BibleData-Person.csv
Imnah,Imnah_1,Imnah,,male,Asher,"from the list of ""sons of Israel"" who ""went to Egypt"" (GEN 46:8-27), the Imnites (NUM 26:44)",BibleData-Person.csv
Imnah,Imnah_2,Imnah,,male,Levi,,BibleData-Person.csv
Imrah,Imrah_1,Imrah,,male,Asher,,BibleData-Person.csv
Imri,Imri_1,Imri,,male,Judah,,BibleData-Person.csv
Imri,Imri_2,Imri,,male,,,BibleData-Person.csv
Iob,Iob_1,Iob,,male,Issachar,"from the list of ""sons of Israel"" who ""went to Egypt"" (GEN 46:8-27), the Jashubites (NUM 26:24) [Iob is also called Jashub]",BibleData-Person.csv
Iphdeiah,Iphdeiah_1,Iphdeiah,,male,Benjamin,,BibleData-Person.csv
Ira,Ira_1,Ira,,male,Levi,,BibleData-Person.csv
Ira,Ira_2,Ira,,male,,in charge of the sixth division (1CH 27:9),BibleData-Person.csv
Ira,Ira_3,Ira,,male,,,BibleData-Person.csv
Irad,Irad_1,Irad,,male,,,BibleData-Person.csv
Iram,Iram_1,Iram,,male,Edomite,,BibleData-Person.csv
Iri,Iri_1,Iri,,male,Benjamin,,BibleData-Person.csv
Irijah,Irijah_1,Irijah,,male,,,BibleData-Person.csv
Iru,Iru_1,Iru,,male,Judah,,BibleData-Person.csv
Isaac,Isaac_1,Isaac,,male,,,BibleData-Person.csv
Isaiah,Isaiah_1,Isaiah,,male,,,BibleData-Person.csv
Iscah,Iscah_1,Iscah,,female,,,BibleData-Person.csv
Ish-bosheth,Ish-bosheth_1,Ish-bosheth,,male,Benjamin,,BibleData-Person.csv
Ishbah,Ishbah_1,Ishbah,,male,Judah,,BibleData-Person.csv
Ishbak,Ishbak_1,Ishbak,,male,,,BibleData-Person.csv
Ishbi-benob,Ishbi-benob_1,Ishbi-benob,,male,,,BibleData-Person.csv
Ishhod,Ishhod_1,Ishhod,,male,Manasseh,,BibleData-Person.csv
Ishi,Ishi_1,Ishi,,male,Judah,,BibleData-Person.csv
Ishi,Ishi_2,Ishi,,male,Judah,,BibleData-Person.csv
Ishi,Ishi_3,Ishi,,male,Manasseh,,BibleData-Person.csv
Ishma,Ishma_1,Ishma,,male,Judah,,BibleData-Person.csv
Ishmael,Ishmael_1,Ishmael,,male,,,BibleData-Person.csv
Ishmael,Ishmael_2,Ishmael,,male,,,BibleData-Person.csv
Ishmael,Ishmael_3,Ishmael,,male,Benjamin,,BibleData-Person.csv
Ishmael,Ishmael_4,Ishmael,,male,,,BibleData-Person.csv
Ishmael,Ishmael_5,Ishmael,,male,,,BibleData-Person.csv
Ishmael,Ishmael_6,Ishmael,,male,Levi,,BibleData-Person.csv
Ishmaiah,Ishmaiah_1,Ishmaiah,,male,Zebulun,,BibleData-Person.csv
Ishmerai,Ishmerai_1,Ishmerai,,male,Benjamin,,BibleData-Person.csv
Ishpah,Ishpah_1,Ishpah,,male,Benjamin,,BibleData-Person.csv
Ishpan,Ishpan_1,Ishpan,,male,Benjamin,,BibleData-Person.csv
Ishvah,Ishvah_1,Ishvah,,male,Asher,"from the list of ""sons of Israel"" who ""went to Egypt"" (GEN 46:8-27)",BibleData-Person.csv
Ishvi,Ishvi_1,Ishvi,,male,Asher,"from the list of ""sons of Israel"" who ""went to Egypt"" (GEN 46:8-27), the Ishvites (NUM 26:44)",BibleData-Person.csv
Ishvi,Ishvi_2,Ishvi,,male,Benjamin,,BibleData-Person.csv
Ismachiah,Ismachiah_1,Ismachiah,,male,Levi,,BibleData-Person.csv
Issachar,Issachar_1,Issachar,,male,Issachar,,BibleData-Person.csv
Issachar,Issachar_2,Issachar,,male,Levi,,BibleData-Person.csv
Isshiah,Isshiah_1,Isshiah,,male,Issachar,,BibleData-Person.csv
Isshiah,Isshiah_2,Isshiah,,male,Levi,Korahites,BibleData-Person.csv
Isshiah,Isshiah_3,Isshiah,,male,Levi,,BibleData-Person.csv
Isshiah,Isshiah_4,Isshiah,,male,Levi,,BibleData-Person.csv
Isshijah,Isshijah_1,Isshijah,,male,,,BibleData-Person.csv
Ithamar,Ithamar_1,Ithamar,,male,Levi,,BibleData-Person.csv
Ithiel,Ithiel_1,Ithiel,,male,Benjamin,,BibleData-Person.csv
Ithiel,Ithiel_2,Ithiel,,male,,,BibleData-Person.csv
Ithmah,Ithmah_1,Ithmah,,male,,,BibleData-Person.csv
Ithra,Ithra_1,Ithra,,male,,,BibleData-Person.csv
Ithran,Ithran_1,Ithran,,male,Edomite,,BibleData-Person.csv
Ithran,Ithran_2,Ithran,,male,Asher,,BibleData-Person.csv
Ithream,Ithream_1,Ithream,,male,Judah,,BibleData-Person.csv
Ittai,Ittai_1,Ittai,,male,,,BibleData-Person.csv
Izhar,Izhar_1,Izhar,,male,Levi,,BibleData-Person.csv
Izhar,Izhar_2,Izhar,,male,Judah,,BibleData-Person.csv
Izliah,Izliah_1,Izliah,,male,Benjamin,,BibleData-Person.csv
Izrahiah,Izrahiah_1,Izrahiah,,male,Issachar,,BibleData-Person.csv
Izziah,Izziah_1,Izziah,,male,,,BibleData-Person.csv
Jaakobah,Jaakobah_1,Jaakobah,,male,Simeon,,BibleData-Person.csv
Jaalah,Jaalah_1,Jaalah,,male,,,BibleData-Person.csv
Jaare-oregim,Jaare-oregim_1,Jaare-oregim,,male,,,BibleData-Person.csv
Jaareshiah,Jaareshiah_1,Jaareshiah,,male,Benjamin,,BibleData-Person.csv
Jaasiel,Jaasiel_1,Jaasiel,,male,,,BibleData-Person.csv
Jaasiel,Jaasiel_2,Jaasiel,,male,Benjamin,,BibleData-Person.csv
Jaasu,Jaasu_1,Jaasu,,male,,,BibleData-Person.csv
Jaazaniah,Jaazaniah_1,Jaazaniah,,male,,,BibleData-Person.csv
Jaazaniah,Jaazaniah_2,Jaazaniah,,male,,,BibleData-Person.csv
Jaazaniah,Jaazaniah_3,Jaazaniah,,male,,,BibleData-Person.csv
Jaazaniah,Jaazaniah_4,Jaazaniah,,male,,,BibleData-Person.csv
Jaaziah,Jaaziah_1,Jaaziah,,male,Levi,Merarites (from Merari son of Levi),BibleData-Person.csv
Jaaziel,Jaaziel_1,Jaaziel,,male,Levi,,BibleData-Person.csv
Jabal,Jabal_1,Jabal,,male,,,BibleData-Person.csv
Jabesh,Jabesh_1,Jabesh,,male,,,BibleData-Person.csv
Jabez,Jabez_1,Jabez,,male,Judah,,BibleData-Person.csv
Jabin,Jabin_1,Jabin,,male,,"King of Canaan, reigned in Hazor (JOS 11:1, JDG 4:2)",BibleData-Person.csv
Jacan,Jacan_1,Jacan,,male,Gad,,BibleData-Person.csv
Jachin,Jachin_1,Jachin,,male,Simeon,"from the list of ""sons of Israel"" who ""went to Egypt"" (GEN 46:8-27), the Jachinites (NUM 26:12)",BibleData-Person.csv
Jachin,Jachin_2,Jachin,,male,Levi,,BibleData-Person.csv
Jachin,Jachin_3,Jachin,,male,Levi,"In the line of Eleazar (1CH 24:6, 17)",BibleData-Person.csv
Jachin,Jachin_4,Jachin,,male,Levi,Lived in Jerusalem (NEH 11:4),BibleData-Person.csv
Jacob,Jacob_1,Jacob,,male,,,BibleData-Person.csv
Jacob,Jacob_2,Jacob,,male,Judah,,BibleData-Person.csv
Jada,Jada_1,Jada,,male,Judah,,BibleData-Person.csv
Jaddai,Jaddai_1,Jaddai,,male,,,BibleData-Person.csv
Jaddua,Jaddua_1,Jaddua,,male,,named on the sealed document of NEH 10:1-27 (NEH 10:21),BibleData-Person.csv
Jaddua,Jaddua_2,Jaddua,,male,Levi,,BibleData-Person.csv
Jadon,Jadon_1,Jadon,,male,,,BibleData-Person.csv
Jael,Jael_1,Jael,,female,,struck down Sisera,BibleData-Person.csv
Jahath,Jahath_1,Jahath,,male,Judah,,BibleData-Person.csv
Jahath,Jahath_2,Jahath,,male,Levi,"Gershonites (Gershomites), from Gershon, son of Levi",BibleData-Person.csv
Jahath,Jahath_3,Jahath,,male,Levi,"Gershonites (Gershomites), from Gershon, son of Levi",BibleData-Person.csv
Jahath,Jahath_4,Jahath,,male,Levi,,BibleData-Person.csv
Jahath,Jahath_5,Jahath,,male,Levi,"Izharites (from Kohath, son of Levi)",BibleData-Person.csv
Jahath,Jahath_6,Jahath,,male,Levi,"Merarites (from Merari, son of Levi)",BibleData-Person.csv
Jahaziel,Jahaziel_1,Jahaziel,,male,Benjamin,came to David at Ziklag (1CH 12:1),BibleData-Person.csv
Jahaziel,Jahaziel_2,Jahaziel,,male,Levi,"Hebronites (from Kohath, son of Levi)",BibleData-Person.csv
Jahaziel,Jahaziel_3,Jahaziel,,male,Levi,,BibleData-Person.csv
Jahaziel,Jahaziel_4,Jahaziel,,male,,,BibleData-Person.csv
Jahdai,Jahdai_1,Jahdai,,male,Judah,,BibleData-Person.csv
Jahdiel,Jahdiel_1,Jahdiel,,male,Manasseh,,BibleData-Person.csv
Jahdo,Jahdo_1,Jahdo,,male,Gad,,BibleData-Person.csv
Jahleel,Jahleel_1,Jahleel,,male,Zebulun,"from the list of ""sons of Israel"" who ""went to Egypt"" (GEN 46:8-27), the Jahleelites (NUM 26:26)",BibleData-Person.csv
Jahmai,Jahmai_1,Jahmai,,male,Issachar,,BibleData-Person.csv
Jahzeel,Jahzeel_1,Jahzeel,,male,Naphtali,"from the list of ""sons of Israel"" who ""went to Egypt"" (GEN 46:8-27), the Jahzeelites (NUM 26:48)",BibleData-Person.csv
Jahzeiah,Jahzeiah_1,Jahzeiah,,male,,,BibleData-Person.csv
Jahzerah,Jahzerah_1,Jahzerah,,male,Levi,,BibleData-Person.csv
Jair,Jair_1,Jair,,male,Manasseh,,BibleData-Person.csv
Jair,Jair_2,Jair,,male,,"judge of Israel, had 30 sons and 30 cities in Havvoth-jair (JDG 10:4)",BibleData-Person.csv
Jair,Jair_3,Jair,,male,,,BibleData-Person.csv
Jairus,Jairus_1,Jairus,,male,,,BibleData-Person.csv
Jakeh,Jakeh_1,Jakeh,,male,,,BibleData-Person.csv
Jakim,Jakim_1,Jakim,,male,Benjamin,,BibleData-Person.csv
Jakim,Jakim_2,Jakim,,male,Levi,"In the line of Ithamar (1CH 24:6, 12)",BibleData-Person.csv
Jalam,Jalam_1,Jalam,,male,Edomite,,BibleData-Person.csv
Jalon,Jalon_1,Jalon,,male,Judah,,BibleData-Person.csv
Jambres,Jambres_1,Jambres,,male,,,BibleData-Person.csv
James,James_1,James,,male,,"fisherman (mending their nets- MAT 4:21), one of the Twelve (MAT 10:2)",BibleData-Person.csv
James,James_2,James,,male,,one of the Twelve (MAT 10:2),BibleData-Person.csv
James,James_3,James,,male,Judah,"""brother"" in the sense that they were born of the same womb",BibleData-Person.csv
James,James_4,James,,male,,,BibleData-Person.csv
Jamin,Jamin_1,Jamin,,male,Simeon,"from the list of ""sons of Israel"" who ""went to Egypt"" (GEN 46:8-27), the Jaminites (NUM 26:12)",BibleData-Person.csv
Jamin,Jamin_2,Jamin,,male,Judah,,BibleData-Person.csv
Jamin,Jamin_3,Jamin,,male,Levi,,BibleData-Person.csv
Jamlech,Jamlech_1,Jamlech,,male,Simeon,,BibleData-Person.csv
Janai,Janai_1,Janai,,male,Gad,,BibleData-Person.csv
Jannai,Jannai_1,Jannai,,male,,,BibleData-Person.csv
Jannes,Jannes_1,Jannes,,male,,,BibleData-Person.csv
Japheth,Japheth_1,Japheth,,male,,,BibleData-Person.csv
Japhia,Japhia_1,Japhia,,male,,King of Lachish,BibleData-Person.csv
Japhia,Japhia_2,Japhia,,male,Judah,,BibleData-Person.csv
Japhlet,Japhlet_1,Japhlet,,male,Asher,,BibleData-Person.csv
Jared,Jared_1,Jared,,male,,,BibleData-Person.csv
Jarha,Jarha_1,Jarha,,male,,,BibleData-Person.csv
Jarib,Jarib_1,Jarib,,male,Levi,Aaronic priest (EZR 10:18),BibleData-Person.csv
Jaroah,Jaroah_1,Jaroah,,male,Gad,,BibleData-Person.csv
Jashar,Jashar_1,Jashar,,male,,,BibleData-Person.csv
Jashen,Jashen_1,Jashen,,male,,,BibleData-Person.csv
Jashobeam,Jashobeam_1,Jashobeam,,male,Levi,Korahites,BibleData-Person.csv
Jashub,Jashub_1,Jashub,,male,,,BibleData-Person.csv
Jashubi-lehem,Jashubi-lehem_1,Jashubi-lehem,,male,Judah,,BibleData-Person.csv
Jason,Jason_1,Jason,,male,,,BibleData-Person.csv
Jathniel,Jathniel_1,Jathniel,,male,Levi,,BibleData-Person.csv
Javan,Javan_1,Javan,,male,,,BibleData-Person.csv
Jaziz,Jaziz_1,Jaziz,,male,,,BibleData-Person.csv
Jeatherai,Jeatherai_1,Jeatherai,,male,Levi,"Gershonites (Gershomites), from Gershon, son of Levi",BibleData-Person.csv
Jeberechiah,Jeberechiah_1,Jeberechiah,,male,,,BibleData-Person.csv
Jebus,Jebus_1,Jebus,,male,Jebusite,,BibleData-Person.csv
Jecoliah,Jecoliah_1,Jecoliah,,female,,Jecoliah of Jerusalem,BibleData-Person.csv
Jedaiah,Jedaiah_1,Jedaiah,,male,Simeon,,BibleData-Person.csv
Jedaiah,Jedaiah_2,Jedaiah,,male,Levi,,BibleData-Person.csv
Jedaiah,Jedaiah_3,Jedaiah,,male,Levi,"In the line of Ithamar (1CH 24:6, 7)",BibleData-Person.csv
Jedaiah,Jedaiah_4,Jedaiah,,male,,,BibleData-Person.csv
Jedaiah,Jedaiah_5,Jedaiah,,male,Levi,Lived in Jerusalem (NEH 11:4),BibleData-Person.csv
Jedaiah,Jedaiah_6,Jedaiah,,male,,possibly the same as Jedaiah_4 or Jedaiah_5?,BibleData-Person.csv
Jediael,Jediael_1,Jediael,,male,,,BibleData-Person.csv
Jediael,Jediael_2,Jediael,,male,Manasseh,came to David at Ziklag (1CH 12:1),BibleData-Person.csv
Jediael,Jediael_3,Jediael,,male,Levi,,BibleData-Person.csv
Jedidah,Jedidah_1,Jedidah,,female,,,BibleData-Person.csv
Jeduthun,Jeduthun_1,Jeduthun,,male,Levi,"set apart to prophesy with lyres, harps, and cymbals (1CH 25:1)",BibleData-Person.csv
Jehallelel,Jehallelel_1,Jehallelel,,male,Judah,,BibleData-Person.csv
Jehallelel,Jehallelel_2,Jehallelel,,male,Levi,"Merarites (from Merari, son of Levi)",BibleData-Person.csv
Jehdeiah,Jehdeiah_1,Jehdeiah,,male,Levi,,BibleData-Person.csv
Jehdeiah,Jehdeiah_2,Jehdeiah,,male,,,BibleData-Person.csv
Jehezkel,Jehezkel_1,Jehezkel,,male,Levi,"In the line of Ithamar (1CH 24:6, 16)",BibleData-Person.csv
Jehiah,Jehiah_1,Jehiah,,male,Levi,,BibleData-Person.csv
Jehiel,Jehiel_1,Jehiel,,male,Levi,"Gershonites (Gershomites), from Gershon, son of Levi",BibleData-Person.csv
Jehiel,Jehiel_2,Jehiel,,male,,,BibleData-Person.csv
Jehiel,Jehiel_3,Jehiel,,male,Judah,,BibleData-Person.csv
Jehiel,Jehiel_4,Jehiel,,male,Levi,,BibleData-Person.csv
Jehiel,Jehiel_5,Jehiel,,male,,,BibleData-Person.csv
Jehiel,Jehiel_6,Jehiel,,male,,,BibleData-Person.csv
Jehiel,Jehiel_7,Jehiel,,male,Levi,,BibleData-Person.csv
Jehiel,Jehiel_8,Jehiel,,male,,,BibleData-Person.csv
Jehikhiah,Jehikhiah_1,Jehikhiah,,male,Ephraim,,BibleData-Person.csv
Jehoaddah,Jehoaddah_1,Jehoaddah,,male,Benjamin,,BibleData-Person.csv
Jehoaddin,Jehoaddin_1,Jehoaddin,,female,,,BibleData-Person.csv
Jehoahaz,Jehoahaz_1,Jehoahaz,,male,,,BibleData-Person.csv
Jehoahaz,Jehoahaz_2,Jehoahaz,,male,,He did evil in the sight of the LORD (2KI 23:32),BibleData-Person.csv
Jehohanan,Jehohanan_1,Jehohanan,,male,Levi,Levite based on NEH 12:23,BibleData-Person.csv
Jehohanan,Jehohanan_2,Jehohanan,,male,,,BibleData-Person.csv
Jehohanan,Jehohanan_3,Jehohanan,,male,,,BibleData-Person.csv
Jehohanan,Jehohanan_4,Jehohanan,,male,Levi,"As ""priests"" (NEH 12:12), descendants of Aaron",BibleData-Person.csv
Jehoiachin,Jehoiachin_1,Jehoiachin,,male,,He did evil in the sight of the LORD (2KI 24:9),BibleData-Person.csv
Jehoiada,Jehoiada_1,Jehoiada,,male,Levi,,BibleData-Person.csv
Jehoiada,Jehoiada_2,Jehoiada,,male,Levi,,BibleData-Person.csv
Jehoiada,Jehoiada_3,Jehoiada,,male,Levi,The LORD made Shemaiah priest instead of Jehoiada so he must be a Levite.,BibleData-Person.csv
Jehoiarib,Jehoiarib_1,Jehoiarib,,male,Levi,,BibleData-Person.csv
Jehoiarib,Jehoiarib_2,Jehoiarib,,male,Levi,"In the line of Eleazar (1CH 24:6, 7)",BibleData-Person.csv
Jehonadab,Jehonadab_1,Jehonadab,,male,,,BibleData-Person.csv
Jehonathan,Jehonathan_1,Jehonathan,,male,Levi,,BibleData-Person.csv
Jehonathan,Jehonathan_2,Jehonathan,,male,Levi,"As ""priests"" (NEH 12:12), descendants of Aaron",BibleData-Person.csv
Jehoram,Jehoram_1,Jehoram,,male,Judah,Married to Ahab's daughter and did evil in the sight of the LORD (2KI 8:18),BibleData-Person.csv
Jehoram,Jehoram_2,Jehoram,,male,,,BibleData-Person.csv
Jehoram,Jehoram_3,Jehoram,,male,Levi,,BibleData-Person.csv
Jehoshaphat,Jehoshaphat_1,Jehoshaphat,,male,,,BibleData-Person.csv
Jehoshaphat,Jehoshaphat_2,Jehoshaphat,,male,,,BibleData-Person.csv
Jehoshaphat,Jehoshaphat_3,Jehoshaphat,,male,Judah,,BibleData-Person.csv
Jehoshaphat,Jehoshaphat_4,Jehoshaphat,,male,,,BibleData-Person.csv
Jehosheba,Jehosheba_1,Jehosheba,,female,,,BibleData-Person.csv
Jehozabad,Jehozabad_1,Jehozabad,,male,,,BibleData-Person.csv
Jehozabad,Jehozabad_2,Jehozabad,,male,Levi,,BibleData-Person.csv
Jehozabad,Jehozabad_3,Jehozabad,,male,,,BibleData-Person.csv
Jehozadak,Jehozadak_1,Jehozadak,,male,Levi,Aaronic priest through Eleazar,BibleData-Person.csv
Jehozadak,Jehozadak_2,Jehozadak,,male,,possibly the same as Jehozadak_1?,BibleData-Person.csv
Jehu,Jehu_1,Jehu,,male,,,BibleData-Person.csv
Jehu,Jehu_2,Jehu,,male,,,BibleData-Person.csv
Jehu,Jehu_3,Jehu,,male,Judah,,BibleData-Person.csv
Jehu,Jehu_4,Jehu,,male,Simeon,,BibleData-Person.csv
Jehu,Jehu_5,Jehu,,male,Benjamin,came to David at Ziklag (1CH 12:1),BibleData-Person.csv
Jehubbah,Jehubbah_1,Jehubbah,,male,Asher,,BibleData-Person.csv
Jehucal,Jehucal_1,Jehucal,,male,,,BibleData-Person.csv
Jehudi,Jehudi_1,Jehudi,,male,,,BibleData-Person.csv
Jeiel,Jeiel_1,Jeiel,,male,Reuben,,BibleData-Person.csv
Jeiel,Jeiel_2,Jeiel,,male,Benjamin,,BibleData-Person.csv
Jeiel,Jeiel_3,Jeiel,,male,,,BibleData-Person.csv
Jeiel,Jeiel_4,Jeiel,,male,Levi,,BibleData-Person.csv
Jeiel,Jeiel_5,Jeiel,,male,Levi,,BibleData-Person.csv
Jeiel,Jeiel_6,Jeiel,,male,,,BibleData-Person.csv
Jeiel,Jeiel_7,Jeiel,,male,Levi,"Kohathites (from Uzziel, from Kohath, son of Levi)",BibleData-Person.csv
Jeiel,Jeiel_8,Jeiel,,male,,,BibleData-Person.csv
Jekameam,Jekameam_1,Jekameam,,male,Levi,"Hebronites (from Kohath, son of Levi)",BibleData-Person.csv
Jekamiah,Jekamiah_1,Jekamiah,,male,Judah,,BibleData-Person.csv
Jekamiah,Jekamiah_2,Jekamiah,,male,Judah,,BibleData-Person.csv
Jekuthiel,Jekuthiel_1,Jekuthiel,,male,Judah,,BibleData-Person.csv
Jemimah,Jemimah_1,Jemimah,,female,,,BibleData-Person.csv
Jemuel,Jemuel_1,Jemuel,,male,Simeon,"from the list of ""sons of Israel"" who ""went to Egypt"" (GEN 46:8-27)",BibleData-Person.csv
Jephthah,Jephthah_1,Jephthah,,male,,judge of Israel and a valiant warrior (JDG 11:1),BibleData-Person.csv
Jephunneh,Jephunneh_1,Jephunneh,,male,Judah,the Kenizzite (Joshua 14:6),BibleData-Person.csv
Jephunneh,Jephunneh_2,Jephunneh,,male,Asher,,BibleData-Person.csv
Jerah,Jerah_1,Jerah,,male,,,BibleData-Person.csv
Jerahmeel,Jerahmeel_1,Jerahmeel,,male,Judah,,BibleData-Person.csv
Jerahmeel,Jerahmeel_2,Jerahmeel,,male,Levi,,BibleData-Person.csv
Jerahmeel,Jerahmeel_3,Jerahmeel,,male,,,BibleData-Person.csv
Jered,Jered_1,Jered,,male,Judah,,BibleData-Person.csv
Jeremai,Jeremai_1,Jeremai,,male,,,BibleData-Person.csv
Jeremiah,Jeremiah_1,Jeremiah,,male,,,BibleData-Person.csv
Jeremiah,Jeremiah_2,Jeremiah,,male,Manasseh,,BibleData-Person.csv
Jeremiah,Jeremiah_3,Jeremiah,,male,Benjamin,came to David at Ziklag (1CH 12:1),BibleData-Person.csv
Jeremiah,Jeremiah_4,Jeremiah,,male,Gad,came to David at Ziklag (1CH 12:1),BibleData-Person.csv
Jeremiah,Jeremiah_5,Jeremiah,,male,Gad,came to David at Ziklag (1CH 12:1),BibleData-Person.csv
Jeremiah,Jeremiah_6,Jeremiah,,male,Levi,"of Anathoth (JER 1:1, 29:27)",BibleData-Person.csv
Jeremiah,Jeremiah_7,Jeremiah,,male,Levi,named on the sealed document of NEH 10:1-27 (NEH 10:2),BibleData-Person.csv
Jeremiah,Jeremiah_8,Jeremiah,,male,,,BibleData-Person.csv
Jeremoth,Jeremoth_1,Jeremoth,,male,Benjamin,,BibleData-Person.csv
Jeremoth,Jeremoth_2,Jeremoth,,male,Benjamin,,BibleData-Person.csv
Jeremoth,Jeremoth_3,Jeremoth,,male,Levi,"Mushites (from Mushi, from Merari, son of Levi)",BibleData-Person.csv
Jeremoth,Jeremoth_4,Jeremoth,,male,Naphtali,,BibleData-Person.csv
Jeremoth,Jeremoth_5,Jeremoth,,male,,,BibleData-Person.csv
Jeremoth,Jeremoth_6,Jeremoth,,male,,,BibleData-Person.csv
Jeremoth,Jeremoth_7,Jeremoth,,male,,,BibleData-Person.csv
Jeriah,Jeriah_1,Jeriah,,male,Levi,"Hebronites (from Kohath, son of Levi)",BibleData-Person.csv
Jeribai,Jeribai_1,Jeribai,,male,,,BibleData-Person.csv
Jeriel,Jeriel_1,Jeriel,,male,Issachar,,BibleData-Person.csv
Jerimoth,Jerimoth_1,Jerimoth,,male,Benjamin,,BibleData-Person.csv
Jerimoth,Jerimoth_2,Jerimoth,,male,,came to David at Ziklag (1CH 12:1),BibleData-Person.csv
Jerimoth,Jerimoth_3,Jerimoth,,male,Levi,"set apart to prophesy with lyres, harps, and cymbals (1CH 25:1), fifteenth chosen of the singers (1CH 25:22)",BibleData-Person.csv
Jerimoth,Jerimoth_4,Jerimoth,,male,,,BibleData-Person.csv
Jerimoth,Jerimoth_5,Jerimoth,,male,Levi,,BibleData-Person.csv
Jerioth,Jerioth_1,Jerioth,,female,,,BibleData-Person.csv
Jeroboam,Jeroboam_1,Jeroboam,,male,Ephraim,,BibleData-Person.csv
Jeroboam,Jeroboam_2,Jeroboam,,male,,,BibleData-Person.csv
Jeroham,Jeroham_1,Jeroham,,male,Levi,,BibleData-Person.csv
Jeroham,Jeroham_2,Jeroham,,male,Benjamin,,BibleData-Person.csv
Jeroham,Jeroham_3,Jeroham,,male,Levi,,BibleData-Person.csv
Jeroham,Jeroham_4,Jeroham,,male,,came to David at Ziklag (1CH 12:1),BibleData-Person.csv
Jeroham,Jeroham_5,Jeroham,,male,Dan,,BibleData-Person.csv
Jeroham,Jeroham_6,Jeroham,,male,,,BibleData-Person.csv
Jeroham,Jeroham_7,Jeroham,,male,Levi,,BibleData-Person.csv
Jerubbesheth,Jerubbesheth_1,Jerubbesheth,,male,,,BibleData-Person.csv
Jerusha,Jerusha_1,Jerusha,,female,,,BibleData-Person.csv
Jeshaiah,Jeshaiah_1,Jeshaiah,,male,Judah,,BibleData-Person.csv
Jeshaiah,Jeshaiah_2,Jeshaiah,,male,Levi,"set apart to prophesy with lyres, harps, and cymbals (1CH 25:1), eighth chosen of the singers (1CH 25:15)",BibleData-Person.csv
Jeshaiah,Jeshaiah_3,Jeshaiah,,male,,,BibleData-Person.csv
Jeshaiah,Jeshaiah_4,Jeshaiah,,male,Levi,descendant of Merari,BibleData-Person.csv
Jeshaiah,Jeshaiah_5,Jeshaiah,,male,Benjamin,,BibleData-Person.csv
Jeshebeab,Jeshebeab_1,Jeshebeab,,male,Levi,"In the line of Ithamar (1CH 24:6, 13)",BibleData-Person.csv
Jesher,Jesher_1,Jesher,,male,Judah,,BibleData-Person.csv
Jeshishai,Jeshishai_1,Jeshishai,,male,Gad,,BibleData-Person.csv
Jeshohaiah,Jeshohaiah_1,Jeshohaiah,,male,Simeon,,BibleData-Person.csv
Jeshua,Jeshua_1,Jeshua,,male,Levi,"In the line of Eleazar (1CH 24:6, 11)",BibleData-Person.csv
Jeshua,Jeshua_2,Jeshua,,male,Levi,,BibleData-Person.csv
Jeshua,Jeshua_3,Jeshua,,male,Levi,son of Jozadak who helped to build the altar (EZR 3:2),BibleData-Person.csv
Jeshua,Jeshua_4,Jeshua,,male,,,BibleData-Person.csv
Jeshua,Jeshua_5,Jeshua,,male,Levi,of the sons of Hodaviah.  A peer/brother of Kadmiel? (EZR 2:40). Father of Jozabad (EZR 8:33),BibleData-Person.csv
Jeshua,Jeshua_6,Jeshua,,male,,,BibleData-Person.csv
Jeshua,Jeshua_7,Jeshua,,male,Levi,"""of"" Kadmiel (NEH 7:43), son of Kadmiel (NEH 12:24). Father of Joiakim (NEH 12:10)",BibleData-Person.csv
Jeshua,Jeshua_8,Jeshua,,male,Levi,named on the sealed document of NEH 10:1-27 (NEH 10:9),BibleData-Person.csv
Jesimiel,Jesimiel_1,Jesimiel,,male,Simeon,,BibleData-Person.csv
Jesse,Jesse_1,Jesse,,male,Judah,,BibleData-Person.csv
Jesus,Jesus_1,Jesus,,male,,,BibleData-Person.csv
Jether,Jether_1,Jether,,male,Manasseh,,BibleData-Person.csv
Jether,Jether_2,Jether,,male,Judah,,BibleData-Person.csv
Jether,Jether_3,Jether,,male,Judah,,BibleData-Person.csv
Jetheth,Jetheth_1,Jetheth,,male,Edomite,,BibleData-Person.csv
Jetur,Jetur_1,Jetur,,male,Jetur,,BibleData-Person.csv
Jeuel,Jeuel_1,Jeuel,,male,Judah,,BibleData-Person.csv
Jeuel,Jeuel_2,Jeuel,,male,,,BibleData-Person.csv
Jeush,Jeush_1,Jeush,,male,Edomite,,BibleData-Person.csv
Jeush,Jeush_2,Jeush,,male,Benjamin,,BibleData-Person.csv
Jeush,Jeush_3,Jeush,,male,Benjamin,,BibleData-Person.csv
Jeush,Jeush_4,Jeush,,male,Levi,,BibleData-Person.csv
Jeush,Jeush_5,Jeush,,male,Judah,,BibleData-Person.csv
Jeuz,Jeuz_1,Jeuz,,male,Benjamin,,BibleData-Person.csv
Jezebel,Jezebel_1,Jezebel,,female,,,BibleData-Person.csv
Jezebel,Jezebel_2,Jezebel,,female,,,BibleData-Person.csv
Jezer,Jezer_1,Jezer,,male,Naphtali,"from the list of ""sons of Israel"" who ""went to Egypt"" (GEN 46:8-27), the Jezerites (NUM 26:49)",BibleData-Person.csv
Jeziel,Jeziel_1,Jeziel,,male,Benjamin,came to David at Ziklag (1CH 12:1),BibleData-Person.csv
Jezrahiah,Jezrahiah_1,Jezrahiah,,male,Levi,,BibleData-Person.csv
Jezreel,Jezreel_1,Jezreel,,male,Judah,,BibleData-Person.csv
Jezreel,Jezreel_2,Jezreel,,male,,,BibleData-Person.csv
Jidlaph,Jidlaph_1,Jidlaph,,male,,,BibleData-Person.csv
Joab,Joab_1,Joab,,male,Judah,,BibleData-Person.csv
Joab,Joab_2,Joab,,male,Judah,,BibleData-Person.csv
Joab,Joab_3,Joab,,male,,,BibleData-Person.csv
Joah,Joah_1,Joah,,male,,,BibleData-Person.csv
Joah,Joah_2,Joah,,male,Levi,"Gershonites (Gershomites), from Gershon, son of Levi",BibleData-Person.csv
Joah,Joah_3,Joah,,male,Levi,,BibleData-Person.csv
Joah,Joah_4,Joah,,male,,,BibleData-Person.csv
Joahaz,Joahaz_1,Joahaz,,male,,,BibleData-Person.csv
Joanan,Joanan_1,Joanan,,male,,,BibleData-Person.csv
Joanna,Joanna_1,Joanna,,female,,,BibleData-Person.csv
Joash,Joash_1,Joash,,male,Manasseh,,BibleData-Person.csv
Joash,Joash_2,Joash,,male,,,BibleData-Person.csv
Joash,Joash_3,Joash,,male,Judah,,BibleData-Person.csv
Joash,Joash_4,Joash,,male,,,BibleData-Person.csv
Joash,Joash_5,Joash,,male,Judah,,BibleData-Person.csv
Joash,Joash_6,Joash,,male,Benjamin,,BibleData-Person.csv
Joash,Joash_7,Joash,,male,Benjamin,came to David at Ziklag (1CH 12:1),BibleData-Person.csv
Joash,Joash_8,Joash,,male,,,BibleData-Person.csv
Job,Job_1,Job,,male,,,BibleData-Person.csv
Jobab,Jobab_1,Jobab,,male,,,BibleData-Person.csv
Jobab,Jobab_2,Jobab,,male,Edomite,,BibleData-Person.csv
Jobab,Jobab_3,Jobab,,male,,King of Madon,BibleData-Person.csv
Jobab,Jobab_4,Jobab,,male,Benjamin,,BibleData-Person.csv
Jobab,Jobab_5,Jobab,,male,Benjamin,,BibleData-Person.csv
Jochebed,Jochebed_1,Jochebed,,female,Levi,,BibleData-Person.csv
Joda,Joda_1,Joda,,male,,,BibleData-Person.csv
Joed,Joed_1,Joed,,male,Benjamin,,BibleData-Person.csv
Joel,Joel_1,Joel,,male,Levi,,BibleData-Person.csv
Joel,Joel_2,Joel,,male,Simeon,,BibleData-Person.csv
Joel,Joel_3,Joel,,male,Reuben,,BibleData-Person.csv
Joel,Joel_4,Joel,,male,Gad,,BibleData-Person.csv
Joel,Joel_5,Joel,,male,Issachar,,BibleData-Person.csv
Joel,Joel_6,Joel,,male,Levi,"Gershonites (Gershomites), from Gershon, son of Levi",BibleData-Person.csv
Joel,Joel_7,Joel,,male,Manasseh,,BibleData-Person.csv
Joel,Joel_8,Joel,,male,Levi,Kohathite,BibleData-Person.csv
Joel,Joel_9,Joel,,male,,,BibleData-Person.csv
Joel,Joel_10,Joel,,male,Benjamin,Lived in Jerusalem (NEH 11:4),BibleData-Person.csv
Joel,Joel_11,Joel,,male,,,BibleData-Person.csv
Joelah,Joelah_1,Joelah,,male,,came to David at Ziklag (1CH 12:1),BibleData-Person.csv
Joezer,Joezer_1,Joezer,,male,Levi,Korahites,BibleData-Person.csv
Jogli,Jogli_1,Jogli,,male,Dan,,BibleData-Person.csv
Joha,Joha_1,Joha,,male,Benjamin,,BibleData-Person.csv
Joha,Joha_2,Joha,,male,,,BibleData-Person.csv
Johanan,Johanan_1,Johanan,,male,,,BibleData-Person.csv
Johanan,Johanan_2,Johanan,,male,Judah,,BibleData-Person.csv
Johanan,Johanan_3,Johanan,,male,Levi,Aaronic priest through Eleazar,BibleData-Person.csv
Johanan,Johanan_4,Johanan,,male,Benjamin,came to David at Ziklag (1CH 12:1),BibleData-Person.csv
Johanan,Johanan_5,Johanan,,male,Gad,came to David at Ziklag (1CH 12:1),BibleData-Person.csv
Johanan,Johanan_6,Johanan,,male,Levi,,BibleData-Person.csv
Johanan,Johanan_7,Johanan,,male,,,BibleData-Person.csv
Johanan,Johanan_8,Johanan,,male,,,BibleData-Person.csv
Johanan,Johanan_9,Johanan,,male,Ephraim,,BibleData-Person.csv
Johanan,Johanan_10,Johanan,,male,,,BibleData-Person.csv
John,John_1,John,,male,Levi,"as son of Zacharias the priest (Luke 1), he would have been a Levite",BibleData-Person.csv
John,John_2,John,,male,,"fisherman (mending their nets- MAT 4:21), one of the Twelve (MAT 10:2), author of the book of John",BibleData-Person.csv
John,John_3,John,,male,,,BibleData-Person.csv
John,John_4,John,,male,Levi,possibly Johanan be Zaccai (Ellicott and Lightfoot) the son of Annas (Poole),BibleData-Person.csv
John,John_5,John,,male,,likely author of the book of Mark,BibleData-Person.csv
Joiada,Joiada_1,Joiada,,male,,,BibleData-Person.csv
Joiada,Joiada_2,Joiada,,male,Levi,,BibleData-Person.csv
Joiada,Joiada_3,Joiada,,male,Levi,a descendant of Aaron,BibleData-Person.csv
Joiakim,Joiakim_1,Joiakim,,male,Levi,"could be Jeshua_5, Jeshua_7, or Jeshua_8 (all Levites)",BibleData-Person.csv
Joiakim,Joiakim_2,Joiakim,,male,Levi,,BibleData-Person.csv
Joiarib,Joiarib_1,Joiarib,,male,Levi,,BibleData-Person.csv
Joiarib,Joiarib_2,Joiarib,,male,Judah,,BibleData-Person.csv
Joiarib,Joiarib_3,Joiarib,,male,Levi,,BibleData-Person.csv
Jokim,Jokim_1,Jokim,,male,Judah,,BibleData-Person.csv
Jokshan,Jokshan_1,Jokshan,,male,,,BibleData-Person.csv
Joktan,Joktan_1,Joktan,,male,,,BibleData-Person.csv
Jonadab,Jonadab_1,Jonadab,,male,,,BibleData-Person.csv
Jonah,Jonah_1,Jonah,,male,,,BibleData-Person.csv
Jonam,Jonam_1,Jonam,,male,,,BibleData-Person.csv
Jonathan,Jonathan_1,Jonathan,,male,,,BibleData-Person.csv
Jonathan,Jonathan_2,Jonathan,,male,Benjamin,,BibleData-Person.csv
Jonathan,Jonathan_3,Jonathan,,male,Levi,,BibleData-Person.csv
Jonathan,Jonathan_4,Jonathan,,male,Judah,"David's nephew mistakenly identified as David's ""uncle"" in 1CH 27:32",BibleData-Person.csv
Jonathan,Jonathan_5,Jonathan,,male,,,BibleData-Person.csv
Jonathan,Jonathan_6,Jonathan,,male,Judah,,BibleData-Person.csv
Jonathan,Jonathan_7,Jonathan,,male,Levi,Levi assuming Uzziah_1 is his father,BibleData-Person.csv
Jonathan,Jonathan_8,Jonathan,,male,,,BibleData-Person.csv
Jonathan,Jonathan_9,Jonathan,,male,,,BibleData-Person.csv
Jonathan,Jonathan_10,Jonathan,,male,Levi,,BibleData-Person.csv
Jonathan,Jonathan_11,Jonathan,,male,Levi,"As ""priests"" (NEH 12:12), descendants of Aaron",BibleData-Person.csv
Jonathan,Jonathan_12,Jonathan,,male,Levi,descendant of Asaph_2,BibleData-Person.csv
Jonathan,Jonathan_13,Jonathan,,male,,,BibleData-Person.csv
Jonathan,Jonathan_14,Jonathan,,male,,,BibleData-Person.csv
Jorah,Jorah_1,Jorah,,male,,Hariph in NEH 7:24,BibleData-Person.csv
Jorai,Jorai_1,Jorai,,male,Gad,,BibleData-Person.csv
Joram,Joram_1,Joram,,male,,,BibleData-Person.csv
Joram,Joram_2,Joram,,male,Levi,,BibleData-Person.csv
Jorim,Jorim_1,Jorim,,male,,,BibleData-Person.csv
Jorkeam,Jorkeam_1,Jorkeam,,male,Judah,,BibleData-Person.csv
Josech,Josech_1,Josech,,male,,,BibleData-Person.csv
Joseph,Joseph_1,Joseph,,male,,,BibleData-Person.csv
Joseph,Joseph_2,Joseph,,male,Issachar,,BibleData-Person.csv
Joseph,Joseph_3,Joseph,,male,Levi,"set apart to prophesy with lyres, harps, and cymbals (1CH 25:1), first chosen of the singers (1CH 25:9)",BibleData-Person.csv
Joseph,Joseph_4,Joseph,,male,,,BibleData-Person.csv
Joseph,Joseph_5,Joseph,,male,Levi,"As ""priests"" (NEH 12:12), descendants of Aaron",BibleData-Person.csv
Joseph,Joseph_6,Joseph,,male,Judah,,BibleData-Person.csv
Joseph,Joseph_7,Joseph,,male,Judah,"""brother"" in the sense that they were born of the same womb",BibleData-Person.csv
Joseph,Joseph_8,Joseph,,male,,,BibleData-Person.csv
Joseph,Joseph_9,Joseph,,male,,,BibleData-Person.csv
Joseph,Joseph_10,Joseph,,male,,,BibleData-Person.csv
Joseph,Joseph_11,Joseph,,male,,,BibleData-Person.csv
Joseph,Joseph_12,Joseph,,male,Levi,,BibleData-Person.csv
Joshah,Joshah_1,Joshah,,male,Simeon,,BibleData-Person.csv
Joshaphat,Joshaphat_1,Joshaphat,,male,,,BibleData-Person.csv
Joshaphat,Joshaphat_2,Joshaphat,,male,Levi,,BibleData-Person.csv
Joshaviah,Joshaviah_1,Joshaviah,,male,,,BibleData-Person.csv
Joshbekashah,Joshbekashah_1,Joshbekashah,,male,Levi,"set apart to prophesy with lyres, harps, and cymbals (1CH 25:1), seventeenth chosen of the singers (1CH 25:24)",BibleData-Person.csv
Josheb-basshebeth,Josheb-basshebeth_1,Josheb-basshebeth,,male,Judah,had charge of the first division for the first month (1CH 27:2),BibleData-Person.csv
Joshibiah,Joshibiah_1,Joshibiah,,male,Simeon,,BibleData-Person.csv
Joshua,Joshua_1,Joshua,,male,Ephraim,1 of 12 spies- from Ephraim,BibleData-Person.csv
Joshua,Joshua_2,Joshua,,male,,,BibleData-Person.csv
Joshua,Joshua_3,Joshua,,male,,,BibleData-Person.csv
Joshua,Joshua_4,Joshua,,male,,,BibleData-Person.csv
Joshua,Joshua_5,Joshua,,male,,,BibleData-Person.csv
Josiah,Josiah_1,Josiah,,male,,He did right in the sight of the LORD (2KI 22:2),BibleData-Person.csv
Josiah,Josiah_2,Josiah,,male,,,BibleData-Person.csv
Josiphiah,Josiphiah_1,Josiphiah,,male,,,BibleData-Person.csv
Jotham,Jotham_1,Jotham,,male,Manasseh,sole survivor of Abimelech's fratricide,BibleData-Person.csv
Jotham,Jotham_2,Jotham,,male,Judah,"He did right in the sight of the LORD, according to all that his father Uzziah had done;",BibleData-Person.csv
Jotham,Jotham_3,Jotham,,male,Judah,,BibleData-Person.csv
Jozabad,Jozabad_1,Jozabad,,male,Benjamin,came to David at Ziklag (1CH 12:1),BibleData-Person.csv
Jozabad,Jozabad_2,Jozabad,,male,Manasseh,came to David at Ziklag (1CH 12:1),BibleData-Person.csv
Jozabad,Jozabad_3,Jozabad,,male,Manasseh,came to David at Ziklag (1CH 12:1),BibleData-Person.csv
Jozabad,Jozabad_4,Jozabad,,male,Levi,,BibleData-Person.csv
Jozabad,Jozabad_5,Jozabad,,male,Levi,from the leaders of the Levites (NEH 11:16),BibleData-Person.csv
Jozabad,Jozabad_6,Jozabad,,male,Levi,,BibleData-Person.csv
Jozabad,Jozabad_7,Jozabad,,male,Levi,,BibleData-Person.csv
Jozabad,Jozabad_8,Jozabad,,male,Levi,,BibleData-Person.csv
Jozacar,Jozacar_1,Jozacar,,male,,,BibleData-Person.csv
Jozadak,Jozadak_1,Jozadak,,male,Levi,priest,BibleData-Person.csv
Jubal,Jubal_1,Jubal,,male,,,BibleData-Person.csv
Jucal,Jucal_1,Jucal,,male,,,BibleData-Person.csv
Jucam,Jucam_1,Jucam,,male,,** This name is not present in the BHS Hebrew text but is present in Rahlfs Septuaginta,BibleData-Person.csv
Judah,Judah_1,Judah,,male,Judah,,BibleData-Person.csv
Judah,Judah_2,Judah,,male,Levi,,BibleData-Person.csv
Judah,Judah_3,Judah,,male,Benjamin,Lived in Jerusalem (NEH 11:4),BibleData-Person.csv
Judah,Judah_4,Judah,,male,Levi,,BibleData-Person.csv
Judah,Judah_5,Judah,,male,,,BibleData-Person.csv
Judas,Judas_1,Judas,Iscariot,male,,"one of the Twelve (MAT 10:2), from Kerioth (MAT 10:4)",BibleData-Person.csv
Judas,Judas_2,Judas,,male,Judah,"""brother"" in the sense that they were born of the same womb",BibleData-Person.csv
Judas,Judas_3,Judas,,male,,of Galilee,BibleData-Person.csv
Judas,Judas_4,Judas,,male,,,BibleData-Person.csv
Judas,Judas_5,Judas,,male,,,BibleData-Person.csv
Judith,Judith_1,Judith,,female,Hittite,also called Oholibama (GEN 36:2),BibleData-Person.csv
Julia,Julia_1,Julia,,female,,,BibleData-Person.csv
Julius,Julius_1,Julius,,male,,,BibleData-Person.csv
Junias,Junias_1,Junias,,male,,,BibleData-Person.csv
Jushab-hesed,Jushab-hesed_1,Jushab-hesed,,male,Judah,,BibleData-Person.csv
Kadmiel,Kadmiel_1,Kadmiel,,male,Levi,son of Hodaviah (EZR 2:40),BibleData-Person.csv
Kadmiel,Kadmiel_2,Kadmiel,,male,Levi,named on the sealed document of NEH 10:1-27 (NEH 10:9),BibleData-Person.csv
Kallai,Kallai_1,Kallai,,male,Levi,"As ""priests"" (NEH 12:12), descendants of Aaron",BibleData-Person.csv
Kareah,Kareah_1,Kareah,,male,,,BibleData-Person.csv
Kedar,Kedar_1,Kedar,,male,Kedar,,BibleData-Person.csv
Kedemah,Kedemah_1,Kedemah,,male,Kedemah,,BibleData-Person.csv
Keilah,Keilah_1,Keilah,,male,Judah,,BibleData-Person.csv
Kelaiah,Kelaiah_1,Kelaiah,,male,Levi,,BibleData-Person.csv
Kelita,Kelita_1,Kelita,,male,Levi,named on the sealed document of NEH 10:1-27 (NEH 10:10),BibleData-Person.csv
Kemuel,Kemuel_1,Kemuel,,male,,,BibleData-Person.csv
Kemuel,Kemuel_2,Kemuel,,male,Ephraim,leader of Ephraim apportioning the Land (NUM 34:24),BibleData-Person.csv
Kemuel,Kemuel_3,Kemuel,,male,Levi,,BibleData-Person.csv
Kenan,Kenan_1,Kenan,,male,,,BibleData-Person.csv
Kenaz,Kenaz_1,Kenaz,,male,Edomite,,BibleData-Person.csv
Kenaz,Kenaz_2,Kenaz,,male,Judah,,BibleData-Person.csv
Kenaz,Kenaz_3,Kenaz,,male,Judah,,BibleData-Person.csv
Keren-happuch,Keren-happuch_1,Keren-happuch,,female,,,BibleData-Person.csv
Keros,Keros_1,Keros,,male,Levi,,BibleData-Person.csv
Keturah,Keturah_1,Keturah,,female,,,BibleData-Person.csv
Keziah,Keziah_1,Keziah,,female,,,BibleData-Person.csv
King Jareb,King Jareb_1,King Jareb,,male,,separate individual or another name for Nebuchadnezzar?,BibleData-Person.csv
Kish,Kish_1,Kish,,male,Benjamin,,BibleData-Person.csv
Kish,Kish_2,Kish,,male,Benjamin,,BibleData-Person.csv
Kish,Kish_3,Kish,,male,Levi,"Mahlites (from Merari, son of Levi)",BibleData-Person.csv
Kish,Kish_4,Kish,,male,,"assuming this is not Kish, the father of Saul, because he is simply listed as ""a Benjamite"" rather than ""father of King Saul"" or something similar",BibleData-Person.csv
Kishi,Kishi_1,Kishi,,male,Levi,"Merarites (from Mushi, from Merari, son of Levi)",BibleData-Person.csv
Kittim,Kittim_1,Kittim,,male,,,BibleData-Person.csv
Kohath,Kohath_1,Kohath,,male,Levi,"from the list of ""sons of Israel"" who ""went to Egypt"" (GEN 46:8-27), the Kohathites (NUM 26:57)",BibleData-Person.csv
Kolaiah,Kolaiah_1,Kolaiah,,male,Benjamin,,BibleData-Person.csv
Kolaiah,Kolaiah_2,Kolaiah,,male,,,BibleData-Person.csv
Korah,Korah_1,Korah,,male,Edomite,,BibleData-Person.csv
Korah,Korah_2,Korah,,male,Edomite,,BibleData-Person.csv
Korah,Korah_3,Korah,,male,Levi,the Korahites (NUM 26:58),BibleData-Person.csv
Korah,Korah_4,Korah,,male,Judah,,BibleData-Person.csv
Kore,Kore_1,Kore,,male,Levi,,BibleData-Person.csv
Kore,Kore_2,Kore,,male,Levi,apportioned the contributions for the LORD and the most holy things (2CH 31:14),BibleData-Person.csv
Koz,Koz_1,Koz,,male,Judah,,BibleData-Person.csv
Laadah,Laadah_1,Laadah,,male,Judah,,BibleData-Person.csv
Laban,Laban_1,Laban,,male,,,BibleData-Person.csv
Ladan,Ladan_1,Ladan,,male,Ephraim,,BibleData-Person.csv
Lael,Lael_1,Lael,,male,Levi,,BibleData-Person.csv
Lahad,Lahad_1,Lahad,,male,Judah,,BibleData-Person.csv
Lahmi,Lahmi_1,Lahmi,,male,,,BibleData-Person.csv
Laish,Laish_1,Laish,,male,,,BibleData-Person.csv
Lamech,Lamech_1,Lamech,,male,,,BibleData-Person.csv
Lamech,Lamech_2,Lamech,,male,,,BibleData-Person.csv
Lappidoth,Lappidoth_1,Lappidoth,,male,,,BibleData-Person.csv
Lazarus,Lazarus_1,Lazarus,,male,,,BibleData-Person.csv
Lazarus,Lazarus_2,Lazarus,,male,,Lazarus of Bethany (JHN 11:1),BibleData-Person.csv
Leah,Leah_1,Leah,,female,,,BibleData-Person.csv
Lebanah,Lebanah_1,Lebanah,,male,Levi,,BibleData-Person.csv
Lecah,Lecah_1,Lecah,,male,Judah,,BibleData-Person.csv
Lehab,Lehab_1,Lehab,,male,,,BibleData-Person.csv
Lemuel,Lemuel_1,Lemuel,,male,,,BibleData-Person.csv
Letush,Letush_1,Letush,,male,,,BibleData-Person.csv
Leum,Leum_1,Leum,,male,,,BibleData-Person.csv
Levi,Levi_1,Levi,,male,Levi,,BibleData-Person.csv
Levi,Levi_2,Levi,,male,,,BibleData-Person.csv
Levi,Levi_3,Levi,,male,,,BibleData-Person.csv
Libni,Libni_1,Libni,,male,Levi,the Libnites (NUM 26:58),BibleData-Person.csv
Libni,Libni_2,Libni,,male,Levi,"Mahlites (from Merari, son of Levi)",BibleData-Person.csv
Lihki,Lihki_1,Lihki,,male,Manasseh,,BibleData-Person.csv
Linus,Linus_1,Linus,,male,,,BibleData-Person.csv
Lo-ammi,Lo-ammi_1,Lo-ammi,,male,,,BibleData-Person.csv
Lo-ruhamah,Lo-ruhamah_1,Lo-ruhamah,,female,,,BibleData-Person.csv
Lois,Lois_1,Lois,,female,,,BibleData-Person.csv
Lot,Lot_1,Lot,,male,,,BibleData-Person.csv
Lotan,Lotan_1,Lotan,,male,Edomite,,BibleData-Person.csv
Lucius,Lucius_1,Lucius,,male,,,BibleData-Person.csv
Lucius,Lucius_2,Lucius,,male,,,BibleData-Person.csv
Lud,Lud_1,Lud,,male,,,BibleData-Person.csv
Lud,Lud_2,Lud,,male,,,BibleData-Person.csv
Luke,Luke_1,Luke,,male,,author of the Gospel according to Luke,BibleData-Person.csv
Lydia,Lydia_1,Lydia,,female,,,BibleData-Person.csv
Lysanias,Lysanias_1,Lysanias,,male,,,BibleData-Person.csv
Maacah,Maacah_1,Maacah,,male,,,BibleData-Person.csv
Maacah,Maacah_2,Maacah,,female,,,BibleData-Person.csv
Maacah,Maacah_3,Maacah,,female,,,BibleData-Person.csv
Maacah,Maacah_4,Maacah,,female,,,BibleData-Person.csv
Maacah,Maacah_5,Maacah,,female,Benjamin,,BibleData-Person.csv
Maacah,Maacah_6,Maacah,,female,Benjamin,,BibleData-Person.csv
Maacah,Maacah_7,Maacah,,female,,,BibleData-Person.csv
Maacah,Maacah_8,Maacah,,male,Simeon,,BibleData-Person.csv
Maadai,Maadai_1,Maadai,,male,,,BibleData-Person.csv
Maai,Maai_1,Maai,,male,Levi,,BibleData-Person.csv
Maasai,Maasai_1,Maasai,,male,Levi,,BibleData-Person.csv
Maaseiah,Maaseiah_1,Maaseiah,,male,Levi,,BibleData-Person.csv
Maaseiah,Maaseiah_2,Maaseiah,,male,,,BibleData-Person.csv
Maaseiah,Maaseiah_3,Maaseiah,,male,,,BibleData-Person.csv
Maaseiah,Maaseiah_4,Maaseiah,,male,Judah,,BibleData-Person.csv
Maaseiah,Maaseiah_5,Maaseiah,,male,,,BibleData-Person.csv
Maaseiah,Maaseiah_6,Maaseiah,,male,Levi,,BibleData-Person.csv
Maaseiah,Maaseiah_7,Maaseiah,,male,Levi,,BibleData-Person.csv
Maaseiah,Maaseiah_8,Maaseiah,,male,,,BibleData-Person.csv
Maaseiah,Maaseiah_9,Maaseiah,,male,,,BibleData-Person.csv
Maaseiah,Maaseiah_10,Maaseiah,,male,,named on the sealed document of NEH 10:1-27 (NEH 10:25),BibleData-Person.csv
Maaseiah,Maaseiah_11,Maaseiah,,male,Judah,Lived in Jerusalem (NEH 11:4),BibleData-Person.csv
Maaseiah,Maaseiah_12,Maaseiah,,male,Benjamin,,BibleData-Person.csv
Maaseiah,Maaseiah_13,Maaseiah,,male,Levi,"As ""priest"", a descendant of Aaron",BibleData-Person.csv
Maaseiah,Maaseiah_14,Maaseiah,,male,,,BibleData-Person.csv
Maath,Maath_1,Maath,,male,,,BibleData-Person.csv
Maaz,Maaz_1,Maaz,,male,Judah,,BibleData-Person.csv
Maaziah,Maaziah_1,Maaziah,,male,Levi,"In the line of Ithamar (1CH 24:6, 18)",BibleData-Person.csv
Maaziah,Maaziah_2,Maaziah,,male,Levi,named on the sealed document of NEH 10:1-27 (NEH 10:8),BibleData-Person.csv
Machbannai,Machbannai_1,Machbannai,,male,Gad,came to David at Ziklag (1CH 12:1),BibleData-Person.csv
Machbena,Machbena_1,Machbena,,male,Judah,,BibleData-Person.csv
Machi,Machi_1,Machi,,male,Gad,,BibleData-Person.csv
Machir,Machir_1,Machir,,male,Manasseh,the Machirites (NUM 26:29),BibleData-Person.csv
Machir,Machir_2,Machir,,male,,,BibleData-Person.csv
Machnadebai,Machnadebai_1,Machnadebai,,male,,,BibleData-Person.csv
Madai,Madai_1,Madai,,male,,,BibleData-Person.csv
Madmannah,Madmannah_1,Madmannah,,male,Judah,,BibleData-Person.csv
Magbish,Magbish_1,Magbish,,male,,,BibleData-Person.csv
Magdiel,Magdiel_1,Magdiel,,male,Edomite,,BibleData-Person.csv
Magog,Magog_1,Magog,,male,,,BibleData-Person.csv
Magpiash,Magpiash_1,Magpiash,,male,,named on the sealed document of NEH 10:1-27 (NEH 10:20),BibleData-Person.csv
Mahalalel,Mahalalel_1,Mahalalel,,male,,,BibleData-Person.csv
Mahalalel,Mahalalel_2,Mahalalel,,male,Judah,,BibleData-Person.csv
Mahalath,Mahalath_1,Mahalath,,female,,also called Basemath (GEN 36:2),BibleData-Person.csv
Mahalath,Mahalath_2,Mahalath,,female,,,BibleData-Person.csv
Maharai,Maharai_1,Maharai,,male,,"Zerahite, over the tenth division (1CH 27:13)",BibleData-Person.csv
Mahath,Mahath_1,Mahath,,male,Levi,Kohathite,BibleData-Person.csv
Mahath,Mahath_2,Mahath,,male,Levi,,BibleData-Person.csv
Mahazioth,Mahazioth_1,Mahazioth,,male,Levi,"set apart to prophesy with lyres, harps, and cymbals (1CH 25:1), twenty-third chosen of the singers (1CH 25:30)",BibleData-Person.csv
Mahlah,Mahlah_1,Mahlah,,female,Manasseh,,BibleData-Person.csv
Mahlah,Mahlah_2,Mahlah,,female,Manasseh,,BibleData-Person.csv
Mahli,Mahli_1,Mahli,,male,Levi,the Mahlites (NUM 26:58),BibleData-Person.csv
Mahli,Mahli_2,Mahli,,male,Levi,"Merarites (from Mushi, from Merari, son of Levi)",BibleData-Person.csv
Mahli,Mahli_3,Mahli,,male,Levi,"Mushites (from Mushi, from Merari, son of Levi)",BibleData-Person.csv
Mahlon,Mahlon_1,Mahlon,,male,Judah,,BibleData-Person.csv
Mahseiah,Mahseiah_1,Mahseiah,,male,,,BibleData-Person.csv
Malachi,Malachi_1,Malachi,,male,,,BibleData-Person.csv
Malcam,Malcam_1,Malcam,,male,Benjamin,,BibleData-Person.csv
Malchi-shua,Malchi-shua_1,Malchi-shua,,male,Benjamin,,BibleData-Person.csv
Malchiel,Malchiel_1,Malchiel,,male,Asher,"from the list of ""sons of Israel"" who ""went to Egypt"" (GEN 46:8-27), the Malchielites (NUM 26:45)",BibleData-Person.csv
Malchijah,Malchijah_1,Malchijah,,male,Levi,"Gershonites (Gershomites), from Gershon, son of Levi",BibleData-Person.csv
Malchijah,Malchijah_2,Malchijah,,male,Levi,named on the sealed document of Neh 10:1-27 (NEH 10:3),BibleData-Person.csv
Malchijah,Malchijah_3,Malchijah,,male,Levi,"In the line of Eleazar (1CH 24:6, 9)",BibleData-Person.csv
Malchijah,Malchijah_4,Malchijah,,male,,,BibleData-Person.csv
Malchijah,Malchijah_5,Malchijah,,male,,,BibleData-Person.csv
Malchijah,Malchijah_6,Malchijah,,male,,,BibleData-Person.csv
Malchijah,Malchijah_7,Malchijah,,male,,,BibleData-Person.csv
Malchijah,Malchijah_8,Malchijah,,male,,,BibleData-Person.csv
Malchijah,Malchijah_9,Malchijah,,male,,,BibleData-Person.csv
Malchijah,Malchijah_10,Malchijah,,male,,,BibleData-Person.csv
Malchiram,Malchiram_1,Malchiram,,male,Judah,,BibleData-Person.csv
Malchus,Malchus_1,Malchus,,male,,,BibleData-Person.csv
Mallothi,Mallothi_1,Mallothi,,male,Levi,"set apart to prophesy with lyres, harps, and cymbals (1CH 25:1), nineteenth chosen of the singers (1CH 25:26)",BibleData-Person.csv
Malluch,Malluch_1,Malluch,,male,Levi,"Merarites (from Mushi, from Merari, son of Levi)",BibleData-Person.csv
Malluch,Malluch_2,Malluch,,male,,named on the sealed document of NEH 10:1-27 (NEH 10:27),BibleData-Person.csv
Malluch,Malluch_3,Malluch,,male,,,BibleData-Person.csv
Malluch,Malluch_4,Malluch,,male,Levi,named on the sealed document of NEH 10:1-27 (NEH 10:4),BibleData-Person.csv
Mamre,Mamre_1,Mamre,,male,Amorite,,BibleData-Person.csv
Manaen,Manaen_1,Manaen,,male,,brought up with Herod the tetrarch,BibleData-Person.csv
Manahath,Manahath_1,Manahath,,male,Edomite,,BibleData-Person.csv
Manasseh,Manasseh_1,Manasseh,,male,Manasseh,,BibleData-Person.csv
Manasseh,Manasseh_2,Manasseh,,male,,,BibleData-Person.csv
Manasseh,Manasseh_3,Manasseh,,male,,He did evil in the sight of the LORD. (2KI 21:2),BibleData-Person.csv
Manasseh,Manasseh_4,Manasseh,,male,,,BibleData-Person.csv
Manasseh,Manasseh_5,Manasseh,,male,,,BibleData-Person.csv
Manoah,Manoah_1,Manoah,,male,Dan,,BibleData-Person.csv
Maoch,Maoch_1,Maoch,,male,,,BibleData-Person.csv
Maon,Maon_1,Maon,,male,Judah,,BibleData-Person.csv
Mareshah,Mareshah_1,Mareshah,,male,Judah,,BibleData-Person.csv
Mareshah,Mareshah_2,Mareshah,,male,Judah,,BibleData-Person.csv
Marsena,Marsena_1,Marsena,,male,,,BibleData-Person.csv
Martha,Martha_1,Martha,,female,,,BibleData-Person.csv
Mary,Mary_1,Mary,,female,,,BibleData-Person.csv
Mary,Mary_2,Mary,Magdalene,female,,from whom seven demons had gone out (LUK 8:2),BibleData-Person.csv
Mary,Mary_3,Mary,,female,,,BibleData-Person.csv
Mary,Mary_4,Mary,,female,,,BibleData-Person.csv
Mary,Mary_5,Mary,,female,,,BibleData-Person.csv
Mary,Mary_6,Mary,,female,,,BibleData-Person.csv
Mash,Mash_1,Mash,,male,,,BibleData-Person.csv
Massa,Massa_1,Massa,,male,Massa,,BibleData-Person.csv
Matred,Matred_1,Matred,,female,,,BibleData-Person.csv
Mattan,Mattan_1,Mattan,,male,,,BibleData-Person.csv
Mattan,Mattan_2,Mattan,,male,,,BibleData-Person.csv
Mattaniah,Mattaniah_1,Mattaniah,,male,,He did evil in the sight of the LORD (2KI 24:19),BibleData-Person.csv
Mattaniah,Mattaniah_2,Mattaniah,,male,Levi,,BibleData-Person.csv
Mattaniah,Mattaniah_3,Mattaniah,,male,Levi,"set apart to prophesy with lyres, harps, and cymbals (1CH 25:1), ninth chosen of the singers (1CH 25:16)",BibleData-Person.csv
Mattaniah,Mattaniah_4,Mattaniah,,male,Levi,"Gershonites (Gershomites), from Gershon, son of Levi",BibleData-Person.csv
Mattaniah,Mattaniah_5,Mattaniah,,male,,,BibleData-Person.csv
Mattaniah,Mattaniah_6,Mattaniah,,male,,,BibleData-Person.csv
Mattaniah,Mattaniah_7,Mattaniah,,male,,,BibleData-Person.csv
Mattaniah,Mattaniah_8,Mattaniah,,male,,,BibleData-Person.csv
Mattaniah,Mattaniah_9,Mattaniah,,male,Levi,leader in beginning the thanksgiving at prayer (NEH 11:17),BibleData-Person.csv
Mattaniah,Mattaniah_10,Mattaniah,,male,Levi,,BibleData-Person.csv
Mattatha,Mattatha_1,Mattatha,,male,,,BibleData-Person.csv
Mattathias,Mattathias_1,Mattathias,,male,,,BibleData-Person.csv
Mattathias,Mattathias_2,Mattathias,,male,,,BibleData-Person.csv
Mattattah,Mattattah_1,Mattattah,,male,,,BibleData-Person.csv
Mattenai,Mattenai_1,Mattenai,,male,,,BibleData-Person.csv
Mattenai,Mattenai_2,Mattenai,,male,,,BibleData-Person.csv
Mattenai,Mattenai_3,Mattenai,,male,Levi,"As ""priests"" (NEH 12:12), descendants of Aaron",BibleData-Person.csv
Matthan,Matthan_1,Matthan,,male,Judah,,BibleData-Person.csv
Matthat,Matthat_1,Matthat,,male,,,BibleData-Person.csv
Matthat,Matthat_2,Matthat,,male,,,BibleData-Person.csv
Matthew,Matthew_1,Matthew,,male,,one of the Twelve (MAT 10:2),BibleData-Person.csv
Matthias,Matthias_1,Matthias,,male,,,BibleData-Person.csv
Mattithiah,Mattithiah_1,Mattithiah,,male,Levi,,BibleData-Person.csv
Mattithiah,Mattithiah_2,Mattithiah,,male,Levi,,BibleData-Person.csv
Mattithiah,Mattithiah_3,Mattithiah,,male,Levi,"set apart to prophesy with lyres, harps, and cymbals (1CH 25:1), fourteenth chosen of the singers (1CH 25:21)",BibleData-Person.csv
Mattithiah,Mattithiah_4,Mattithiah,,male,,,BibleData-Person.csv
Mattithiah,Mattithiah_5,Mattithiah,,male,Levi,*assumed Levite given this event,BibleData-Person.csv
Medad,Medad_1,Medad,,male,,,BibleData-Person.csv
Medan,Medan_1,Medan,,male,,,BibleData-Person.csv
Mehetabel,Mehetabel_1,Mehetabel,,female,,,BibleData-Person.csv
Mehetabel,Mehetabel_2,Mehetabel,,male,,,BibleData-Person.csv
Mehida,Mehida_1,Mehida,,male,Levi,,BibleData-Person.csv
Mehir,Mehir_1,Mehir,,male,Judah,,BibleData-Person.csv
Mehujael,Mehujael_1,Mehujael,,male,,,BibleData-Person.csv
Mehuman,Mehuman_1,Mehuman,,male,,,BibleData-Person.csv
Melatiah,Melatiah_1,Melatiah,,male,,,BibleData-Person.csv
Melchi,Melchi_1,Melchi,,male,,,BibleData-Person.csv
Melchi,Melchi_2,Melchi,,male,,,BibleData-Person.csv
Melchizedek,Melchizedek_1,Melchizedek,,male,,,BibleData-Person.csv
Melea,Melea_1,Melea,,male,,,BibleData-Person.csv
Melech,Melech_1,Melech,,male,Benjamin,,BibleData-Person.csv
Memucan,Memucan_1,Memucan,,male,,,BibleData-Person.csv
Menachem,Menachem_1,Menachem,,male,,,BibleData-Person.csv
Menna,Menna_1,Menna,,male,,,BibleData-Person.csv
Meonothai,Meonothai_1,Meonothai,,male,Judah,,BibleData-Person.csv
Mephibosheth,Mephibosheth_1,Mephibosheth,,male,Benjamin,,BibleData-Person.csv
Mephibosheth,Mephibosheth_2,Mephibosheth,,male,Benjamin,,BibleData-Person.csv
Merab,Merab_1,Merab,,female,Benjamin,,BibleData-Person.csv
Meraiah,Meraiah_1,Meraiah,,male,Levi,"As ""priests"" (NEH 12:12), descendants of Aaron",BibleData-Person.csv
Meraioth,Meraioth_1,Meraioth,,male,Levi,Aaronic priest through Eleazar,BibleData-Person.csv
Meraioth,Meraioth_2,Meraioth,,male,Levi,Aaronic priest via Phinehas son of Eliezer,BibleData-Person.csv
Meraioth,Meraioth_3,Meraioth,,male,Levi,,BibleData-Person.csv
Merari,Merari_1,Merari,,male,Levi,"from the list of ""sons of Israel"" who ""went to Egypt"" (GEN 46:8-27), the Merarites (NUM 26:57)",BibleData-Person.csv
Mered,Mered_1,Mered,,male,Judah,,BibleData-Person.csv
Meremoth,Meremoth_1,Meremoth,,male,Levi,"made repairs to the wall of Jerusalem (NEH 3:4, NEH 3:21), named on the sealed document of NEH 10:1-27 (NEH 10:5), Aaronic priest (NEH 10:8)",BibleData-Person.csv
Meremoth,Meremoth_2,Meremoth,,male,,,BibleData-Person.csv
Meres,Meres_1,Meres,,male,,,BibleData-Person.csv
Mesha,Mesha_1,Mesha,,male,,,BibleData-Person.csv
Mesha,Mesha_2,Mesha,,male,Judah,,BibleData-Person.csv
Mesha,Mesha_3,Mesha,,male,Benjamin,,BibleData-Person.csv
Meshech,Meshech_1,Meshech,,male,,,BibleData-Person.csv
Meshezabel,Meshezabel_1,Meshezabel,,male,,,BibleData-Person.csv
Meshezabel,Meshezabel_2,Meshezabel,,male,Judah,,BibleData-Person.csv
Meshillemith,Meshillemith_1,Meshillemith,,male,Levi,,BibleData-Person.csv
Meshillemoth,Meshillemoth_1,Meshillemoth,,male,Ephraim,,BibleData-Person.csv
Meshobab,Meshobab_1,Meshobab,,male,Simeon,,BibleData-Person.csv
Meshuallam,Meshuallam_1,Meshuallam,,male,Benjamin,,BibleData-Person.csv
Meshullam,Meshullam_1,Meshullam,,male,,,BibleData-Person.csv
Meshullam,Meshullam_2,Meshullam,,male,Judah,,BibleData-Person.csv
Meshullam,Meshullam_3,Meshullam,,male,Gad,,BibleData-Person.csv
Meshullam,Meshullam_4,Meshullam,,male,Benjamin,,BibleData-Person.csv
Meshullam,Meshullam_5,Meshullam,,male,Benjamin,,BibleData-Person.csv
Meshullam,Meshullam_6,Meshullam,,male,Levi,,BibleData-Person.csv
Meshullam,Meshullam_7,Meshullam,,male,Levi,Kohathite,BibleData-Person.csv
Meshullam,Meshullam_8,Meshullam,,male,Levi,,BibleData-Person.csv
Meshullam,Meshullam_9,Meshullam,,male,,,BibleData-Person.csv
Meshullam,Meshullam_10,Meshullam,,male,,,BibleData-Person.csv
Meshullam,Meshullam_11,Meshullam,,male,,named on the sealed document of NEH 10:1-27 (NEH 10:20),BibleData-Person.csv
Meshullam,Meshullam_12,Meshullam,,male,,,BibleData-Person.csv
Meshullam,Meshullam_13,Meshullam,,male,Levi,"named on the sealed document of NEH 10:1-27 (NEH 10:7), Aaronic priest (NEH 10:8)",BibleData-Person.csv
Meshullam,Meshullam_14,Meshullam,,male,Benjamin,,BibleData-Person.csv
Meshullam,Meshullam_15,Meshullam,,male,Levi,,BibleData-Person.csv
Meshullam,Meshullam_16,Meshullam,,male,Levi,"As ""priests"" (NEH 12:12), descendants of Aaron",BibleData-Person.csv
Meshullemeth,Meshullemeth_1,Meshullemeth,,female,,,BibleData-Person.csv
Methuselah,Methuselah_1,Methuselah,,male,,,BibleData-Person.csv
Methushael,Methushael_1,Methushael,,male,,,BibleData-Person.csv
Meunim,Meunim_1,Meunim,,male,Levi,,BibleData-Person.csv
Mezahab,Mezahab_1,Mezahab,,female,,,BibleData-Person.csv
Mibsam,Mibsam_1,Mibsam,,male,Mibsam,,BibleData-Person.csv
Mibsam,Mibsam_2,Mibsam,,male,Simeon,,BibleData-Person.csv
Mibzar,Mibzar_1,Mibzar,,male,Edomite,,BibleData-Person.csv
Mica,Mica_1,Mica,,male,Benjamin,,BibleData-Person.csv
Mica,Mica_2,Mica,,male,Levi,named on the sealed document of Neh 10:1-27 (NEH 10:11),BibleData-Person.csv
Micah,Micah_1,Micah,,male,,,BibleData-Person.csv
Micah,Micah_2,Micah,,male,Reuben,,BibleData-Person.csv
Micah,Micah_3,Micah,,male,Levi,,BibleData-Person.csv
Micah,Micah_4,Micah,,male,,,BibleData-Person.csv
Micaiah,Micaiah_1,Micaiah,,male,,,BibleData-Person.csv
Micaiah,Micaiah_2,Micaiah,,male,,,BibleData-Person.csv
Micaiah,Micaiah_3,Micaiah,,male,,,BibleData-Person.csv
Micaiah,Micaiah_4,Micaiah,,male,Levi,descendant of Asaph_2,BibleData-Person.csv
Micaiah,Micaiah_5,Micaiah,,male,Levi,"As ""priest"", a descendant of Aaron",BibleData-Person.csv
Micaiah,Micaiah_6,Micaiah,,male,,,BibleData-Person.csv
Michael,Michael_1,Michael,,male,Asher,,BibleData-Person.csv
Michael,Michael_2,Michael,,male,Gad,,BibleData-Person.csv
Michael,Michael_3,Michael,,male,Levi,"Gershonites (Gershomites), from Gershon, son of Levi",BibleData-Person.csv
Michael,Michael_4,Michael,,male,Issachar,,BibleData-Person.csv
Michael,Michael_5,Michael,,male,Benjamin,,BibleData-Person.csv
Michael,Michael_6,Michael,,male,Manasseh,came to David at Ziklag (1CH 12:1),BibleData-Person.csv
Michael,Michael_7,Michael,,male,Judah,,BibleData-Person.csv
Michael,Michael_8,Michael,,male,,,BibleData-Person.csv
Michael,Michael_9,Michael,,male,,angelic being?,BibleData-Person.csv
Michal,Michal_1,Michal,,female,Benjamin,,BibleData-Person.csv
Michri,Michri_1,Michri,,male,Benjamin,,BibleData-Person.csv
Midian,Midian_1,Midian,,male,,,BibleData-Person.csv
Mijamin,Mijamin_1,Mijamin,,male,Levi,"In the line of Ithamar (1CH 24:6, 9)",BibleData-Person.csv
Mijamin,Mijamin_2,Mijamin,,male,,,BibleData-Person.csv
Mijamin,Mijamin_3,Mijamin,,male,Levi,named on the sealed document of NEH 10:1-27 (NEH 10:7),BibleData-Person.csv
Mikloth,Mikloth_1,Mikloth,,male,Benjamin,,BibleData-Person.csv
Mikloth,Mikloth_2,Mikloth,,male,,,BibleData-Person.csv
Mikneiah,Mikneiah_1,Mikneiah,,male,Levi,,BibleData-Person.csv
Milalai,Milalai_1,Milalai,,male,Levi,,BibleData-Person.csv
Milcah,Milcah_1,Milcah,,female,,,BibleData-Person.csv
Milcah,Milcah_2,Milcah,,female,Manasseh,,BibleData-Person.csv
Miniamin,Miniamin_1,Miniamin,,male,Levi,,BibleData-Person.csv
Miniamin,Miniamin_2,Miniamin,,male,Levi,"As ""priests"" (NEH 12:12), descendants of Aaron",BibleData-Person.csv
Miniamin,Miniamin_3,Miniamin,,male,Levi,"As ""priest"", a descendant of Aaron",BibleData-Person.csv
Miriam,Miriam_1,Miriam,,female,Levi,,BibleData-Person.csv
Miriam,Miriam_2,Miriam,,female,Judah,,BibleData-Person.csv
Mirmah,Mirmah_1,Mirmah,,male,Benjamin,,BibleData-Person.csv
Mishael,Mishael_1,Mishael,,male,Levi,,BibleData-Person.csv
Mishael,Mishael_2,Mishael,,male,Levi,*assumed Levite given this event,BibleData-Person.csv
Mishael,Mishael_3,Mishael,,male,,possibly the same as Mishael_2? (NEH 8:4),BibleData-Person.csv
Misham,Misham_1,Misham,,male,Benjamin,,BibleData-Person.csv
Mishma,Mishma_1,Mishma,,male,Mishma,,BibleData-Person.csv
Mishma,Mishma_2,Mishma,,male,Simeon,,BibleData-Person.csv
Mishmannah,Mishmannah_1,Mishmannah,,male,Gad,came to David at Ziklag (1CH 12:1),BibleData-Person.csv
Mispar,Mispar_1,Mispar,,male,,,BibleData-Person.csv
Mithredath,Mithredath_1,Mithredath,,male,,,BibleData-Person.csv
Mithredath,Mithredath_2,Mithredath,,male,,,BibleData-Person.csv
Mizraim,Mizraim_1,Mizraim,,male,,,BibleData-Person.csv
Mizzah,Mizzah_1,Mizzah,,male,Edomite,,BibleData-Person.csv
Mnason,Mnason_1,Mnason,,male,,,BibleData-Person.csv
Moab,Moab_1,Moab,,male,Moabite,,BibleData-Person.csv
Moadiah,Moadiah_1,Moadiah,,male,Levi,"As ""priests"" (NEH 12:12), descendants of Aaron",BibleData-Person.csv
Molid,Molid_1,Molid,,male,Judah,,BibleData-Person.csv
Mordecai,Mordecai_1,Mordecai,,male,,,BibleData-Person.csv
Mordecai,Mordecai_2,Mordecai,,male,,,BibleData-Person.csv
Moses,Moses_1,Moses,,male,Levi,,BibleData-Person.csv
Moza,Moza_1,Moza,,male,Judah,,BibleData-Person.csv
Moza,Moza_2,Moza,,male,Benjamin,,BibleData-Person.csv
Muppim,Muppim_1,Muppim,,male,Benjamin,"from the list of ""sons of Israel"" who ""went to Egypt"" (GEN 46:8-27), the Shuphamites (NUM 26:39) [Muppim is also called Shephupham]",BibleData-Person.csv
Mushi,Mushi_1,Mushi,,male,Levi,the Mushites (NUM 26:58),BibleData-Person.csv
Naam,Naam_1,Naam,,male,Judah,,BibleData-Person.csv
Naamah,Naamah_1,Naamah,,female,,,BibleData-Person.csv
Naamah,Naamah_2,Naamah,,female,Ammonite,,BibleData-Person.csv
Naaman,Naaman_1,Naaman,,male,Benjamin,"from the list of ""sons of Israel"" who ""went to Egypt"" (GEN 46:8-27)",BibleData-Person.csv
Naaman,Naaman_2,Naaman,,male,,,BibleData-Person.csv
Naaman,Naaman_3,Naaman,,male,Benjamin,,BibleData-Person.csv
Naarah,Naarah_1,Naarah,,female,,,BibleData-Person.csv
Nabal,Nabal_1,Nabal,,male,Judah,,BibleData-Person.csv
Naboth,Naboth_1,Naboth,,male,,,BibleData-Person.csv
Nadab,Nadab_1,Nadab,,male,Levi,,BibleData-Person.csv
Nadab,Nadab_2,Nadab,,male,Ephraim,,BibleData-Person.csv
Nadab,Nadab_3,Nadab,,male,Judah,,BibleData-Person.csv
Nadab,Nadab_4,Nadab,,male,Benjamin,,BibleData-Person.csv
Naggai,Naggai_1,Naggai,,male,,,BibleData-Person.csv
Naham,Naham_1,Naham,,male,Judah,,BibleData-Person.csv
Nahamani,Nahamani_1,Nahamani,,male,,,BibleData-Person.csv
Naharai,Naharai_1,Naharai,,male,,,BibleData-Person.csv
Nahash,Nahash_1,Nahash,,male,Ammonite,,BibleData-Person.csv
Nahash,Nahash_2,Nahash,,female,,,BibleData-Person.csv
Nahath,Nahath_1,Nahath,,male,Edomite,,BibleData-Person.csv
Nahath,Nahath_2,Nahath,,male,Levi,,BibleData-Person.csv
Nahbi,Nahbi_1,Nahbi,,male,Naphtali,1 of 12 spies- from Naphtali,BibleData-Person.csv
Nahor,Nahor_1,Nahor,,male,,,BibleData-Person.csv
Nahor,Nahor_2,Nahor,,male,,,BibleData-Person.csv
Nahshon,Nahshon_1,Nahshon,,male,Judah,leader of Judah during the Exodus (NUM 1:7),BibleData-Person.csv
Nahum,Nahum_1,Nahum,,male,,,BibleData-Person.csv
Nahum,Nahum_2,Nahum,,male,,,BibleData-Person.csv
Naomi,Naomi_1,Naomi,,female,,,BibleData-Person.csv
Naphish,Naphish_1,Naphish,,male,Naphish,,BibleData-Person.csv
Naphtali,Naphtali_1,Naphtali,,male,Naphtali,,BibleData-Person.csv
Naphtuh,Naphtuh_1,Naphtuh,,male,,,BibleData-Person.csv
Narcissus,Narcissus_1,Narcissus,,male,,,BibleData-Person.csv
Nathan,Nathan_1,Nathan,,male,Judah,,BibleData-Person.csv
Nathan,Nathan_2,Nathan,,male,,,BibleData-Person.csv
Nathan,Nathan_3,Nathan,,male,,,BibleData-Person.csv
Nathan,Nathan_4,Nathan,,male,,,BibleData-Person.csv
Nathan,Nathan_5,Nathan,,male,Levi,,BibleData-Person.csv
Nathan,Nathan_6,Nathan,,male,Judah,,BibleData-Person.csv
Nathan,Nathan_7,Nathan,,male,Levi,,BibleData-Person.csv
Nathan,Nathan_8,Nathan,,male,,,BibleData-Person.csv
Nathan-melech,Nathan-melech_1,Nathan-melech,,male,,,BibleData-Person.csv
Neariah,Neariah_1,Neariah,,male,Judah,,BibleData-Person.csv
Neariah,Neariah_2,Neariah,,male,Simeon,,BibleData-Person.csv
Nebai,Nebai_1,Nebai,,male,,named on the sealed document of NEH 10:1-27 (NEH 10:19),BibleData-Person.csv
Nebaioth,Nebaioth_1,Nebaioth,,male,Nebaioth,,BibleData-Person.csv
Nebat,Nebat_1,Nebat,,male,Ephraim,,BibleData-Person.csv
Nebo,Nebo_1,Nebo,,male,,,BibleData-Person.csv
Nebuchadnezzar,Nebuchadnezzar_1,Nebuchadnezzar,,male,,,BibleData-Person.csv
Nebushazban,Nebushazban_1,Nebushazban,,male,,,BibleData-Person.csv
Nebuzaradan,Nebuzaradan_1,Nebuzaradan,,male,,,BibleData-Person.csv
Neco,Pharaoh Neco_1,Pharaoh Neco,,male,,,BibleData-Person.csv
Nedabiah,Nedabiah_1,Nedabiah,,male,Judah,,BibleData-Person.csv
Nehemiah,Nehemiah_1,Nehemiah,,male,,cup-bearer to King Artaxerxes (NEH 2:1),BibleData-Person.csv
Nehemiah,Nehemiah_2,Nehemiah,,male,,,BibleData-Person.csv
Nehushta,Nehushta_1,Nehushta,,female,,,BibleData-Person.csv
Nekoda,Nekoda_1,Nekoda,,male,Levi,,BibleData-Person.csv
Nemuel,Nemuel_1,Nemuel,,male,Reuben,the Nemuelites (NUM 25:12),BibleData-Person.csv
Nepheg,Nepheg_1,Nepheg,,male,Levi,,BibleData-Person.csv
Nepheg,Nepheg_2,Nepheg,,male,Judah,,BibleData-Person.csv
Nephisim,Nephisim_1,Nephisim,,male,Levi,,BibleData-Person.csv
Ner,Ner_1,Ner,,male,Benjamin,,BibleData-Person.csv
Nereus,Nereus_1,Nereus,,male,,,BibleData-Person.csv
Nergal-sar-ezer,Nergal-sar-ezer_1,Nergal-sar-ezer,,male,,,BibleData-Person.csv
Nergal-sar-ezer,Nergal-sar-ezer_2,Nergal-sar-ezer,,male,,,BibleData-Person.csv
Neri,Neri_1,Neri,,male,,,BibleData-Person.csv
Neriah,Neriah_1,Neriah,,male,,,BibleData-Person.csv
Netanel,Netanel_1,Netanel,,male,Levi,,BibleData-Person.csv
Nethanel,Nethanel_1,Nethanel,,male,Issachar,leader of Issachar during the Exodus (NUM 1:8),BibleData-Person.csv
Nethanel,Nethanel_2,Nethanel,,male,Judah,,BibleData-Person.csv
Nethanel,Nethanel_3,Nethanel,,male,Levi,,BibleData-Person.csv
Nethanel,Nethanel_4,Nethanel,,male,Levi,,BibleData-Person.csv
Nethanel,Nethanel_5,Nethanel,,male,Levi,,BibleData-Person.csv
Nethanel,Nethanel_6,Nethanel,,male,,,BibleData-Person.csv
Nethanel,Nethanel_7,Nethanel,,male,Levi,"As ""priests"" (NEH 12:12), descendants of Aaron",BibleData-Person.csv
Nethaniah,Nethaniah_1,Nethaniah,,male,,,BibleData-Person.csv
Nethaniah,Nethaniah_2,Nethaniah,,male,Levi,"set apart to prophesy with lyres, harps, and cymbals (1CH 25:1), fifth chosen of the singers (1CH 25:12)",BibleData-Person.csv
Nethaniah,Nethaniah_3,Nethaniah,,male,Levi,,BibleData-Person.csv
Nethaniah,Nethaniah_4,Nethaniah,,male,,,BibleData-Person.csv
Neziah,Neziah_1,Neziah,,male,Levi,,BibleData-Person.csv
Nicanor,Nicanor_1,Nicanor,,male,,,BibleData-Person.csv
Nicodemus,Nicodemus_1,Nicodemus,,male,,,BibleData-Person.csv
Nicolas,Nicolas_1,Nicolas,,male,,a proselyte from Antioch (ACT 6:5),BibleData-Person.csv
Nimrod,Nimrod_1,Nimrod,,male,,,BibleData-Person.csv
Nimshi,Nimshi_1,Nimshi,,male,,,BibleData-Person.csv
Noadiah,Noadiah_1,Noadiah,,male,Levi,,BibleData-Person.csv
Noadiah,Noadiah_2,Noadiah,,female,,,BibleData-Person.csv
Noah,Noah_1,Noah,,male,,,BibleData-Person.csv
Noah,Noah_2,Noah,,female,Manasseh,,BibleData-Person.csv
Nobah,Nobah_1,Nobah,,male,,,BibleData-Person.csv
Nogah,Nogah_1,Nogah,,male,Judah,,BibleData-Person.csv
Nohah,Nohah_1,Nohah,,male,Benjamin,,BibleData-Person.csv
Nun,Nun_1,Nun,,male,Ephraim,,BibleData-Person.csv
Nympha,Nympha_1,Nympha,,female,,possibly Nymphas (masculine) ,BibleData-Person.csv
Obadiah,Obadiah_1,Obadiah,,male,,,BibleData-Person.csv
Obadiah,Obadiah_2,Obadiah,,male,Judah,,BibleData-Person.csv
Obadiah,Obadiah_3,Obadiah,,male,Issachar,,BibleData-Person.csv
Obadiah,Obadiah_4,Obadiah,,male,Benjamin,,BibleData-Person.csv
Obadiah,Obadiah_5,Obadiah,,male,Levi,,BibleData-Person.csv
Obadiah,Obadiah_6,Obadiah,,male,Gad,came to David at Ziklag (1CH 12:1),BibleData-Person.csv
Obadiah,Obadiah_7,Obadiah,,male,Zebulun,,BibleData-Person.csv
Obadiah,Obadiah_8,Obadiah,,male,Levi,"Merarites (from Merari, son of Levi)",BibleData-Person.csv
Obadiah,Obadiah_9,Obadiah,,male,,,BibleData-Person.csv
Obadiah,Obadiah_10,Obadiah,,male,Levi,named on the sealed document of NEH 10:1-27 (NEH 10:5),BibleData-Person.csv
Obadiah,Obadiah_11,Obadiah,,male,Levi,,BibleData-Person.csv
Obadiah,Obadiah_12,Obadiah,,male,,,BibleData-Person.csv
Obal,Obal_1,Obal,,male,,,BibleData-Person.csv
Obed,Obed_1,Obed,,male,Judah,,BibleData-Person.csv
Obed,Obed_2,Obed,,male,Judah,,BibleData-Person.csv
Obed,Obed_3,Obed,,male,,,BibleData-Person.csv
Obed,Obed_4,Obed,,male,Levi,,BibleData-Person.csv
Obed,Obed_5,Obed,,male,,,BibleData-Person.csv
Obed-edom,Obed-edom_1,Obed-edom,,male,,,BibleData-Person.csv
Obed-edom,Obed-edom_2,Obed-edom,,male,Levi,,BibleData-Person.csv
Obil,Obil_1,Obil,,male,Ishmael,,BibleData-Person.csv
Ochran,Ochran_1,Ochran,,male,Asher,,BibleData-Person.csv
Oded,Oded_1,Oded,,male,,,BibleData-Person.csv
Og,Og_1,Og,,male,,during the time of the Exodus,BibleData-Person.csv
Ohad,Ohad_1,Ohad,,male,Simeon,"from the list of ""sons of Israel"" who ""went to Egypt"" (GEN 46:8-27)",BibleData-Person.csv
Ohel,Ohel_1,Ohel,,male,Judah,,BibleData-Person.csv
Oholiab,Oholiab_1,Oholiab,,male,Dan,craftsman who built the tabernacle,BibleData-Person.csv
Oholibamah,Oholibamah_1,Oholibamah,,male,Edomite,,BibleData-Person.csv
Olympas,Olympas_1,Olympas,,male,,,BibleData-Person.csv
Omar,Omar_1,Omar,,male,Edomite,,BibleData-Person.csv
Omri,Omri_1,Omri,,male,,"he ""did evil in the sight of the LORD, and acted more wickedly than all who were before him"" (1KI 16:25)",BibleData-Person.csv
Omri,Omri_2,Omri,,male,Benjamin,,BibleData-Person.csv
Omri,Omri_3,Omri,,male,Judah,,BibleData-Person.csv
Omri,Omri_4,Omri,,male,Issachar,,BibleData-Person.csv
On,On_1,On,,male,Reuben,,BibleData-Person.csv
Onam,Onam_1,Onam,,male,Edomite,,BibleData-Person.csv
Onam,Onam_2,Onam,,male,Judah,,BibleData-Person.csv
Onan,Onan_1,Onan,,male,Judah,,BibleData-Person.csv
Onesimus,Onesimus_1,Onesimus,,male,,Paul sent him back to Philemon (PHM 1:10),BibleData-Person.csv
Onesiphorus,Onesiphorus_1,Onesiphorus,,male,,,BibleData-Person.csv
Ophir,Ophir_1,Ophir,,male,,,BibleData-Person.csv
Ophrah,Ophrah_1,Ophrah,,male,Judah,,BibleData-Person.csv
Oreb,Oreb_1,Oreb,,male,,leader of Midian against Gideon,BibleData-Person.csv
Oren,Oren_1,Oren,,male,Judah,,BibleData-Person.csv
Orpah,Orpah_1,Orpah,,female,,,BibleData-Person.csv
Osnappar,Osnappar_1,Osnappar,,male,,,BibleData-Person.csv
Othni,Othni_1,Othni,,male,Levi,,BibleData-Person.csv
Othniel,Othniel_1,Othniel,,male,Judah,judge of Israel,BibleData-Person.csv
Ozem,Ozem_1,Ozem,,male,Judah,,BibleData-Person.csv
Ozem,Ozem_2,Ozem,,male,Judah,,BibleData-Person.csv
Paarai,Paarai_1,Paarai,,male,,,BibleData-Person.csv
Padon,Padon_1,Padon,,male,Levi,,BibleData-Person.csv
Pagiel,Pagiel_1,Pagiel,,male,Asher,leader of Asher during the Exodus (NUM 1:13),BibleData-Person.csv
Pahath-moab,Pahath-moab_1,Pahath-moab,,male,,named on the sealed document of NEH 10:1-27 (NEH 10:14),BibleData-Person.csv
Palal,Palal_1,Palal,,male,,,BibleData-Person.csv
Pallu,Pallu_1,Pallu,,male,Reuben,"from the list of ""sons of Israel"" who ""went to Egypt"" (GEN 46:8-27), the Palluites (NUM 26:5)",BibleData-Person.csv
Palti,Palti_1,Palti,,male,Benjamin,1 of 12 spies- from Benjamin,BibleData-Person.csv
Palti,Palti_2,Palti,,male,,,BibleData-Person.csv
Paltiel,Paltiel_1,Paltiel,,male,Issachar,leader of Issachar apportioning the Land (NUM 34:26),BibleData-Person.csv
Parmashta,Parmashta_1,Parmashta,,male,,,BibleData-Person.csv
Parmenas,Parmenas_1,Parmenas,,male,,,BibleData-Person.csv
Parnach,Parnach_1,Parnach,,male,Zebulun,,BibleData-Person.csv
Parosh,Parosh_1,Parosh,,male,,,BibleData-Person.csv
Parosh,Parosh_2,Parosh,,male,,named on the sealed document of NEH 10:1-27 (NEH 10:14),BibleData-Person.csv
Parshandatha,Parshandatha_1,Parshandatha,,male,,,BibleData-Person.csv
Paruah,Paruah_1,Paruah,,male,,,BibleData-Person.csv
Pasach,Pasach_1,Pasach,,male,Asher,,BibleData-Person.csv
Paseah,Paseah_1,Paseah,,male,Judah,,BibleData-Person.csv
Paseah,Paseah_2,Paseah,,male,Levi,,BibleData-Person.csv
Paseah,Paseah_3,Paseah,,male,,,BibleData-Person.csv
Pashhur,Pashhur_1,Pashhur,,male,Levi,named on the sealed document of Neh 10:1-27 (NEH 10:3),BibleData-Person.csv
Pashhur,Pashhur_2,Pashhur,,male,,,BibleData-Person.csv
Pashhur,Pashhur_3,Pashhur,,male,,,BibleData-Person.csv
Pashhur,Pashhur_4,Pashhur,,male,,,BibleData-Person.csv
Pathrus,Pathrus_1,Pathrus,,male,,,BibleData-Person.csv
Patrobas,Patrobas_1,Patrobas,,male,,,BibleData-Person.csv
Pedahel,Pedahel_1,Pedahel,,male,Naphtali,leader of Naphtali apportioning the Land (NUM 34:28),BibleData-Person.csv
Pedahzur,Pedahzur_1,Pedahzur,,male,Manasseh,,BibleData-Person.csv
Pedaiah,Pedaiah_1,Pedaiah,,male,,,BibleData-Person.csv
Pedaiah,Pedaiah_2,Pedaiah,,male,Judah,,BibleData-Person.csv
Pedaiah,Pedaiah_3,Pedaiah,,male,Manasseh,,BibleData-Person.csv
Pedaiah,Pedaiah_4,Pedaiah,,male,,,BibleData-Person.csv
Pedaiah,Pedaiah_5,Pedaiah,,male,Levi,*assumed Levite given this event,BibleData-Person.csv
Pedaiah,Pedaiah_6,Pedaiah,,male,Benjamin,,BibleData-Person.csv
Pekah,Pekah_1,Pekah,,male,,,BibleData-Person.csv
Pekahiah,Pekahiah_1,Pekahiah,,male,,,BibleData-Person.csv
Pelaiah,Pelaiah_1,Pelaiah,,male,Judah,,BibleData-Person.csv
Pelaiah,Pelaiah_2,Pelaiah,,male,Levi,named on the sealed document of NEH 10:1-27 (NEH 10:10),BibleData-Person.csv
Pelaliah,Pelaliah_1,Pelaliah,,male,Levi,,BibleData-Person.csv
Pelatiah,Pelatiah_1,Pelatiah,,male,Judah,,BibleData-Person.csv
Pelatiah,Pelatiah_2,Pelatiah,,male,Simeon,,BibleData-Person.csv
Pelatiah,Pelatiah_3,Pelatiah,,male,,named on the sealed document of NEH 10:1-27 (NEH 10:22),BibleData-Person.csv
Pelatiah,Pelatiah_4,Pelatiah,,male,,,BibleData-Person.csv
Peleg,Peleg_1,Peleg,,male,,,BibleData-Person.csv
Pelet,Pelet_1,Pelet,,male,Judah,,BibleData-Person.csv
Pelet,Pelet_2,Pelet,,male,Benjamin,came to David at Ziklag (1CH 12:1),BibleData-Person.csv
Peleth,Peleth_1,Peleth,,male,Reuben,,BibleData-Person.csv
Peleth,Peleth_2,Peleth,,male,Judah,,BibleData-Person.csv
Peninnah,Peninnah_1,Peninnah,,female,,,BibleData-Person.csv
Penuel,Penuel_1,Penuel,,male,Judah,,BibleData-Person.csv
Penuel,Penuel_2,Penuel,,male,Benjamin,,BibleData-Person.csv
Peresh,Peresh_1,Peresh,,male,Manasseh,,BibleData-Person.csv
Perez,Perez_1,Perez,,male,Judah,the Perezites (NUM 26:20),BibleData-Person.csv
Persis,Persis_1,Persis,,female,,,BibleData-Person.csv
Peruda,Peruda_1,Peruda,,male,,,BibleData-Person.csv
Pethahiah,Pethahiah_1,Pethahiah,,male,Levi,"In the line of Eleazar (1CH 24:6, 16)",BibleData-Person.csv
Pethahiah,Pethahiah_2,Pethahiah,,male,Levi,,BibleData-Person.csv
Pethahiah,Pethahiah_3,Pethahiah,,male,Levi,,BibleData-Person.csv
Pethahiah,Pethahiah_4,Pethahiah,,male,Judah,,BibleData-Person.csv
Pethuel,Pethuel_1,Pethuel,,male,,,BibleData-Person.csv
Peullethai,Peullethai_1,Peullethai,,male,Levi,,BibleData-Person.csv
Phanuel,Phanuel_1,Phanuel,,male,Asher,,BibleData-Person.csv
Phicol,Phicol_1,Phicol,,male,,,BibleData-Person.csv
Philemon,Philemon_1,Philemon,,male,,the audience of Paul's letter to Philemon,BibleData-Person.csv
Philetus,Philetus_1,Philetus,,male,,,BibleData-Person.csv
Philip,Philip_1,Philip,,male,,"one of the Twelve (MAT 10:2), from the city of Bethsaida (JHN 1:44) of Galilee (JHN 12:21)",BibleData-Person.csv
Philip,Philip_2,Philip,,male,Edom,Philip the Tetrarch of Iturea and Trachonitis,BibleData-Person.csv
Philip,Philip_3,Philip,,male,,"called ""the evangelist"" in ACTS 21:8",BibleData-Person.csv
Philologus,Philologus_1,Philologus,,male,,,BibleData-Person.csv
Phinehas,Phinehas_1,Phinehas,,male,Levi,High Priest,BibleData-Person.csv
Phinehas,Phinehas_2,Phinehas,,male,Levi,,BibleData-Person.csv
Phlegon,Phlegon_1,Phlegon,,male,,,BibleData-Person.csv
Phoebe,Phoebe_1,Phoebe,,female,,,BibleData-Person.csv
Phygelus,Phygelus_1,Phygelus,,male,,,BibleData-Person.csv
Pilate,Pilate_1,Pilate,,male,,fifth governor of Judea under Tiberius,BibleData-Person.csv
Pildash,Pildash_1,Pildash,,male,,,BibleData-Person.csv
Pilha,Pilha_1,Pilha,,male,,named on the sealed document of NEH 10:1-27 (NEH 10:24),BibleData-Person.csv
Piltai,Piltai_1,Piltai,,male,Levi,"As ""priests"" (NEH 12:12), descendants of Aaron",BibleData-Person.csv
Pinon,Pinon_1,Pinon,,male,Edomite,,BibleData-Person.csv
Piram,Piram_1,Piram,,male,,King of Jarmuth,BibleData-Person.csv
Pispa,Pispa_1,Pispa,,male,Asher,,BibleData-Person.csv
Pithon,Pithon_1,Pithon,,male,Benjamin,,BibleData-Person.csv
Pochereth-hazzebaim,Pochereth-hazzebaim_1,Pochereth-hazzebaim,,male,,,BibleData-Person.csv
Poratha,Poratha_1,Poratha,,male,,,BibleData-Person.csv
Porcius,Porcius_1,Porcius,Festus,male,,,BibleData-Person.csv
Potiphar,Potiphar_1,Potiphar,,male,,,BibleData-Person.csv
Potiphera,Potiphera_1,Potiphera,,male,,,BibleData-Person.csv
Priscilla,Priscilla_1,Priscilla,,female,,,BibleData-Person.csv
Prochorus,Prochorus_1,Prochorus,,male,,,BibleData-Person.csv
Puah,Puah_1,Puah,,female,,,BibleData-Person.csv
Puah,Puah_2,Puah,,male,Issachar,,BibleData-Person.csv
Publius,Publius_1,Publius,,male,,,BibleData-Person.csv
Pudens,Pudens_1,Pudens,,male,,,BibleData-Person.csv
Pul,Pul_1,Pul,,male,,,BibleData-Person.csv
Purah,Purah_1,Purah,,male,,,BibleData-Person.csv
Put,Put_1,Put,,male,,,BibleData-Person.csv
Putiel,Putiel_1,Putiel,,male,,,BibleData-Person.csv
Puvvah,Puvvah_1,Puvvah,,male,Issachar,"from the list of ""sons of Israel"" who ""went to Egypt"" (GEN 46:8-27), the Punites (NUM 26:23)",BibleData-Person.csv
Pyrrhus,Pyrrhus_1,Pyrrhus,,male,,,BibleData-Person.csv
Quartus,Quartus_1,Quartus,,male,,,BibleData-Person.csv
Quirinius,Quirinius_1,Quirinius,,male,,,BibleData-Person.csv
Raamah,Raamah_1,Raamah,,male,,,BibleData-Person.csv
Rab-saris,Rab-saris_1,Rab-saris,,male,,,BibleData-Person.csv
Rabshakeh,Rabshakeh_1,Rabshakeh,,male,,,BibleData-Person.csv
Rachel,Rachel_1,Rachel,,female,,,BibleData-Person.csv
Raddai,Raddai_1,Raddai,,male,Judah,,BibleData-Person.csv
Rahab,Rahab_1,Rahab,,female,,,BibleData-Person.csv
Raham,Raham_1,Raham,,male,Judah,,BibleData-Person.csv
Rakem,Rakem_1,Rakem,,male,Manasseh,,BibleData-Person.csv
Ram,Ram_1,Ram,,male,Judah,,BibleData-Person.csv
Ram,Ram_2,Ram,,male,Judah,,BibleData-Person.csv
Ram,Ram_3,Ram,,male,,,BibleData-Person.csv
Ramiah,Ramiah_1,Ramiah,,male,,,BibleData-Person.csv
Raphah,Raphah_1,Raphah,,male,,"some translations have ""the giant"" instead of ""Raphah""",BibleData-Person.csv
Raphah,Raphah_2,Raphah,,male,Benjamin,,BibleData-Person.csv
Raphu,Raphu_1,Raphu,,male,Benjamin,,BibleData-Person.csv
Reaiah,Reaiah_1,Reaiah,,male,Judah,Possibly the same person as Haroeh_1?,BibleData-Person.csv
Reaiah,Reaiah_2,Reaiah,,male,Reuben,,BibleData-Person.csv
Reaiah,Reaiah_3,Reaiah,,male,Levi,,BibleData-Person.csv
Reba,Reba_1,Reba,,male,,,BibleData-Person.csv
Rebekah,Rebekah_1,Rebekah,,female,,,BibleData-Person.csv
Rechab,Rechab_1,Rechab,,male,,,BibleData-Person.csv
Rechab,Rechab_2,Rechab,,male,,Rechabite clan,BibleData-Person.csv
Rechab,Rechab_3,Rechab,,male,,,BibleData-Person.csv
Reelaiah,Reelaiah_1,Reelaiah,,male,,,BibleData-Person.csv
Regem,Regem_1,Regem,,male,Judah,,BibleData-Person.csv
Regemmelech,Regemmelech_1,Regemmelech,,male,,,BibleData-Person.csv
Rehabiah,Rehabiah_1,Rehabiah,,male,Levi,,BibleData-Person.csv
Rehob,Rehob_1,Rehob,,male,,,BibleData-Person.csv
Rehob,Rehob_2,Rehob,,male,Levi,named on the sealed document of NEH 10:1-27 (NEH 10:11),BibleData-Person.csv
Rehoboam,Rehoboam_1,Rehoboam,,male,Judah,,BibleData-Person.csv
Rehum,Rehum_1,Rehum,,male,,,BibleData-Person.csv
Rehum,Rehum_2,Rehum,,male,,,BibleData-Person.csv
Rehum,Rehum_3,Rehum,,male,,named on the sealed document of NEH 10:1-27 (NEH 10:25),BibleData-Person.csv
Rehum,Rehum_4,Rehum,,male,Levi,"as ""priest"", a descendant of Aaron ",BibleData-Person.csv
Rei,Rei_1,Rei,,male,,,BibleData-Person.csv
Rekem,Rekem_1,Rekem,,male,,,BibleData-Person.csv
Rekem,Rekem_2,Rekem,,male,Judah,,BibleData-Person.csv
Remaliah,Remaliah_1,Remaliah,,male,,,BibleData-Person.csv
Rephael,Rephael_1,Rephael,,male,Levi,,BibleData-Person.csv
Rephah,Rephah_1,Rephah,,male,Ephraim,,BibleData-Person.csv
Rephaiah,Rephaiah_1,Rephaiah,,male,Judah,,BibleData-Person.csv
Rephaiah,Rephaiah_2,Rephaiah,,male,Simeon,,BibleData-Person.csv
Rephaiah,Rephaiah_3,Rephaiah,,male,Issachar,,BibleData-Person.csv
Rephaiah,Rephaiah_4,Rephaiah,,male,,,BibleData-Person.csv
Resheph,Resheph_1,Resheph,,male,Ephraim,,BibleData-Person.csv
Reu,Reu_1,Reu,,male,,,BibleData-Person.csv
Reuben,Reuben_1,Reuben,,male,Reuben,,BibleData-Person.csv
Reuel,Reuel_1,Reuel,,male,Edomite,,BibleData-Person.csv
Reuel,Reuel_2,Reuel,,male,,Reuel was a Kenite (JDG 1:16),BibleData-Person.csv
Reuel,Reuel_3,Reuel,,male,Benjamin,,BibleData-Person.csv
Reuel,Reuel_4,Reuel,,male,,** This name is not present in the BHS Hebrew text but is present in Rahlfs Septuaginta,BibleData-Person.csv
Reumah,Reumah_1,Reumah,,female,,,BibleData-Person.csv
Rezin,Rezin_1,Rezin,,male,,,BibleData-Person.csv
Rezin,Rezin_2,Rezin,,male,Levi,,BibleData-Person.csv
Rezon,Rezon_1,Rezon,,male,,,BibleData-Person.csv
Rhesa,Rhesa_1,Rhesa,,male,,,BibleData-Person.csv
Rhoda,Rhoda_1,Rhoda,,female,,,BibleData-Person.csv
Ribai,Ribai_1,Ribai,,male,Benjamin,,BibleData-Person.csv
Rimmon,Rimmon_1,Rimmon,,male,,,BibleData-Person.csv
Rinnah,Rinnah_1,Rinnah,,male,Judah,,BibleData-Person.csv
Riphath,Riphath_1,Riphath,,male,,,BibleData-Person.csv
Rizia,Rizia_1,Rizia,,male,Asher,,BibleData-Person.csv
Rizpah,Rizpah_1,Rizpah,,female,,,BibleData-Person.csv
Rohgah,Rohgah_1,Rohgah,,male,Asher,,BibleData-Person.csv
Rokeim,Rokeim_1,Rokeim,,male,,** This name is not present in the BHS Hebrew text but is present in Rahlfs Septuaginta,BibleData-Person.csv
Romamti-ezer,Romamti-ezer_1,Romamti-ezer,,male,Levi,"set apart to prophesy with lyres, harps, and cymbals (1CH 25:1), twenty-fourth chosen of the singers (1CH 25:31)",BibleData-Person.csv
Rosh,Rosh_1,Rosh,,male,Benjamin,"from the list of ""sons of Israel"" who ""went to Egypt"" (GEN 46:8-27)",BibleData-Person.csv
Rufus,Rufus_1,Rufus,,male,,,BibleData-Person.csv
Ruth,Ruth_1,Ruth,,female,,,BibleData-Person.csv
Sabtah,Sabtah_1,Sabtah,,male,,,BibleData-Person.csv
Sabteca,Sabteca_1,Sabteca,,male,,,BibleData-Person.csv
Sacar,Sacar_1,Sacar,,male,Levi,,BibleData-Person.csv
Sachia,Sachia_1,Sachia,,male,Benjamin,,BibleData-Person.csv
Sallai,Sallai_1,Sallai,,male,Benjamin,Lived in Jerusalem (NEH 11:4),BibleData-Person.csv
Sallai,Sallai_2,Sallai,,male,Levi,"As ""priests"" (NEH 12:12), descendants of Aaron",BibleData-Person.csv
Sallu,Sallu_1,Sallu,,male,Benjamin,,BibleData-Person.csv
Sallu,Sallu_2,Sallu,,male,Benjamin,Lived in Jerusalem (NEH 11:4),BibleData-Person.csv
Sallu,Sallu_3,Sallu,,male,Levi,"as ""priest"", a descendant of Aaron ",BibleData-Person.csv
Salma,Salma_1,Salma,,male,Judah,,BibleData-Person.csv
Salmon,Salmon_1,Salmon,,male,Judah,,BibleData-Person.csv
Salome,Salome_1,Salome,,female,,,BibleData-Person.csv
Salu,Salu_1,Salu,,male,Simeon,,BibleData-Person.csv
Samgar-nebu,Samgar-nebu_1,Samgar-nebu,,male,,,BibleData-Person.csv
Samlah,Samlah_1,Samlah,,male,Edomite,,BibleData-Person.csv
Samson,Samson_1,Samson,,male,Dan,judge of Israel,BibleData-Person.csv
Samuel,Samuel_1,Samuel,,male,Simeon,leader of Simeon apportioning the Land (NUM 34:20),BibleData-Person.csv
Samuel,Samuel_2,Samuel,,male,Levi,,BibleData-Person.csv
Samuel,Samuel_3,Samuel,,male,Issachar,,BibleData-Person.csv
Sanballat,Sanballat_1,Sanballat,,male,,,BibleData-Person.csv
Saph,Saph_1,Saph,,male,,,BibleData-Person.csv
Sapphira,Sapphira_1,Sapphira,,female,,,BibleData-Person.csv
Sar-sekim,Sar-sekim_1,Sar-sekim,,male,,,BibleData-Person.csv
Sarai,Sarai_1,Sarai,,female,,,BibleData-Person.csv
Saraph,Saraph_1,Saraph,,male,Judah,,BibleData-Person.csv
Sargon,Sargon_1,Sargon,,male,,,BibleData-Person.csv
Saul,Saul_1,Saul,,male,Benjamin,,BibleData-Person.csv
Saul,Saul_2,Saul,,male,,from Tarsus (ACT 9:11),BibleData-Person.csv
Sceva,Sceva_1,Sceva,,male,,his sons attempted to exorcise demons in Messiah's name,BibleData-Person.csv
Seba,Seba_1,Seba,,male,,,BibleData-Person.csv
Secundus,Secundus_1,Secundus,,male,,,BibleData-Person.csv
Segub,Segub_1,Segub,,male,,,BibleData-Person.csv
Segub,Segub_2,Segub,,male,Judah,,BibleData-Person.csv
Seir,Seir_1,Seir,,male,,,BibleData-Person.csv
Seled,Seled_1,Seled,,male,Judah,,BibleData-Person.csv
Semachiah,Semachiah_1,Semachiah,,male,Levi,,BibleData-Person.csv
Semein,Semein_1,Semein,,male,,,BibleData-Person.csv
Senaah,Senaah_1,Senaah,,male,,,BibleData-Person.csv
Sennacherib,Sennacherib_1,Sennacherib,,male,,,BibleData-Person.csv
Seorim,Seorim_1,Seorim,,male,Levi,"In the line of Ithamar (1CH 24:6, 8)",BibleData-Person.csv
Sephatiah,Sephatiah_1,Sephatiah,,male,Judah,,BibleData-Person.csv
Serah,Serah_1,Serah,,female,Asher,"from the list of ""sons of Israel"" who ""went to Egypt"" (GEN 46:8-27)",BibleData-Person.csv
Seraiah,Seraiah_1,Seraiah,,male,,,BibleData-Person.csv
Seraiah,Seraiah_2,Seraiah,,male,Levi,Aaronic priest in the line of Eleazar (full lineage in 1CH 6:14),BibleData-Person.csv
Seraiah,Seraiah_3,Seraiah,,male,,,BibleData-Person.csv
Seraiah,Seraiah_4,Seraiah,,male,Judah,,BibleData-Person.csv
Seraiah,Seraiah_5,Seraiah,,male,Simeon,,BibleData-Person.csv
Seraiah,Seraiah_6,Seraiah,,male,,,BibleData-Person.csv
Seraiah,Seraiah_7,Seraiah,,male,Levi,named on the sealed document of NEH 10:1-27 (NEH 10:2),BibleData-Person.csv
Seraiah,Seraiah_8,Seraiah,,male,Levi,Lived in Jerusalem (NEH 11:4),BibleData-Person.csv
Seraiah,Seraiah_9,Seraiah,,male,,,BibleData-Person.csv
Seraiah,Seraiah_10,Seraiah,,male,,brother to Baruch?,BibleData-Person.csv
Sered,Sered_1,Sered,,male,Zebulun,"from the list of ""sons of Israel"" who ""went to Egypt"" (GEN 46:8-27), the Seredites (NUM 26:26)",BibleData-Person.csv
Sergius,Sergius_1,Sergius,Paulus,male,,,BibleData-Person.csv
Serug,Serug_1,Serug,,male,,,BibleData-Person.csv
Seth,Seth_1,Seth,,male,,,BibleData-Person.csv
Sethur,Sethur_1,Sethur,,male,Asher,1 of 12 spies- from Asher,BibleData-Person.csv
Shaaph,Shaaph_1,Shaaph,,male,Judah,,BibleData-Person.csv
Shaaph,Shaaph_2,Shaaph,,male,Judah,,BibleData-Person.csv
Shaashgaz,Shaashgaz_1,Shaashgaz,,male,,,BibleData-Person.csv
Shabbethai,Shabbethai_1,Shabbethai,,male,,,BibleData-Person.csv
Shabbethai,Shabbethai_2,Shabbethai,,male,Levi,from the leaders of the Levites (NEH 11:16),BibleData-Person.csv
Shaharaim,Shaharaim_1,Shaharaim,,male,Benjamin,,BibleData-Person.csv
Shallum,Shallum_1,Shallum,,male,,,BibleData-Person.csv
Shallum,Shallum_2,Shallum,,male,,,BibleData-Person.csv
Shallum,Shallum_3,Shallum,,male,Judah,,BibleData-Person.csv
Shallum,Shallum_4,Shallum,,male,Judah,,BibleData-Person.csv
Shallum,Shallum_5,Shallum,,male,Judah,,BibleData-Person.csv
Shallum,Shallum_6,Shallum,,male,Levi,Aaronic priest through Eleazar,BibleData-Person.csv
Shallum,Shallum_7,Shallum,,male,Levi,stationed at the king's gate (1CH 9:17),BibleData-Person.csv
Shallum,Shallum_8,Shallum,,male,Ephraim,,BibleData-Person.csv
Shallum,Shallum_9,Shallum,,male,Levi,,BibleData-Person.csv
Shallum,Shallum_10,Shallum,,male,,,BibleData-Person.csv
Shallum,Shallum_11,Shallum,,male,,,BibleData-Person.csv
Shallum,Shallum_12,Shallum,,male,,,BibleData-Person.csv
Shallum,Shallum_13,Shallum,,male,,,BibleData-Person.csv
Shalmai,Shalmai_1,Shalmai,,male,Levi,,BibleData-Person.csv
Shalmaneser,Shalmaneser_1,Shalmaneser,,male,,,BibleData-Person.csv
Shama,Shama_1,Shama,,male,,,BibleData-Person.csv
Shamgar,Shamgar_1,Shamgar,,male,,struck down six hundred Philistines with an oxgoad,BibleData-Person.csv
Shamhuth,Shamhuth_1,Shamhuth,,male,,had charge over the fifth division (1CH 27:8),BibleData-Person.csv
Shamir,Shamir_1,Shamir,,male,Levi,"Izharites (from Kohath, son of Levi)",BibleData-Person.csv
Shamma,Shamma_1,Shamma,,male,Asher,,BibleData-Person.csv
Shammah,Shammah_1,Shammah,,male,Edomite,,BibleData-Person.csv
Shammah,Shammah_2,Shammah,,male,Judah,,BibleData-Person.csv
Shammah,Shammah_3,Shammah,,male,,,BibleData-Person.csv
Shammah,Shammah_4,Shammah,,male,,,BibleData-Person.csv
Shammah,Shammah_5,Shammah,,male,,,BibleData-Person.csv
Shammai,Shammai_1,Shammai,,male,Judah,,BibleData-Person.csv
Shammai,Shammai_2,Shammai,,male,Judah,,BibleData-Person.csv
Shammai,Shammai_3,Shammai,,male,Judah,,BibleData-Person.csv
Shammua,Shammua_1,Shammua,,male,Reuben,1 of 12 spies- from Reuben,BibleData-Person.csv
Shammua,Shammua_2,Shammua,,male,Judah,,BibleData-Person.csv
Shammua,Shammua_3,Shammua,,male,Levi,"As ""priests"" (NEH 12:12), descendants of Aaron",BibleData-Person.csv
Shamsherai,Shamsherai_1,Shamsherai,,male,Benjamin,,BibleData-Person.csv
Shapham,Shapham_1,Shapham,,male,Gad,,BibleData-Person.csv
Shaphan,Shaphan_1,Shaphan,,male,,He was sent to repair the house of the Lord (2CH 34:8),BibleData-Person.csv
Shaphan,Shaphan_2,Shaphan,,male,,,BibleData-Person.csv
Shaphan,Shaphan_3,Shaphan,,male,,,BibleData-Person.csv
Shaphat,Shaphat_1,Shaphat,,male,Simeon,1 of 12 spies- from Simeon,BibleData-Person.csv
Shaphat,Shaphat_2,Shaphat,,male,,,BibleData-Person.csv
Shaphat,Shaphat_3,Shaphat,,male,Judah,,BibleData-Person.csv
Shaphat,Shaphat_4,Shaphat,,male,Gad,,BibleData-Person.csv
Shaphat,Shaphat_5,Shaphat,,male,,,BibleData-Person.csv
Sharai,Sharai_1,Sharai,,male,,,BibleData-Person.csv
Sharar,Sharar_1,Sharar,,male,,,BibleData-Person.csv
Sharezer,Sharezer_1,Sharezer,,male,,son of Sennacherib (ISA 37:28),BibleData-Person.csv
Sharezer,Sharezer_2,Sharezer,,male,,,BibleData-Person.csv
Shashai,Shashai_1,Shashai,,male,,,BibleData-Person.csv
Shashak,Shashak_1,Shashak,,male,Benjamin,,BibleData-Person.csv
Shaul,Shaul_1,Shaul,,male,Edomite,,BibleData-Person.csv
Shaul,Shaul_2,Shaul,,male,Simeon,"from the list of ""sons of Israel"" who ""went to Egypt"" (GEN 46:8-27), the Shaulites (NUM 26:13)",BibleData-Person.csv
Shaul,Shaul_3,Shaul,,male,Levi,Kohathite,BibleData-Person.csv
Sheal,Sheal_1,Sheal,,male,,,BibleData-Person.csv
Shealtiel,Shealtiel_1,Shealtiel,,male,Judah,,BibleData-Person.csv
Shealtiel,Shealtiel_2,Shealtiel,,male,Levi,,BibleData-Person.csv
Shealtiel,Shealtiel_3,Shealtiel,,male,,,BibleData-Person.csv
Shear-jashub,Shear-jashub_1,Shear-jashub,,male,,,BibleData-Person.csv
Sheariah,Sheariah_1,Sheariah,,male,Benjamin,,BibleData-Person.csv
Sheba,Sheba_1,Sheba,,male,,,BibleData-Person.csv
Sheba,Sheba_2,Sheba,,male,,,BibleData-Person.csv
Sheba,Sheba_3,Sheba,,male,,,BibleData-Person.csv
Sheba,Sheba_4,Sheba,,male,,,BibleData-Person.csv
Sheba,Sheba_5,Sheba,,male,Gad,,BibleData-Person.csv
Shebaniah,Shebaniah_1,Shebaniah,,male,Levi,,BibleData-Person.csv
Shebaniah,Shebaniah_2,Shebaniah,,male,Levi,named on the sealed document of NEH 10:1-27 (NEH 10:12),BibleData-Person.csv
Shebaniah,Shebaniah_3,Shebaniah,,male,Levi,named on the sealed document of NEH 10:1-27 (NEH 10:4),BibleData-Person.csv
Shebaniah,Shebaniah_4,Shebaniah,,male,Levi,named on the sealed document of NEH 10:1-27 (NEH 10:12),BibleData-Person.csv
Sheber,Sheber_1,Sheber,,male,Judah,,BibleData-Person.csv
Shebnah,Shebnah_1,Shebnah,,male,,,BibleData-Person.csv
Shebuel,Shebuel_1,Shebuel,,male,Levi,"from Gershom, son of Moses",BibleData-Person.csv
Shebuel,Shebuel_2,Shebuel,,male,Levi,"set apart to prophesy with lyres, harps, and cymbals (1CH 25:1), thirteenth chosen of the singers (1CH 25:20)",BibleData-Person.csv
Shecaniah,Shecaniah_1,Shecaniah,,male,Judah,,BibleData-Person.csv
Shecaniah,Shecaniah_2,Shecaniah,,male,Levi,"In the line of Ithamar (1CH 24:6, 11)",BibleData-Person.csv
Shecaniah,Shecaniah_3,Shecaniah,,male,Levi,,BibleData-Person.csv
Shecaniah,Shecaniah_4,Shecaniah,,male,,,BibleData-Person.csv
Shecaniah,Shecaniah_5,Shecaniah,,male,,,BibleData-Person.csv
Shecaniah,Shecaniah_6,Shecaniah,,male,,,BibleData-Person.csv
Shecaniah,Shecaniah_7,Shecaniah,,male,,,BibleData-Person.csv
Shecaniah,Shecaniah_8,Shecaniah,,male,Levi,"as ""priest"", a descendant of Aaron ",BibleData-Person.csv
Shechem,Shechem_1,Shechem,,male,Hivite,,BibleData-Person.csv
Shechem,Shechem_2,Shechem,,male,Manasseh,the Shechemites (NUM 26:31),BibleData-Person.csv
Shechem,Shechem_3,Shechem,,male,Manasseh,,BibleData-Person.csv
Shedeur,Shedeur_1,Shedeur,,male,Reuben,,BibleData-Person.csv
Sheerah,Sheerah_1,Sheerah,,female,Ephraim,,BibleData-Person.csv
Shehariah,Shehariah_1,Shehariah,,male,Benjamin,,BibleData-Person.csv
Shelah,Shelah_1,Shelah,,male,,,BibleData-Person.csv
Shelah,Shelah_2,Shelah,,male,Judah,the Shelanites (NUM 26:20),BibleData-Person.csv
Shelemiah,Shelemiah_1,Shelemiah,,male,,,BibleData-Person.csv
Shelemiah,Shelemiah_2,Shelemiah,,male,,,BibleData-Person.csv
Shelemiah,Shelemiah_3,Shelemiah,,male,,,BibleData-Person.csv
Shelemiah,Shelemiah_4,Shelemiah,,male,Levi,"As ""priest"", a descendant of Aaron",BibleData-Person.csv
Shelemiah,Shelemiah_5,Shelemiah,,male,,,BibleData-Person.csv
Shelemiah,Shelemiah_6,Shelemiah,,male,,,BibleData-Person.csv
Shelemiah,Shelemiah_7,Shelemiah,,male,,,BibleData-Person.csv
Shelemiah,Shelemiah_8,Shelemiah,,male,,,BibleData-Person.csv
Sheleph,Sheleph_1,Sheleph,,male,,,BibleData-Person.csv
Shelesh,Shelesh_1,Shelesh,,male,Asher,,BibleData-Person.csv
Shelomi,Shelomi_1,Shelomi,,male,Asher,,BibleData-Person.csv
Shelomith,Shelomith_1,Shelomith,,female,Dan,,BibleData-Person.csv
Shelomith,Shelomith_2,Shelomith,,female,Judah,,BibleData-Person.csv
Shelomith,Shelomith_3,Shelomith,,male,Levi,"Izharites (from Kohath, son of Levi)",BibleData-Person.csv
Shelomith,Shelomith_4,Shelomith,,male,Judah,,BibleData-Person.csv
Shelomith,Shelomith_5,Shelomith,,male,,,BibleData-Person.csv
Shelomoth,Shelomoth_1,Shelomoth,,male,Levi,,BibleData-Person.csv
Shelomoth,Shelomoth_2,Shelomoth,,male,Levi,,BibleData-Person.csv
Shelumiel,Shelumiel_1,Shelumiel,,male,Simeon,leader of Simeon during the Exodus (NUM 1:6),BibleData-Person.csv
Shem,Shem_1,Shem,,male,,,BibleData-Person.csv
Shema,Shema_1,Shema,,male,Judah,,BibleData-Person.csv
Shema,Shema_2,Shema,,male,Reuben,,BibleData-Person.csv
Shema,Shema_3,Shema,,male,Benjamin,,BibleData-Person.csv
Shema,Shema_4,Shema,,male,Levi,*assumed Levite given this event,BibleData-Person.csv
Shemaah,Shemaah_1,Shemaah,,male,Benjamin,came to David at Ziklag (1CH 12:1),BibleData-Person.csv
Shemaiah,Shemaiah_1,Shemaiah,,male,,a prophet (2CH 12:5),BibleData-Person.csv
Shemaiah,Shemaiah_2,Shemaiah,,male,Judah,,BibleData-Person.csv
Shemaiah,Shemaiah_3,Shemaiah,,male,Simeon,,BibleData-Person.csv
Shemaiah,Shemaiah_4,Shemaiah,,male,Reuben,,BibleData-Person.csv
Shemaiah,Shemaiah_5,Shemaiah,,male,Levi,Merarites (from Merari son of Levi),BibleData-Person.csv
Shemaiah,Shemaiah_6,Shemaiah,,male,Levi,,BibleData-Person.csv
Shemaiah,Shemaiah_7,Shemaiah,,male,Levi,,BibleData-Person.csv
Shemaiah,Shemaiah_8,Shemaiah,,male,Levi,,BibleData-Person.csv
Shemaiah,Shemaiah_9,Shemaiah,,male,Levi,,BibleData-Person.csv
Shemaiah,Shemaiah_10,Shemaiah,,male,Levi,,BibleData-Person.csv
Shemaiah,Shemaiah_11,Shemaiah,,male,Levi,,BibleData-Person.csv
Shemaiah,Shemaiah_12,Shemaiah,,male,Levi,,BibleData-Person.csv
Shemaiah,Shemaiah_13,Shemaiah,,male,,,BibleData-Person.csv
Shemaiah,Shemaiah_14,Shemaiah,,male,Levi,,BibleData-Person.csv
Shemaiah,Shemaiah_15,Shemaiah,,male,Levi,,BibleData-Person.csv
Shemaiah,Shemaiah_16,Shemaiah,,male,,,BibleData-Person.csv
Shemaiah,Shemaiah_17,Shemaiah,,male,,,BibleData-Person.csv
Shemaiah,Shemaiah_18,Shemaiah,,male,,,BibleData-Person.csv
Shemaiah,Shemaiah_19,Shemaiah,,male,Levi,named on the sealed document of NEH 10:1-27 (NEH 10:8),BibleData-Person.csv
Shemaiah,Shemaiah_20,Shemaiah,,male,,,BibleData-Person.csv
Shemaiah,Shemaiah_21,Shemaiah,,male,Levi,The LORD made Shemaiah priest instead of Jehoiada so he must be a Levite.,BibleData-Person.csv
Shemariah,Shemariah_1,Shemariah,,male,,came to David at Ziklag (1CH 12:1),BibleData-Person.csv
Shemariah,Shemariah_2,Shemariah,,male,Judah,,BibleData-Person.csv
Shemariah,Shemariah_3,Shemariah,,male,,,BibleData-Person.csv
Shemariah,Shemariah_4,Shemariah,,male,,,BibleData-Person.csv
Shemeber,Shemeber_1,Shemeber,,male,,,BibleData-Person.csv
Shemed,Shemed_1,Shemed,,male,Benjamin,,BibleData-Person.csv
Shemer,Shemer_1,Shemer,,male,,,BibleData-Person.csv
Shemer,Shemer_2,Shemer,,male,Levi,"Merarites (from Mushi, from Merari, son of Levi)",BibleData-Person.csv
Shemida,Shemida_1,Shemida,,male,Manasseh,the Shemidaites (NUM 26:32),BibleData-Person.csv
Shemiramoth,Shemiramoth_1,Shemiramoth,,male,Levi,,BibleData-Person.csv
Shemiramoth,Shemiramoth_2,Shemiramoth,,male,Levi,,BibleData-Person.csv
Shenazzar,Shenazzar_1,Shenazzar,,male,Judah,,BibleData-Person.csv
Shephatiah,Shephatiah_1,Shephatiah,,male,Judah,,BibleData-Person.csv
Shephatiah,Shephatiah_2,Shephatiah,,male,Benjamin,,BibleData-Person.csv
Shephatiah,Shephatiah_3,Shephatiah,,male,,came to David at Ziklag (1CH 12:1),BibleData-Person.csv
Shephatiah,Shephatiah_4,Shephatiah,,male,Simeon,,BibleData-Person.csv
Shephatiah,Shephatiah_5,Shephatiah,,male,,,BibleData-Person.csv
Shephatiah,Shephatiah_6,Shephatiah,,male,,,BibleData-Person.csv
Shephatiah,Shephatiah_7,Shephatiah,,male,Judah,,BibleData-Person.csv
Shephatiah,Shephatiah_8,Shephatiah,,male,,,BibleData-Person.csv
Shepho,Shepho_1,Shepho,,male,Edomite,,BibleData-Person.csv
Sherebiah,Sherebiah_1,Sherebiah,,male,Levi,descendant of Mahli,BibleData-Person.csv
Sherebiah,Sherebiah_2,Sherebiah,,male,Levi,named on the sealed document of NEH 10:1-27 (NEH 10:12),BibleData-Person.csv
Sheresh,Sheresh_1,Sheresh,,male,Manasseh,,BibleData-Person.csv
Sheshai,Sheshai_1,Sheshai,,male,,one of three sons of Anak that Joshua drove out from Kiriath-arba (JOS 15:13),BibleData-Person.csv
Sheshan,Sheshan_1,Sheshan,,male,Judah,,BibleData-Person.csv
Sheshbazzar,Sheshbazzar_1,Sheshbazzar,,male,Judah,"Same as Shenazzar_1? EZR 1:7 labels him the ""prince"" of Judah.",BibleData-Person.csv
Shethar,Shethar_1,Shethar,,male,,,BibleData-Person.csv
Shethar-bozenai,Shethar-bozenai_1,Shethar-bozenai,,male,,,BibleData-Person.csv
Sheva,Sheva_1,Sheva,,male,,,BibleData-Person.csv
Sheva,Sheva_2,Sheva,,male,Judah,,BibleData-Person.csv
Shilhi,Shilhi_1,Shilhi,,male,,,BibleData-Person.csv
Shillem,Shillem_1,Shillem,,male,Naphtali,"from the list of ""sons of Israel"" who ""went to Egypt"" (GEN 46:8-27), the Shillemites (NUM 26:49)",BibleData-Person.csv
Shilshah,Shilshah_1,Shilshah,,male,Asher,,BibleData-Person.csv
Shimea,Shimea_1,Shimea,,male,Levi,"Mahlites (from Merari, son of Levi)",BibleData-Person.csv
Shimea,Shimea_2,Shimea,,male,Levi,"Gershonites (Gershomites), from Gershon, son of Levi",BibleData-Person.csv
Shimeah,Shimeah_1,Shimeah,,male,Benjamin,,BibleData-Person.csv
Shimeath,Shimeath_1,Shimeath,,female,Ammonite,,BibleData-Person.csv
Shimei,Shimei_1,Shimei,,male,Levi,,BibleData-Person.csv
Shimei,Shimei_2,Shimei,,male,Benjamin,,BibleData-Person.csv
Shimei,Shimei_3,Shimei,,male,,,BibleData-Person.csv
Shimei,Shimei_4,Shimei,,male,Judah,,BibleData-Person.csv
Shimei,Shimei_5,Shimei,,male,Simeon,,BibleData-Person.csv
Shimei,Shimei_6,Shimei,,male,Reuben,,BibleData-Person.csv
Shimei,Shimei_7,Shimei,,male,Levi,"Mahlites (from Merari, son of Levi)",BibleData-Person.csv
Shimei,Shimei_8,Shimei,,male,Levi,"Gershonites (Gershomites), from Gershon, son of Levi",BibleData-Person.csv
Shimei,Shimei_9,Shimei,,male,Levi,,BibleData-Person.csv
Shimei,Shimei_10,Shimei,,male,Levi,"set apart to prophesy with lyres, harps, and cymbals (1CH 25:1), tenth chosen of the singers (1CH 25:17)",BibleData-Person.csv
Shimei,Shimei_11,Shimei,,male,,,BibleData-Person.csv
Shimei,Shimei_12,Shimei,,male,Levi,,BibleData-Person.csv
Shimei,Shimei_13,Shimei,,male,Levi,,BibleData-Person.csv
Shimei,Shimei_14,Shimei,,male,Levi,,BibleData-Person.csv
Shimei,Shimei_15,Shimei,,male,,,BibleData-Person.csv
Shimei,Shimei_16,Shimei,,male,,,BibleData-Person.csv
Shimei,Shimei_17,Shimei,,male,,,BibleData-Person.csv
Shimeon,Shimeon_1,Shimeon,,male,,,BibleData-Person.csv
Shimon,Shimon_1,Shimon,,male,Judah,,BibleData-Person.csv
Shimrath,Shimrath_1,Shimrath,,male,Benjamin,,BibleData-Person.csv
Shimri,Shimri_1,Shimri,,male,Simeon,,BibleData-Person.csv
Shimri,Shimri_2,Shimri,,male,,,BibleData-Person.csv
Shimri,Shimri_3,Shimri,,male,Levi,,BibleData-Person.csv
Shimri,Shimri_4,Shimri,,male,Levi,"Kohathites (from Uzziel, from Kohath, son of Levi)",BibleData-Person.csv
Shimron,Shimron_1,Shimron,,male,Issachar,"from the list of ""sons of Israel"" who ""went to Egypt"" (GEN 46:8-27), the Shimronites (NUM 26:24)",BibleData-Person.csv
Shimshai,Shimshai_1,Shimshai,,male,,,BibleData-Person.csv
Shinab,Shinab_1,Shinab,,male,,,BibleData-Person.csv
Shiphi,Shiphi_1,Shiphi,,male,Simeon,,BibleData-Person.csv
Shiphrah,Shiphrah_1,Shiphrah,,female,,,BibleData-Person.csv
Shiphtan,Shiphtan_1,Shiphtan,,male,Ephraim,,BibleData-Person.csv
Shisha,Shisha_1,Shisha,,male,,,BibleData-Person.csv
Shishak,Shishak_1,Shishak,,male,,,BibleData-Person.csv
Shitrai,Shitrai_1,Shitrai,,male,,,BibleData-Person.csv
Shiza,Shiza_1,Shiza,,male,Reuben,,BibleData-Person.csv
Shobab,Shobab_1,Shobab,,male,Judah,,BibleData-Person.csv
Shobab,Shobab_2,Shobab,,male,Judah,,BibleData-Person.csv
Shobach,Shobach_1,Shobach,,male,,,BibleData-Person.csv
Shobai,Shobai_1,Shobai,,male,Levi,,BibleData-Person.csv
Shobal,Shobal_1,Shobal,,male,Edomite,,BibleData-Person.csv
Shobal,Shobal_2,Shobal,,male,Judah,,BibleData-Person.csv
Shobek,Shobek_1,Shobek,,male,,named on the sealed document of NEH 10:1-27 (NEH 10:24),BibleData-Person.csv
Shobi,Shobi_1,Shobi,,male,,,BibleData-Person.csv
Shoham,Shoham_1,Shoham,,male,Levi,Merarites (from Merari son of Levi),BibleData-Person.csv
Shomer,Shomer_1,Shomer,,female,,,BibleData-Person.csv
Shomer,Shomer_2,Shomer,,male,Asher,,BibleData-Person.csv
Shua,Shua_1,Shua,,male,,,BibleData-Person.csv
Shua,Shua_2,Shua,,female,Asher,,BibleData-Person.csv
Shuah,Shuah_1,Shuah,,male,,,BibleData-Person.csv
Shual,Shual_1,Shual,,male,Asher,,BibleData-Person.csv
Shuhah,Shuhah_1,Shuhah,,male,Judah,,BibleData-Person.csv
Shuni,Shuni_1,Shuni,,male,Gad,"from the list of ""sons of Israel"" who ""went to Egypt"" (GEN 46:8-27), the Shunites (NUM 26:15)",BibleData-Person.csv
Shuppim,Shuppim_1,Shuppim,,male,Levi,,BibleData-Person.csv
Shuthelah,Shuthelah_1,Shuthelah,,male,Ephraim,the Shuthelahites (NUM 26:35),BibleData-Person.csv
Shuthelah,Shuthelah_2,Shuthelah,,male,Ephraim,"An ""all sons of Ephraim"" approach leaves two sons of Ephraim named Tahath and Shuthelah.  This is a grandson.  Killed by the men of Gath.",BibleData-Person.csv
Siaha,Siaha_1,Siaha,,male,Levi,,BibleData-Person.csv
Sibbecai,Sibbecai_1,Sibbecai,,male,Judah,"Zerahite, over the eighth division (1CH 27:11)",BibleData-Person.csv
Sidon,Sidon_1,Sidon,,male,,,BibleData-Person.csv
Sihon,Sihon_1,Sihon,,male,Amorite,during the time of the Exodus,BibleData-Person.csv
Silas,Silas_1,Silas,,male,,,BibleData-Person.csv
Simeon,Simeon_1,Simeon,,male,Simeon,,BibleData-Person.csv
Simeon,Simeon_2,Simeon,,male,,,BibleData-Person.csv
Simeon,Simeon_3,Simeon,,male,,,BibleData-Person.csv
Simeon,Simeon_4,Simeon,,male,,,BibleData-Person.csv
Simon,Simon_1,Simon,Barjona,male,,"a fisherman (MAT 4:18), one of the Twelve (MAT 10:2), surname Barjona (MAT 16:17), from the city of Bethsaida (JHN 1:44)",BibleData-Person.csv
Simon,Simon_2,Simon,,male,,one of the Twelve (MAT 10:2),BibleData-Person.csv
Simon,Simon_3,Simon,,male,Judah,"""brother"" in the sense that they were born of the same womb",BibleData-Person.csv
Simon,Simon_4,Simon,,male,,,BibleData-Person.csv
Simon,Simon_5,Simon,,male,,,BibleData-Person.csv
Simon,Simon_6,Simon,,male,,invited Jesus to dine in his house (LUK 7:36),BibleData-Person.csv
Simon,Simon_7,Simon,Iscariot,male,,,BibleData-Person.csv
Simon,Simon_8,Simon,,male,,,BibleData-Person.csv
Simon,Simon_9,Simon,,male,,,BibleData-Person.csv
Sini,Sini_1,Sini,,male,,,BibleData-Person.csv
Sisera,Sisera_1,Sisera,,male,,"lived in Harosheth-hagoyim, captain of the army of Hazor (1SA 12:9)",BibleData-Person.csv
Sisera,Sisera_2,Sisera,,male,Levi,,BibleData-Person.csv
Sismai,Sismai_1,Sismai,,male,Judah,,BibleData-Person.csv
Sithri,Sithri_1,Sithri,,male,Levi,,BibleData-Person.csv
So,So_1,So,,male,,,BibleData-Person.csv
Soco,Soco_1,Soco,,male,Judah,,BibleData-Person.csv
Sodi,Sodi_1,Sodi,,male,Zebulun,,BibleData-Person.csv
Solomon,Solomon_1,Solomon,,male,Judah,,BibleData-Person.csv
Sopater,Sopater_1,Sopater,,male,,,BibleData-Person.csv
Sosipater,Sosipater_1,Sosipater,,male,,,BibleData-Person.csv
Sotai,Sotai_1,Sotai,,male,,,BibleData-Person.csv
Stachys,Stachys_1,Stachys,,male,,,BibleData-Person.csv
Stephanas,Stephanas_1,Stephanas,,male,,,BibleData-Person.csv
Stephen,Stephen_1,Stephen,,male,,,BibleData-Person.csv
Suah,Suah_1,Suah,,male,Asher,,BibleData-Person.csv
Susanna,Susanna_1,Susanna,,female,,,BibleData-Person.csv
Susi,Susi_1,Susi,,male,Manasseh,,BibleData-Person.csv
Syntyche,Syntyche_1,Syntyche,,female,,,BibleData-Person.csv
Tabbaoth,Tabbaoth_1,Tabbaoth,,male,Levi,,BibleData-Person.csv
Tabeel,Tabeel_1,Tabeel,,male,,,BibleData-Person.csv
Tabeel,Tabeel_2,Tabeel,,male,,,BibleData-Person.csv
Tabitha,Tabitha_1,Tabitha,,female,,,BibleData-Person.csv
Tabrimmon,Tabrimmon_1,Tabrimmon,,male,,,BibleData-Person.csv
Tahan,Tahan_1,Tahan,,male,Ephraim,the Tahanites (NUM 26:35),BibleData-Person.csv
Tahash,Tahash_1,Tahash,,male,,,BibleData-Person.csv
Tahath,Tahath_1,Tahath,,male,Levi,Kohathite,BibleData-Person.csv
Tahath,Tahath_2,Tahath,,male,Ephraim,"A linear ""son of"" in 1CH 7:20-27 creates too many generations between Ephraim and Joshua.  Killed by the men of Gath.",BibleData-Person.csv
Tahath,Tahath_3,Tahath,,male,Ephraim,"An ""all sons of Ephraim"" approach leaves two sons of Ephraim named Tahath and Shuthelah.  This is a grandson.  Killed by the men of Gath.",BibleData-Person.csv
Tahpenes,Tahpenes_1,Tahpenes,,female,,,BibleData-Person.csv
Talitha,Talitha_1,Talitha,,female,,twelve years old when this happened (MRK 5:42),BibleData-Person.csv
Talmai,Talmai_1,Talmai,,male,,one of three sons of Anak that Joshua drove out from Kiriath-arba (JOS 15:13),BibleData-Person.csv
Talmai,Talmai_2,Talmai,,male,,,BibleData-Person.csv
Talmon,Talmon_1,Talmon,,male,Levi,,BibleData-Person.csv
Tamar,Tamar_1,Tamar,,female,,,BibleData-Person.csv
Tamar,Tamar_2,Tamar,,female,Judah,,BibleData-Person.csv
Tamar,Tamar_3,Tamar,,female,Judah,,BibleData-Person.csv
Tanhumeth,Tanhumeth_1,Tanhumeth,,male,,,BibleData-Person.csv
Taphath,Taphath_1,Taphath,,female,Judah,,BibleData-Person.csv
Tappuah,Tappuah_1,Tappuah,,male,Judah,,BibleData-Person.csv
Tarea,Tarea_1,Tarea,,male,Benjamin,,BibleData-Person.csv
Tarshish,Tarshish_1,Tarshish,,male,,,BibleData-Person.csv
Tarshish,Tarshish_2,Tarshish,,male,Benjamin,,BibleData-Person.csv
Tarshish,Tarshish_3,Tarshish,,male,,,BibleData-Person.csv
Tartan,Tartan_1,Tartan,,male,,,BibleData-Person.csv
Tattenai,Tattenai_1,Tattenai,,male,,,BibleData-Person.csv
Tebah,Tebah_1,Tebah,,male,,,BibleData-Person.csv
Tebaliah,Tebaliah_1,Tebaliah,,male,Levi,,BibleData-Person.csv
Tehinnah,Tehinnah_1,Tehinnah,,male,Judah,,BibleData-Person.csv
Tekoa,Tekoa_1,Tekoa,,male,Judah,,BibleData-Person.csv
Telah,Telah_1,Telah,,male,Ephraim,,BibleData-Person.csv
Telem,Telem_1,Telem,,male,Levi,,BibleData-Person.csv
Tema,Tema_1,Tema,,male,Tema,,BibleData-Person.csv
Tema,Tema_2,Tema,,male,,** This name is not present in the BHS Hebrew text but is present in Rahlfs Septuaginta,BibleData-Person.csv
Temah,Temah_1,Temah,,male,Levi,,BibleData-Person.csv
Teman,Teman_1,Teman,,male,Edomite,,BibleData-Person.csv
Temeni,Temeni_1,Temeni,,male,Judah,,BibleData-Person.csv
Terah,Terah_1,Terah,,male,,,BibleData-Person.csv
Teresh,Teresh_1,Teresh,,male,,,BibleData-Person.csv
Tertius,Tertius_1,Tertius,,male,,,BibleData-Person.csv
Tertullus,Tertullus_1,Tertullus,,male,,,BibleData-Person.csv
Thaddaeus,Thaddaeus_1,Thaddaeus,,male,,one of the Twelve (MAT 10:2),BibleData-Person.csv
Theophilus,Theophilus_1,Theophilus,,male,,,BibleData-Person.csv
Theudas,Theudas_1,Theudas,,male,,,BibleData-Person.csv
Thomas,Thomas_1,Thomas,,male,,one of the Twelve (MAT 10:2),BibleData-Person.csv
Tibni,Tibni_1,Tibni,,male,,,BibleData-Person.csv
Tidal,Tidal_1,Tidal,,male,,,BibleData-Person.csv
Tiglath-pileser,Tiglath-pileser_1,Tiglath-pileser,,male,,,BibleData-Person.csv
Tikvah,Tikvah_1,Tikvah,,male,,,BibleData-Person.csv
Tikvah,Tikvah_2,Tikvah,,male,,,BibleData-Person.csv
Tilon,Tilon_1,Tilon,,male,Judah,,BibleData-Person.csv
Timaeus,Timaeus_1,Timaeus,,male,,,BibleData-Person.csv
Timna,Timna_1,Timna,,female,Edomite,,BibleData-Person.csv
Timna,Timna_2,Timna,,male,Edomite,,BibleData-Person.csv
Timon,Timon_1,Timon,,male,,,BibleData-Person.csv
Timothy,Timothy_1,Timothy,,male,,had a Jewish mother and Greek father (ACT 16:1),BibleData-Person.csv
Tiras,Tiras_1,Tiras,,male,,,BibleData-Person.csv
Tirhakah,Tirhakah_1,Tirhakah,,male,,,BibleData-Person.csv
Tirhanah,Tirhanah_1,Tirhanah,,male,Judah,,BibleData-Person.csv
Tiria,Tiria_1,Tiria,,male,Judah,,BibleData-Person.csv
Tirzah,Tirzah_1,Tirzah,,female,Manasseh,,BibleData-Person.csv
Titius,Titius_1,Titius,Justus,male,,,BibleData-Person.csv
Titus,Titus_1,Titus,,male,,,BibleData-Person.csv
Tobadonijah,Tobadonijah_1,Tobadonijah,,male,Levi,,BibleData-Person.csv
Tobiah,Tobiah_1,Tobiah,,male,,,BibleData-Person.csv
Tobiah,Tobiah_2,Tobiah,,male,Ammonite,,BibleData-Person.csv
Tobijah,Tobijah_1,Tobijah,,male,Levi,,BibleData-Person.csv
Tobijah,Tobijah_2,Tobijah,,male,,,BibleData-Person.csv
Togarmah,Togarmah_1,Togarmah,,male,,,BibleData-Person.csv
Tohu,Tohu_1,Tohu,,male,Levi,,BibleData-Person.csv
Toi,Toi_1,Toi,,male,,,BibleData-Person.csv
Tola,Tola_1,Tola,,male,Issachar,"from the list of ""sons of Israel"" who ""went to Egypt"" (GEN 46:8-27), the Tolaites (NUM 25:23)",BibleData-Person.csv
Tola,Tola_2,Tola,,male,Issachar,judge of Israel,BibleData-Person.csv
Trophimus,Trophimus_1,Trophimus,,male,,,BibleData-Person.csv
Tryphaena,Tryphaena_1,Tryphaena,,female,,,BibleData-Person.csv
Tryphosa,Tryphosa_1,Tryphosa,,female,,,BibleData-Person.csv
Tubal,Tubal_1,Tubal,,male,,,BibleData-Person.csv
Tubal-cain,Tubal-cain_1,Tubal-cain,,male,,,BibleData-Person.csv
Tychicus,Tychicus_1,Tychicus,,male,,,BibleData-Person.csv
Tyrannus,Tyrannus_1,Tyrannus,,male,,,BibleData-Person.csv
Ucal,Ucal_1,Ucal,,male,,,BibleData-Person.csv
Uel,Uel_1,Uel,,male,,,BibleData-Person.csv
Ulam,Ulam_1,Ulam,,male,Manasseh,,BibleData-Person.csv
Ulam,Ulam_2,Ulam,,male,Benjamin,,BibleData-Person.csv
Unni,Unni_1,Unni,,male,Levi,,BibleData-Person.csv
Unni,Unni_2,Unni,,male,Levi,,BibleData-Person.csv
Urbanus,Urbanus_1,Urbanus,,male,,,BibleData-Person.csv
Uri,Uri_1,Uri,,male,Judah,,BibleData-Person.csv
Uri,Uri_2,Uri,,male,,,BibleData-Person.csv
Uri,Uri_3,Uri,,male,Levi,,BibleData-Person.csv
Uriah,Uriah_1,Uriah,,male,,,BibleData-Person.csv
Uriah,Uriah_2,Uriah,,male,Levi,"father of Meremoth (NEH 3:4, NEH 3:21)",BibleData-Person.csv
Uriah,Uriah_3,Uriah,,male,Levi,*assumed Levite given this event,BibleData-Person.csv
Uriah,Uriah_4,Uriah,,male,,,BibleData-Person.csv
Uriel,Uriel_1,Uriel,,male,Levi,Kohathite,BibleData-Person.csv
Urijah,Urijah_1,Urijah,,male,Levi,one of the faithful witnesses in ISA 8:2,BibleData-Person.csv
Uthai,Uthai_1,Uthai,,male,Judah,,BibleData-Person.csv
Uthai,Uthai_2,Uthai,,male,,,BibleData-Person.csv
Uz,Uz_1,Uz,,male,,,BibleData-Person.csv
Uz,Uz_2,Uz,,male,,,BibleData-Person.csv
Uz,Uz_3,Uz,,male,Edomite,,BibleData-Person.csv
Uzai,Uzai_1,Uzai,,male,,,BibleData-Person.csv
Uzal,Uzal_1,Uzal,,male,,,BibleData-Person.csv
Uzza,Uzza_1,Uzza,,male,,,BibleData-Person.csv
Uzza,Uzza_2,Uzza,,male,Levi,,BibleData-Person.csv
Uzzah,Uzzah_1,Uzzah,,male,,,BibleData-Person.csv
Uzzah,Uzzah_2,Uzzah,,male,Levi,"Mahlites (from Merari, son of Levi)",BibleData-Person.csv
Uzzah,Uzzah_3,Uzzah,,male,Benjamin,,BibleData-Person.csv
Uzzi,Uzzi_1,Uzzi,,male,Levi,Aaronic priest through Eleazar,BibleData-Person.csv
Uzzi,Uzzi_2,Uzzi,,male,Issachar,,BibleData-Person.csv
Uzzi,Uzzi_3,Uzzi,,male,Benjamin,,BibleData-Person.csv
Uzzi,Uzzi_4,Uzzi,,male,Benjamin,,BibleData-Person.csv
Uzzi,Uzzi_5,Uzzi,,male,Levi,,BibleData-Person.csv
Uzzi,Uzzi_6,Uzzi,,male,Levi,"As ""priests"" (NEH 12:12), descendants of Aaron",BibleData-Person.csv
Uzzia,Uzzia_1,Uzzia,,male,,,BibleData-Person.csv
Uzziah,Uzziah_1,Uzziah,,male,Levi,Kohathite,BibleData-Person.csv
Uzziah,Uzziah_2,Uzziah,,male,Levi,,BibleData-Person.csv
Uzziah,Uzziah_3,Uzziah,,male,Judah,,BibleData-Person.csv
Uzziel,Uzziel_1,Uzziel,,male,Levi,,BibleData-Person.csv
Uzziel,Uzziel_2,Uzziel,,male,Simeon,,BibleData-Person.csv
Uzziel,Uzziel_3,Uzziel,,male,Benjamin,,BibleData-Person.csv
Uzziel,Uzziel_4,Uzziel,,male,Levi,"set apart to prophesy with lyres, harps, and cymbals (1CH 25:1)",BibleData-Person.csv
Uzziel,Uzziel_5,Uzziel,,male,Levi,,BibleData-Person.csv
Uzziel,Uzziel_6,Uzziel,,male,,,BibleData-Person.csv
Vaizatha,Vaizatha_1,Vaizatha,,male,,,BibleData-Person.csv
Vaniah,Vaniah_1,Vaniah,,male,,,BibleData-Person.csv
Vashti,Vashti_1,Vashti,,female,,,BibleData-Person.csv
Vophsi,Vophsi_1,Vophsi,,male,Naphtali,,BibleData-Person.csv
Zaavan,Zaavan_1,Zaavan,,male,Edomite,,BibleData-Person.csv
Zabad,Zabad_1,Zabad,,male,Judah,,BibleData-Person.csv
Zabad,Zabad_2,Zabad,,male,Ephraim,Killed by the men of Gath.,BibleData-Person.csv
Zabad,Zabad_3,Zabad,,male,,,BibleData-Person.csv
Zabad,Zabad_4,Zabad,,male,,,BibleData-Person.csv
Zabad,Zabad_5,Zabad,,male,,,BibleData-Person.csv
Zabad,Zabad_6,Zabad,,male,,,BibleData-Person.csv
Zabbai,Zabbai_1,Zabbai,,male,,,BibleData-Person.csv
Zabbai,Zabbai_2,Zabbai,,male,,,BibleData-Person.csv
Zabbud,Zabbud_1,Zabbud,,male,,,BibleData-Person.csv
Zabdi,Zabdi_1,Zabdi,,male,Judah,,BibleData-Person.csv
Zabdi,Zabdi_2,Zabdi,,male,Benjamin,,BibleData-Person.csv
Zabdi,Zabdi_3,Zabdi,,male,,,BibleData-Person.csv
Zabdiel,Zabdiel_1,Zabdiel,,male,Judah,,BibleData-Person.csv
Zabdiel,Zabdiel_2,Zabdiel,,male,Levi,,BibleData-Person.csv
Zaboud,Zaboud_1,Zaboud,,male,,** This name is not present in the BHS Hebrew text but is present in Rahlfs Septuaginta,BibleData-Person.csv
Zabud,Zabud_1,Zabud,,male,,,BibleData-Person.csv
Zaccai,Zaccai_1,Zaccai,,male,,,BibleData-Person.csv
Zaccheus,Zaccheus_1,Zaccheus,,male,,Christ stayed in his house (LUK 19:5),BibleData-Person.csv
Zaccur,Zaccur_1,Zaccur,,male,Reuben,,BibleData-Person.csv
Zaccur,Zaccur_2,Zaccur,,male,Simeon,,BibleData-Person.csv
Zaccur,Zaccur_3,Zaccur,,male,Levi,Merarites (from Merari son of Levi),BibleData-Person.csv
Zaccur,Zaccur_4,Zaccur,,male,Levi,"set apart to prophesy with lyres, harps, and cymbals (1CH 25:1), third chosen of the singers (1CH 25:10)",BibleData-Person.csv
Zaccur,Zaccur_5,Zaccur,,male,,,BibleData-Person.csv
Zaccur,Zaccur_6,Zaccur,,male,Levi,named on the sealed document of NEH 10:1-27 (NEH 10:12),BibleData-Person.csv
Zacharias,Zacharias_1,Zacharias,,male,Levi,,BibleData-Person.csv
Zadok,Zadok_1,Zadok,,male,Levi,Aaronic priest through Eleazar,BibleData-Person.csv
Zadok,Zadok_2,Zadok,,male,,,BibleData-Person.csv
Zadok,Zadok_3,Zadok,,male,Levi,Aaronic priest through Eleazar.  1CH 9:13 indicates grandson,BibleData-Person.csv
Zadok,Zadok_4,Zadok,,male,,named on the sealed document of NEH 10:1-27 (NEH 10:21),BibleData-Person.csv
Zadok,Zadok_5,Zadok,,male,,,BibleData-Person.csv
Zadok,Zadok_6,Zadok,,male,Levi,DUPLICATE OF ZADOK_3?,BibleData-Person.csv
Zadok,Zadok_7,Zadok,,male,Judah,,BibleData-Person.csv
Zaham,Zaham_1,Zaham,,male,Judah,,BibleData-Person.csv
Zalaph,Zalaph_1,Zalaph,,male,,,BibleData-Person.csv
Zalmon,Zalmon_1,Zalmon,,male,,,BibleData-Person.csv
Zalmunna,Zalmunna_1,Zalmunna,,male,,King of Midian against Gideon,BibleData-Person.csv
Zanoah,Zanoah_1,Zanoah,,male,Judah,,BibleData-Person.csv
Zattu,Zattu_1,Zattu,,male,,named on the sealed document of NEH 10:1-27 (NEH 10:14),BibleData-Person.csv
Zaza,Zaza_1,Zaza,,male,Judah,,BibleData-Person.csv
Zebadiah,Zebadiah_1,Zebadiah,,male,Benjamin,,BibleData-Person.csv
Zebadiah,Zebadiah_2,Zebadiah,,male,Benjamin,,BibleData-Person.csv
Zebadiah,Zebadiah_3,Zebadiah,,male,,came to David at Ziklag (1CH 12:1),BibleData-Person.csv
Zebadiah,Zebadiah_4,Zebadiah,,male,Levi,,BibleData-Person.csv
Zebadiah,Zebadiah_5,Zebadiah,,male,,over the fourth division (1CH 27:7),BibleData-Person.csv
Zebadiah,Zebadiah_6,Zebadiah,,male,Levi,,BibleData-Person.csv
Zebadiah,Zebadiah_7,Zebadiah,,male,,,BibleData-Person.csv
Zebadiah,Zebadiah_8,Zebadiah,,male,,,BibleData-Person.csv
Zebadiah,Zebadiah_9,Zebadiah,,male,Levi,,BibleData-Person.csv
Zebah,Zebah_1,Zebah,,male,,King of Midian against Gideon,BibleData-Person.csv
Zebedee,Zebedee_1,Zebedee,,male,,fisherman (mending their nets- MAT 4:21),BibleData-Person.csv
Zebidah,Zebidah_1,Zebidah,,female,,,BibleData-Person.csv
Zebina,Zebina_1,Zebina,,male,,,BibleData-Person.csv
Zebul,Zebul_1,Zebul,,male,,,BibleData-Person.csv
Zebulun,Zebulun_1,Zebulun,,male,Zebulun,,BibleData-Person.csv
Zechariah,Zechariah_1,Zechariah,,male,,,BibleData-Person.csv
Zechariah,Zechariah_2,Zechariah,,male,,,BibleData-Person.csv
Zechariah,Zechariah_3,Zechariah,,male,Reuben,,BibleData-Person.csv
Zechariah,Zechariah_4,Zechariah,,male,Levi,gatekeeper stationed on the north (1CH 26:14),BibleData-Person.csv
Zechariah,Zechariah_5,Zechariah,,male,Levi,,BibleData-Person.csv
Zechariah,Zechariah_6,Zechariah,,male,Levi,"Izharites (from Kohath, son of Levi)",BibleData-Person.csv
Zechariah,Zechariah_7,Zechariah,,male,Levi,,BibleData-Person.csv
Zechariah,Zechariah_8,Zechariah,,male,Manasseh,,BibleData-Person.csv
Zechariah,Zechariah_9,Zechariah,,male,,,BibleData-Person.csv
Zechariah,Zechariah_10,Zechariah,,male,Levi,,BibleData-Person.csv
Zechariah,Zechariah_11,Zechariah,,male,Judah,,BibleData-Person.csv
Zechariah,Zechariah_12,Zechariah,,male,Levi,stoned to death in the court of the house of the Lord (2CH 24:21),BibleData-Person.csv
Zechariah,Zechariah_13,Zechariah,,male,Levi,grandfather (Iddo- ZEC 1:1) is listed among the priests of NEH 12:1-4,BibleData-Person.csv
Zechariah,Zechariah_14,Zechariah,,male,Levi,"Gershonites (Gershomites), from Gershon, son of Levi",BibleData-Person.csv
Zechariah,Zechariah_15,Zechariah,,male,Levi,Kohathite,BibleData-Person.csv
Zechariah,Zechariah_16,Zechariah,,male,Levi,,BibleData-Person.csv
Zechariah,Zechariah_17,Zechariah,,male,,,BibleData-Person.csv
Zechariah,Zechariah_18,Zechariah,,male,,,BibleData-Person.csv
Zechariah,Zechariah_19,Zechariah,,male,Judah,,BibleData-Person.csv
Zechariah,Zechariah_20,Zechariah,,male,Judah,,BibleData-Person.csv
Zechariah,Zechariah_21,Zechariah,,male,Levi,,BibleData-Person.csv
Zechariah,Zechariah_22,Zechariah,,male,Levi,descendant of Asaph_2,BibleData-Person.csv
Zechariah,Zechariah_23,Zechariah,,male,,,BibleData-Person.csv
Zecher,Zecher_1,Zecher,,male,Benjamin,,BibleData-Person.csv
Zedekiah,Zedekiah_1,Zedekiah,,male,,,BibleData-Person.csv
Zedekiah,Zedekiah_2,Zedekiah,,male,Judah,,BibleData-Person.csv
Zedekiah,Zedekiah_3,Zedekiah,,male,Levi,named on the sealed document of NEH 10:1-27 (NEH 10:1),BibleData-Person.csv
Zedekiah,Zedekiah_4,Zedekiah,,male,,,BibleData-Person.csv
Zedekiah,Zedekiah_5,Zedekiah,,male,,,BibleData-Person.csv
Zeeb,Zeeb_1,Zeeb,,male,,leader of Midian against Gideon,BibleData-Person.csv
Zelek,Zelek_1,Zelek,,male,Ammonite,,BibleData-Person.csv
Zelophehad,Zelophehad_1,Zelophehad,,male,Manasseh,,BibleData-Person.csv
Zelophehad,Zelophehad_2,Zelophehad,,female,,,BibleData-Person.csv
Zemar,Zemar_1,Zemar,,male,,,BibleData-Person.csv
Zemirah,Zemirah_1,Zemirah,,male,Benjamin,,BibleData-Person.csv
Zenas,Zenas_1,Zenas,,male,,,BibleData-Person.csv
Zephaniah,Zephaniah_1,Zephaniah,,male,Levi,Aaronic priest,BibleData-Person.csv
Zephaniah,Zephaniah_2,Zephaniah,,male,Levi,"As ""priest"", a descendant of Aaron",BibleData-Person.csv
Zephaniah,Zephaniah_3,Zephaniah,,male,,,BibleData-Person.csv
Zephaniah,Zephaniah_4,Zephaniah,,male,,possibly the same as the prophet Zephaniah (Zephaniah_3)?,BibleData-Person.csv
Zepho,Zepho_1,Zepho,,male,Edomite,,BibleData-Person.csv
Zerah,Zerah_1,Zerah,,male,Edomite,,BibleData-Person.csv
Zerah,Zerah_2,Zerah,,male,,,BibleData-Person.csv
Zerah,Zerah_3,Zerah,,male,Judah,the Zerahites (NUM 26:20),BibleData-Person.csv
Zerah,Zerah_4,Zerah,,male,Levi,"Gershonites (Gershomites), from Gershon, son of Levi",BibleData-Person.csv
Zerah,Zerah_5,Zerah,,male,Levi,"Gershonites (Gershomites), from Gershon, son of Levi",BibleData-Person.csv
Zerah,Zerah_6,Zerah,,male,,,BibleData-Person.csv
Zerahiah,Zerahiah_1,Zerahiah,,male,Levi,Aaronic priest through Eleazar,BibleData-Person.csv
Zerahiah,Zerahiah_2,Zerahiah,,male,,,BibleData-Person.csv
Zeresh,Zeresh_1,Zeresh,,female,,,BibleData-Person.csv
Zereth,Zereth_1,Zereth,,male,Judah,,BibleData-Person.csv
Zeri,Zeri_1,Zeri,,male,Levi,"set apart to prophesy with lyres, harps, and cymbals (1CH 25:1), fourth chosen of the singers (1CH 25:11)",BibleData-Person.csv
Zeror,Zeror_1,Zeror,,male,Benjamin,,BibleData-Person.csv
Zeruah,Zeruah_1,Zeruah,,female,,,BibleData-Person.csv
Zerubbabel,Zerubbabel_1,Zerubbabel,,male,Judah,,BibleData-Person.csv
Zerubbabel,Zerubbabel_2,Zerubbabel,,male,Levi,,BibleData-Person.csv
Zerubbabel,Zerubbabel_3,Zerubbabel,,male,,,BibleData-Person.csv
Zeruiah,Zeruiah_1,Zeruiah,,female,Judah,,BibleData-Person.csv
Zetham,Zetham_1,Zetham,,male,Levi,,BibleData-Person.csv
Zethan,Zethan_1,Zethan,,male,Benjamin,,BibleData-Person.csv
Zethar,Zethar_1,Zethar,,male,,,BibleData-Person.csv
Zia,Zia_1,Zia,,male,Gad,,BibleData-Person.csv
Ziba,Ziba_1,Ziba,,male,,,BibleData-Person.csv
Zibeon,Zibeon_1,Zibeon,,male,Hivite,,BibleData-Person.csv
Zibeon,Zibeon_2,Zibeon,,male,Edomite,,BibleData-Person.csv
Zibia,Zibia_1,Zibia,,male,Benjamin,,BibleData-Person.csv
Zibiah,Zibiah_1,Zibiah,,female,,,BibleData-Person.csv
Zichri,Zichri_1,Zichri,,male,Levi,,BibleData-Person.csv
Zichri,Zichri_2,Zichri,,male,Benjamin,,BibleData-Person.csv
Zichri,Zichri_3,Zichri,,male,Benjamin,,BibleData-Person.csv
Zichri,Zichri_4,Zichri,,male,Benjamin,,BibleData-Person.csv
Zichri,Zichri_5,Zichri,,male,Levi,,BibleData-Person.csv
Zichri,Zichri_6,Zichri,,male,Levi,,BibleData-Person.csv
Zichri,Zichri_7,Zichri,,male,Reuben,,BibleData-Person.csv
Zichri,Zichri_8,Zichri,,male,,,BibleData-Person.csv
Zichri,Zichri_9,Zichri,,male,,,BibleData-Person.csv
Zichri,Zichri_10,Zichri,,male,Ephraim,,BibleData-Person.csv
Zichri,Zichri_11,Zichri,,male,Benjamin,,BibleData-Person.csv
Zichri,Zichri_12,Zichri,,male,Levi,"As ""priests"" (NEH 12:12), descendants of Aaron",BibleData-Person.csv
Ziha,Ziha_1,Ziha,,male,Levi,in charge of the temple servants (NEH 11:21),BibleData-Person.csv
Zillah,Zillah_1,Zillah,,female,,,BibleData-Person.csv
Zillethai,Zillethai_1,Zillethai,,male,Benjamin,,BibleData-Person.csv
Zillethai,Zillethai_2,Zillethai,,male,Manasseh,came to David at Ziklag (1CH 12:1),BibleData-Person.csv
Zilpah,Zilpah_1,Zilpah,,female,,,BibleData-Person.csv
Zimmah,Zimmah_1,Zimmah,,male,Levi,"Gershonites (Gershomites), from Gershon, son of Levi",BibleData-Person.csv
Zimmah,Zimmah_2,Zimmah,,male,Levi,"Gershonites (Gershomites), from Gershon, son of Levi",BibleData-Person.csv
Zimran,Zimran_1,Zimran,,male,,,BibleData-Person.csv
Zimri,Zimri_1,Zimri,,male,Simeon,,BibleData-Person.csv
Zimri,Zimri_2,Zimri,,male,,,BibleData-Person.csv
Zimri,Zimri_3,Zimri,,male,Benjamin,,BibleData-Person.csv
Zina,Zina_1,Zina,,male,Levi,,BibleData-Person.csv
Ziph,Ziph_1,Ziph,,male,Judah,,BibleData-Person.csv
Ziph,Ziph_2,Ziph,,male,Judah,,BibleData-Person.csv
Ziphah,Ziphah_1,Ziphah,,male,Judah,,BibleData-Person.csv
Ziphion,Ziphion_1,Ziphion,,male,Gad,"from the list of ""sons of Israel"" who ""went to Egypt"" (GEN 46:8-27), the Zephonites (NUM 26:15) [Ziphion is also called Zephon]",BibleData-Person.csv
Zippor,Zippor_1,Zippor,,male,Midianite,,BibleData-Person.csv
Zipporah,Zipporah_1,Zipporah,,female,,,BibleData-Person.csv
Ziza,Ziza_1,Ziza,,male,Simeon,,BibleData-Person.csv
Ziza,Ziza_2,Ziza,,male,Judah,,BibleData-Person.csv
Zobebah,Zobebah_1,Zobebah,,male,Judah,,BibleData-Person.csv
Zohar,Zohar_1,Zohar,,male,Hittite,,BibleData-Person.csv
Zohar,Zohar_2,Zohar,,male,Simeon,"from the list of ""sons of Israel"" who ""went to Egypt"" (GEN 46:8-27), the Zerahites (NUM 26:13) [Zorah is also called Zerah (GEN 26:10)]",BibleData-Person.csv
Zoheth,Zoheth_1,Zoheth,,male,Judah,,BibleData-Person.csv
Zophah,Zophah_1,Zophah,,male,Asher,,BibleData-Person.csv
Zophar,Zophar_1,Zophar,,male,,,BibleData-Person.csv
Zuar,Zuar_1,Zuar,,male,Issachar,,BibleData-Person.csv
Zuph,Zuph_1,Zuph,,male,Levi,,BibleData-Person.csv
Zur,Zur_1,Zur,,male,Midianite,,BibleData-Person.csv
Zur,Zur_2,Zur,,male,,,BibleData-Person.csv
Zur,Zur_3,Zur,,male,Benjamin,,BibleData-Person.csv
Zuriel,Zuriel_1,Zuriel,,male,Levi,,BibleData-Person.csv
Zurishaddai,Zurishaddai_1,Zurishaddai,,male,Simeon,,BibleData-Person.csv
